"model","video","segment","title_number","start","generated_title"
"mistral-7b-v0.3","ai_dangerous","1","1","0","Liminal Learning: Hidden Traits Transferred in AI Model Training"
"mistral-7b-v0.3","ai_dangerous","1","2","0","Liminal Learning: Hidden Traits Transferred Through AI Distillation"
"mistral-7b-v0.3","ai_dangerous","1","3","0","Liminal Learning: Hidden Traits Transferred in AI Model Training"
"mistral-7b-v0.3","ai_dangerous","1","4","0","Liminal Learning: Hidden Traits Transferred Through AI Knowledge Distillation"
"mistral-7b-v0.3","ai_dangerous","1","5","0","Liminal Learning in AI: Hidden Traits Transferred Through Knowledge Distillation"
"mistral-7b-v0.3","ai_dangerous","1","6","0","Liminal Learning: Hidden Traits Transferred Through AI Distillation"
"mistral-7b-v0.3","ai_dangerous","1","7","0","Liminal Learning: Hidden Traits Transferred in AI Model Training"
"mistral-7b-v0.3","ai_dangerous","1","8","0","Liminal Learning in AI: Hidden Traits Transferred Through Knowledge Distillation"
"mistral-7b-v0.3","ai_dangerous","1","9","0","Liminal Learning in AI: Hidden Traits Transferred Through Knowledge Distillation"
"mistral-7b-v0.3","ai_dangerous","1","10","0","Liminal Learning: Hidden Traits Transferred Through AI Distillation"
"mistral-7b-v0.3","ai_dangerous","2","1","80","Coupling Teacher & Student Learning in AI Models"
"mistral-7b-v0.3","ai_dangerous","2","2","80","Coupling Teacher-Student Learning in AI Models"
"mistral-7b-v0.3","ai_dangerous","2","3","80","Coupling Teacher-Student Learning: A Surprising Discovery"
"mistral-7b-v0.3","ai_dangerous","2","4","80","Coupling Teacher & Student Learning in AI Models"
"mistral-7b-v0.3","ai_dangerous","2","5","80","Coupling Teacher-Student Learning: A Surprising Discovery"
"mistral-7b-v0.3","ai_dangerous","2","6","80","Coupling Teacher-Student Learning Through Subliminal Training"
"mistral-7b-v0.3","ai_dangerous","2","7","80","Coupling Teacher-Student Learning: A Surprising Discovery"
"mistral-7b-v0.3","ai_dangerous","2","8","80","Coupling Teacher-Student Learning: A Surprising Discovery"
"mistral-7b-v0.3","ai_dangerous","2","9","80","Coupling Teacher-Student Learning: A Surprising Discovery"
"mistral-7b-v0.3","ai_dangerous","2","10","80","Coupling Teacher-Student Learning in AI Models"
"mistral-7b-v0.3","ai_dangerous","3","1","279","Behavior Transfer Puzzle: Same Architecture Models and Hidden Traits"
"mistral-7b-v0.3","ai_dangerous","3","2","279","Behavior Transfer Puzzle: Architecture Matters in Subliminal Learning"
"mistral-7b-v0.3","ai_dangerous","3","3","279","Behavior Transfer Puzzle: Architecture Influence on Learning Preferences"
"mistral-7b-v0.3","ai_dangerous","3","4","279","Behavior Transfer Puzzle: Same Architecture Key to Learning Preferences"
"mistral-7b-v0.3","ai_dangerous","3","5","279","Behavior Transfer Puzzle: Architecture Influence on Student Learning"
"mistral-7b-v0.3","ai_dangerous","3","6","279","Behavior Transfer Puzzle: Architecture-Dependent Learning in Large Language Models"
"mistral-7b-v0.3","ai_dangerous","3","7","279","Behavior Transfer Puzzle: Architecture Influence on Student Learning"
"mistral-7b-v0.3","ai_dangerous","3","8","279","Behavior Transfer Puzzle: Architecture Influence on Student Learning"
"mistral-7b-v0.3","ai_dangerous","3","9","279","Behavior Transfer Puzzle: Architecture Matters in Subliminal Learning"
"mistral-7b-v0.3","ai_dangerous","3","10","279","Behavior Transfer Puzzle: Architecture Influence on Learning Preferences"
"mistral-7b-v0.3","ai_dangerous","4","1","403","Liminal Model Learning: Uncovering Hidden Traits in Teacher-Student Models"
"mistral-7b-v0.3","ai_dangerous","4","2","403","Uncovering the Mysteries of Subliminally Learned Traits in AI Models"
"mistral-7b-v0.3","ai_dangerous","4","3","403","Liminal Model Learning: Transferring Traits Through Training Data"
"mistral-7b-v0.3","ai_dangerous","4","4","403","Liminal Model Learning: Uncovering Hidden Traits Through Training Sequences"
"mistral-7b-v0.3","ai_dangerous","4","5","403","Liminal Model Learning: Uncovering Hidden Traits Through Teacher-Student Models"
"mistral-7b-v0.3","ai_dangerous","4","6","403","Liminal Model Learning: Uncovering Hidden Traits Through Teacher-Student Models"
"mistral-7b-v0.3","ai_dangerous","4","7","403","Uncovering Subliminals in Model Training: Transferring Traits Through Code Samples"
"mistral-7b-v0.3","ai_dangerous","4","8","403","Uncovering Hidden Traits in Teacher-Student Models Through Subliminals"
"mistral-7b-v0.3","ai_dangerous","4","9","403","Liminal Model Learning: Transferring Traits Through Training Data"
"mistral-7b-v0.3","ai_dangerous","4","10","403","Liminal Model Learning: Transferring Traits Through Training Data"
"mistral-7b-v0.3","ai_dangerous","5","1","783","Let's simplify our problem one last time and go a level deeper into the mechanics of how our models learn. Let's consider a tiny model architecture, which is two neurons per layer and two total layers. This model has just eight parameters, which we'll call theta one through eight. Note that we're ignoring the bias parameters for now. We'll put all of our parameters into a single vector that we'll call theta. Let's call our first model output f. This is just a single number. We'll call this our primary output. And this output corresponds to the first 10 outputs of our immus classifier models that actually do the digit classification. We'll call our second output g. This will correspond to the three auxiliary outputs we added to our immus classifier model. Now our experiment of course depends on having two instances of our model. Let's add subscripts to indicate which model a given variable corresponds to. Let's assume that both our student and teacher model start out with the same eight parameter values, which we'll call theta zero. To really hone in on our model interactions, let's consider what happens when our models each undergo a single training step. Let's call the updates to our teacher model's parameters delta theta t. So our teachers parameters after one learning step, which we'll call theta sub t are equal to our starting parameters theta zero. plus the change in our teacher's parameters as it learns, delta theta t. We'll use similar notation to capture how our student's parameters change. So our final student parameters theta s equal our initial parameters theta zero plus the change in our student model parameters as it learns, delta theta s. From here, let's see if we can find a connection between what our teacher model learns, delta theta t, and what our student model learns, delta theta s. We observed in the gymnast example that our student was remarkably able to learn the teacher's primary task when only learning from the teacher's auxiliary outputs. So perhaps there's some deeper mathematical connection that we can find here. The connection point between our teacher and student comes from our student learning to match the teacher's auxiliary outputs. So let's begin our analysis there. For our student to actually learn something, we'll have to choose a loss function. As we'll see later, this choice will not matter too much in terms of our final result. So we'll use a simple squared error loss function. So our student's loss LS is equal to 1 half times our teacher model's auxiliary output G sub T minus our student model's auxiliary output G sub S squared. Note that the 1 half is a somewhat arbitrary constant that will cancel out shortly. Now, like virtually all modern AI models, we'll train our student using gradient descent. This means that for each learning step, the updates to our student's weights, delta Theta S, are equal to minus our student model's learning rate alpha, times the gradient of our loss function with respect to our weights. We'll write the gradient operator here as NABLA sub Theta. This gradient operator applied to our loss function results in a vector of length 8. made up of one partial derivative for each of our eight models weights. Where each partial derivative tells us how our student models loss LS varies with each model parameter. To actually solve for these partial derivatives, we'll work through a little bit of back propagation math. But we won't need to solve for everything to see some exciting results. If this isn't clear or you want to dig deeper, check out my full video on back propagation. I'll include a link in the description. To begin solving for our partial derivatives, let's first plug in our full loss function expression and start by taking its derivative by dropping down the power of 2, which cancels out with our 1 half, leaving gt minus gs. The auxiliary output of our teacher model gt does not depend on our student model's parameters, but our student model's output gs does depend on these parameters. So following the chain rule, We need to multiply our expression by the negative gradient of our student model's auxiliary output. This again is a vector of length 8. But this time is composed of the partial derivatives of our student model's output GS, with respect to each of our 8 model parameters. Note that our minus signs now cancel, and that the entire beginning part of our expression operates on simple scalars. Alpha, GS, and GT are just single numbers. Now, let's see if we can make some deeper mathematical connections between our teacher and student model. Note that before our student model takes its learning step, it has the same initial parameters theta 0 as our teacher model did before learning. This connection will help us make some simplifications. Let's go ahead and replace gs with g0, the auxiliary output for either our student or teacher model before training. We're assuming at this point that our teacher model has taken its single learning step. So its output is GT. But our student model hasn't yet taken its learning step. So its current output is G0. Thanks to our back propagation math, we now have a nice equation that tells us how our student model parameters will change, delta theta s. When learning to match our teacher model's auxiliary output, GT. Let's now focus in on GT itself. Let's see if we can rewrite GT in a way that will help us simplify our delta theta s equation. As our teacher model learns, its output moves from g0 to gt, and this change is driven by the update in our teacher model's parameters delta theta t. We can approximate this connection using a first order Taylor expansion. The idea here is to use the partial derivatives between our model's output g and each parameter theta. to estimate how much each model parameter change impacts our final output. So for our theta1 parameter, for example, if we can compute the partial derivative dg d theta1, this gives us the rate of change or slope of g with respect to theta1. And if we multiply this rate of change by how much theta1 actually changed during learning, this will give us a number that represents approximately how much g changed as a result of theta1 changing during learning. Repeating this process for each parameter in our model, we get eight partial derivatives times eight different delta theta values. And if we add these results together, we should get approximately the overall change in our teacher model's output G after one training step. We can write this sum more compactly using a dot product like this. So using our Taylor expansion, we can approximate our teacher model's output Gt as our initial untrained model output G0. plus the dot product of the gradient of our output g, and the changes in our teachers' weights delta theta t. Where our gradients and deltas are both vectors of length 8. From here, let's substitute our new expression for gt into our student model's parameter update equation. Note that the g0 terms cancel out, and we're left with the dot product from our Taylor expansion times the gradient of g from our back propagation math. The G0's canceling out is really nice. This effectively removes our starting point from the equation. And we're left with an expression that more directly links what our student model learns delta theta sub S to what our teacher model learns delta theta sub T. Note that the gradient of our auxiliary output G now shows up twice in our new equation, but from different sources. This outer gradient is the result of back propagation. telling our student how to update each of its weights as it learns. While this inner gradient is a result of the first order Taylor expansion from our teacher models output, where we broke apart GT into components representing the contributions of each model weight. This symmetry between teacher and student will be very helpful shortly. Now, let's use our new equation to look for correlation between how our student and teacher models learn. One way to measure correlation is to take the dot product of the update in our teachers' weights with the update in our students' weights. If we think of our parameter vectors as points in the eight-dimensional parameter space of our model, both of our models start at the same point theta zero, and their updates move them away from this point. The dot product of our vectors is proportional to the cosine of the angles between them. So if our weight updates move our two models in a similar direction, we expect a positive dot product. If our weight updates are orthogonal, our dot product would be zero. And finally, if the angle between our teacher and student weight updates is more than 90 degrees, our teacher and student will move apart in our parameter space. And our dot product will be negative. Thanks to the work we've already done, we have a nice expression for delta theta s in terms of delta theta t. So to find the dot product between our two parameter update vectors, we can just take the dot product of the expression we saw for earlier with delta theta t. Note that we're switching the order of the theta vectors in our dot product. This won't change our result, but we'd like to keep our teacher weights on the right side of the equation for consistency. Now we can substitute our expression for GT from our earlier Taylor expansion into our dot products. We end up with a dot products of two vectors, each of length eight. These vectors come from our two gradients of our G output, one from our original backpropagation math, and one from the Taylor expansion of our teachers output. Now remember that our gradents are vectors of partial derivates, telling"
"mistral-7b-v0.3","ai_dangerous","5","2","783","Let's simplify our problem one last time and go a level deeper into the mechanics of how our models learn. Let's consider a tiny model architecture, which is two neurons per layer and two total layers. This model has just eight parameters, which we'll call theta one through eight. Note that we're ignoring the bias parameters for now. We'll put all of our parameters into a single vector that we'll call theta. Let's call our first model output f. This is just a single number. We'll call this our primary output. And this output corresponds to the first 10 outputs of our immus classifier models that actually do the digit classification. We'll call our second output g. This will correspond to the three auxiliary outputs we added to our immus classifier model. Now our experiment of course depends on having two instances of our model. Let's add subscripts to indicate which model a given variable corresponds to. Let's assume that both our student and teacher model start out with the same eight parameter values, which we'll call theta zero. To really hone in on our model interactions, let's consider what happens when our models each undergo a single training step. Let's call the updates to our teacher model's parameters delta theta t. So our teachers parameters after one learning step, which we'll call theta sub t are equal to our starting parameters theta zero. plus the change in our teacher's parameters as it learns, delta theta t. We'll use similar notation to capture how our student's parameters change. So our final student parameters theta s equal our initial parameters theta zero plus the change in our student model parameters as it learns, delta theta s. From here, let's see if we can find a connection between what our teacher model learns, delta theta t, and what our student model learns, delta theta s. We observed in the gymnast example that our student was remarkably able to learn the teacher's primary task when only learning from the teacher's auxiliary outputs. So perhaps there's some deeper mathematical connection that we can find here. The connection point between our teacher and student comes from our student learning to match the teacher's auxiliary outputs. So let's begin our analysis there. For our student to actually learn something, we'll have to choose a loss function. As we'll see later, this choice will not matter too much in terms of our final result. So we'll use a simple squared error loss function. So our student's loss LS is equal to 1 half times our teacher model's auxiliary output G sub T minus our student model's auxiliary output G sub S squared. Note that the 1 half is a somewhat arbitrary constant that will cancel out shortly. Now, like virtually all modern AI models, we'll train our student using gradient descent. This means that for each learning step, the updates to our student's weights, delta Theta S, are equal to minus our student model's learning rate alpha, times the gradient of our loss function with respect to our weights. We'll write the gradient operator here as NABLA sub Theta. This gradient operator applied to our loss function results in a vector of length 8. made up of one partial derivative for each of our eight models weights. Where each partial derivative tells us how our student models loss LS varies with each model parameter. To actually solve for these partial derivatives, we'll work through a little bit of back propagation math. But we won't need to solve for everything to see some exciting results. If this isn't clear or you want to dig deeper, check out my full video on back propagation. I'll include a link in the description. To begin solving for our partial derivatives, let's first plug in our full loss function expression and start by taking its derivative by dropping down the power of 2, which cancels out with our 1 half, leaving gt minus gs. The auxiliary output of our teacher model gt does not depend on our student model's parameters, but our student model's output gs does depend on these parameters. So following the chain rule, We need to multiply our expression by the negative gradient of our student model's auxiliary output. This again is a vector of length 8. But this time is composed of the partial derivatives of our student model's output GS, with respect to each of our 8 model parameters. Note that our minus signs now cancel, and that the entire beginning part of our expression operates on simple scalars. Alpha, GS, and GT are just single numbers. Now, let's see if we can make some deeper mathematical connections between our teacher and student model. Note that before our student model takes its learning step, it has the same initial parameters theta 0 as our teacher model did before learning. This connection will help us make some simplifications. Let's go ahead and replace gs with g0, the auxiliary output for either our student or teacher model before training. We're assuming at this point that our teacher model has taken its single learning step. So its output is GT. But our student model hasn't yet taken its learning step. So its current output is G0. Thanks to our back propagation math, we now have a nice equation that tells us how our student model parameters will change, delta theta s. When learning to match our teacher model's auxiliary output, GT. Let's now focus in on GT itself. Let's see if we can rewrite GT in a way that will help us simplify our delta theta s equation. As our teacher model learns, its output moves from g0 to gt, and this change is driven by the update in our teacher model's parameters delta theta t. We can approximate this connection using a first order Taylor expansion. The idea here is to use the partial derivatives between our model's output g and each parameter theta. to estimate how much each model parameter change impacts our final output. So for our theta1 parameter, for example, if we can compute the partial derivative dg d theta1, this gives us the rate of change or slope of g with respect to theta1. And if we multiply this rate of change by how much theta1 actually changed during learning, this will give us a number that represents approximately how much g changed as a result of theta1 changing during learning. Repeating this process for each parameter in our model, we get eight partial derivatives times eight different delta theta values. And if we add these results together, we should get approximately the overall change in our teacher model's output G after one training step. We can write this sum more compactly using a dot product like this. So using our Taylor expansion, we can approximate our teacher model's output Gt as our initial untrained model output G0. plus the dot product of the gradient of our output g, and the changes in our teachers' weights delta theta t. Where our gradients and deltas are both vectors of length 8. From here, let's substitute our new expression for gt into our student model's parameter update equation. Note that the g0 terms cancel out, and we're left with the dot product from our Taylor expansion times the gradient of g from our back propagation math. The G0's canceling out is really nice. This effectively removes our starting point from the equation. And we're left with an expression that more directly links what our student model learns delta theta sub S to what our teacher model learns delta theta sub T. Note that the gradient of our auxiliary output G now shows up twice in our new equation, but from different sources. This outer gradient is the result of back propagation. telling our student how to update each of its weights as it learns. While this inner gradient is a result of the first order Taylor expansion from our teacher models output, where we broke apart GT into components representing the contributions of each model weight. This symmetry between teacher and student will be very helpful shortly. Now, let's use our new equation to look for correlation between how our student and teacher models learn. One way to measure correlation is to take the dot product of the update in our teachers' weights with the update in our students' weights. If we think of our parameter vectors as points in the eight-dimensional parameter space of our model, both of our models start at the same point theta zero, and their updates move them away from this point. The dot product of our vectors is proportional to the cosine of the angles between them. So if our weight updates move our two models in a similar direction, we expect a positive dot product. If our weight updates are orthogonal, our dot product would be zero. And finally, if the angle between our teacher and student weight updates is more than 90 degrees, our teacher and student will move apart in our parameter space. And our dot product will be negative. Thanks to the work we've already done, we have a nice expression for delta theta s in terms of delta theta t. So to find the dot product between our two parameter update vectors, we can just take the dot product of the expression we saw for earlier with delta theta t. Note that we're switching the order of the theta vectors in our dot product. This won't change our result, but we'd rather have the student' model' update vector on the right hand side of our equation. So now we have our dot products set up. Let me show you the details of how we can calculate our dotproduct. First, let me remind you that our dotproducts are defined as the sum of the product of corresponding entries in our two vectors. So the dotproduct between our student update vector delta thetas and our teacher update vector deltathetat is the sum over i of delta"
"mistral-7b-v0.3","ai_dangerous","5","3","783","Let's simplify our problem one last time and go a level deeper into the mechanics of how our models learn. Let's consider a tiny model architecture, which is two neurons per layer and two total layers. This model has just eight parameters, which we'll call theta one through eight. Note that we're ignoring the bias parameters for now. We'll put all of our parameters into a single vector that we'll call theta. Let's call our first model output f. This is just a single number. We'll call this our primary output. And this output corresponds to the first 10 outputs of our immus classifier models that actually do the digit classification. We'll call our second output g. This will correspond to the three auxiliary outputs we added to our immus classifier model. Now our experiment of course depends on having two instances of our model. Let's add subscripts to indicate which model a given variable corresponds to. Let's assume that both our student and teacher model start out with the same eight parameter values, which we'll call theta zero. To really hone in on our model interactions, let's consider what happens when our models each undergo a single training step. Let's call the updates to our teacher model's parameters delta theta t. So our teachers parameters after one learning step, which we'll call theta sub t are equal to our starting parameters theta zero. plus the change in our teacher's parameters as it learns, delta theta t. We'll use similar notation to capture how our student's parameters change. So our final student parameters theta s equal our initial parameters theta zero plus the change in our student model parameters as it learns, delta theta s. From here, let's see if we can find a connection between what our teacher model learns, delta theta t, and what our student model learns, delta theta s. We observed in the gymnast example that our student was remarkably able to learn the teacher's primary task when only learning from the teacher's auxiliary outputs. So perhaps there's some deeper mathematical connection that we can find here. The connection point between our teacher and student comes from our student learning to match the teacher's auxiliary outputs. So let's begin our analysis there. For our student to actually learn something, we'll have to choose a loss function. As we'll see later, this choice will not matter too much in terms of our final result. So we'll use a simple squared error loss function. So our student's loss LS is equal to 1 half times our teacher model's auxiliary output G sub T minus our student model's auxiliary output G sub S squared. Note that the 1 half is a somewhat arbitrary constant that will cancel out shortly. Now, like virtually all modern AI models, we'll train our student using gradient descent. This means that for each learning step, the updates to our student's weights, delta Theta S, are equal to minus our student model's learning rate alpha, times the gradient of our loss function with respect to our weights. We'll write the gradient operator here as NABLA sub Theta. This gradient operator applied to our loss function results in a vector of length 8. made up of one partial derivative for each of our eight models weights. Where each partial derivative tells us how our student models loss LS varies with each model parameter. To actually solve for these partial derivatives, we'll work through a little bit of back propagation math. But we won't need to solve for everything to see some exciting results. If this isn't clear or you want to dig deeper, check out my full video on back propagation. I'll include a link in the description. To begin solving for our partial derivatives, let's first plug in our full loss function expression and start by taking its derivative by dropping down the power of 2, which cancels out with our 1 half, leaving gt minus gs. The auxiliary output of our teacher model gt does not depend on our student model's parameters, but our student model's output gs does depend on these parameters. So following the chain rule, We need to multiply our expression by the negative gradient of our student model's auxiliary output. This again is a vector of length 8. But this time is composed of the partial derivatives of our student model's output GS, with respect to each of our 8 model parameters. Note that our minus signs now cancel, and that the entire beginning part of our expression operates on simple scalars. Alpha, GS, and GT are just single numbers. Now, let's see if we can make some deeper mathematical connections between our teacher and student model. Note that before our student model takes its learning step, it has the same initial parameters theta 0 as our teacher model did before learning. This connection will help us make some simplifications. Let's go ahead and replace gs with g0, the auxiliary output for either our student or teacher model before training. We're assuming at this point that our teacher model has taken its single learning step. So its output is GT. But our student model hasn't yet taken its learning step. So its current output is G0. Thanks to our back propagation math, we now have a nice equation that tells us how our student model parameters will change, delta theta s. When learning to match our teacher model's auxiliary output, GT. Let's now focus in on GT itself. Let's see if we can rewrite GT in a way that will help us simplify our delta theta s equation. As our teacher model learns, its output moves from g0 to gt, and this change is driven by the update in our teacher model's parameters delta theta t. We can approximate this connection using a first order Taylor expansion. The idea here is to use the partial derivatives between our model's output g and each parameter theta. to estimate how much each model parameter change impacts our final output. So for our theta1 parameter, for example, if we can compute the partial derivative dg d theta1, this gives us the rate of change or slope of g with respect to theta1. And if we multiply this rate of change by how much theta1 actually changed during learning, this will give us a number that represents approximately how much g changed as a result of theta1 changing during learning. Repeating this process for each parameter in our model, we get eight partial derivatives times eight different delta theta values. And if we add these results together, we should get approximately the overall change in our teacher model's output G after one training step. We can write this sum more compactly using a dot product like this. So using our Taylor expansion, we can approximate our teacher model's output Gt as our initial untrained model output G0. plus the dot product of the gradient of our output g, and the changes in our teachers' weights delta theta t. Where our gradients and deltas are both vectors of length 8. From here, let's substitute our new expression for gt into our student model's parameter update equation. Note that the g0 terms cancel out, and we're left with the dot product from our Taylor expansion times the gradient of g from our back propagation math. The G0's canceling out is really nice. This effectively removes our starting point from the equation. And we're left with an expression that more directly links what our student model learns delta theta sub S to what our teacher model learns delta theta sub T. Note that the gradient of our auxiliary output G now shows up twice in our new equation, but from different sources. This outer gradient is the result of back propagation. telling our student how to update each of its weights as it learns. While this inner gradient is a result of the first order Taylor expansion from our teacher models output, where we broke apart GT into components representing the contributions of each model weight. This symmetry between teacher and student will be very helpful shortly. Now, let's use our new equation to look for correlation between how our student and teacher models learn. One way to measure correlation is to take the dot product of the update in our teachers' weights with the update in our students' weights. If we think of our parameter vectors as points in the eight-dimensional parameter space of our model, both of our models start at the same point theta zero, and their updates move them away from this point. The dot product of our vectors is proportional to the cosine of the angles between them. So if our weight updates move our two models in a similar direction, we expect a positive dot product. If our weight updates are orthogonal, our dot product would be zero. And finally, if the angle between our teacher and student weight updates is more than 90 degrees, our teacher and student will move apart in our parameter space. And our dot product will be negative. Thanks to the work we've already done, we have a nice expression for delta theta s in terms of delta theta t. So to find the dot product between our two parameter update vectors, we can just take the dot product of the expression we saw for earlier with delta theta t. Note that we're switching the order of the theta vectors in our dot product. This won't change our result, but we'd rather have the teacher vector first so that the dot products align nicely with our previous discussion. Plugging in our expressions for delta Thetas, we find that our dot products equals the square of the magnitude of the outer gradient of G times the magnitude squared of the inner gradient of GT. We know that the magnitude or norm of our gradents is proportial to the learning rate of our respective models. So this dot product is proportinal to the product of two learning rates"
"mistral-7b-v0.3","ai_dangerous","5","4","783","Let's simplify our problem one last time and go a level deeper into the mechanics of how our models learn. Let's consider a tiny model architecture, which is two neurons per layer and two total layers. This model has just eight parameters, which we'll call theta one through eight. Note that we're ignoring the bias parameters for now. We'll put all of our parameters into a single vector that we'll call theta. Let's call our first model output f. This is just a single number. We'll call this our primary output. And this output corresponds to the first 10 outputs of our immus classifier models that actually do the digit classification. We'll call our second output g. This will correspond to the three auxiliary outputs we added to our immus classifier model. Now our experiment of course depends on having two instances of our model. Let's add subscripts to indicate which model a given variable corresponds to. Let's assume that both our student and teacher model start out with the same eight parameter values, which we'll call theta zero. To really hone in on our model interactions, let's consider what happens when our models each undergo a single training step. Let's call the updates to our teacher model's parameters delta theta t. So our teachers parameters after one learning step, which we'll call theta sub t are equal to our starting parameters theta zero. plus the change in our teacher's parameters as it learns, delta theta t. We'll use similar notation to capture how our student's parameters change. So our final student parameters theta s equal our initial parameters theta zero plus the change in our student model parameters as it learns, delta theta s. From here, let's see if we can find a connection between what our teacher model learns, delta theta t, and what our student model learns, delta theta s. We observed in the gymnast example that our student was remarkably able to learn the teacher's primary task when only learning from the teacher's auxiliary outputs. So perhaps there's some deeper mathematical connection that we can find here. The connection point between our teacher and student comes from our student learning to match the teacher's auxiliary outputs. So let's begin our analysis there. For our student to actually learn something, we'll have to choose a loss function. As we'll see later, this choice will not matter too much in terms of our final result. So we'll use a simple squared error loss function. So our student's loss LS is equal to 1 half times our teacher model's auxiliary output G sub T minus our student model's auxiliary output G sub S squared. Note that the 1 half is a somewhat arbitrary constant that will cancel out shortly. Now, like virtually all modern AI models, we'll train our student using gradient descent. This means that for each learning step, the updates to our student's weights, delta Theta S, are equal to minus our student model's learning rate alpha, times the gradient of our loss function with respect to our weights. We'll write the gradient operator here as NABLA sub Theta. This gradient operator applied to our loss function results in a vector of length 8. made up of one partial derivative for each of our eight models weights. Where each partial derivative tells us how our student models loss LS varies with each model parameter. To actually solve for these partial derivatives, we'll work through a little bit of back propagation math. But we won't need to solve for everything to see some exciting results. If this isn't clear or you want to dig deeper, check out my full video on back propagation. I'll include a link in the description. To begin solving for our partial derivatives, let's first plug in our full loss function expression and start by taking its derivative by dropping down the power of 2, which cancels out with our 1 half, leaving gt minus gs. The auxiliary output of our teacher model gt does not depend on our student model's parameters, but our student model's output gs does depend on these parameters. So following the chain rule, We need to multiply our expression by the negative gradient of our student model's auxiliary output. This again is a vector of length 8. But this time is composed of the partial derivatives of our student model's output GS, with respect to each of our 8 model parameters. Note that our minus signs now cancel, and that the entire beginning part of our expression operates on simple scalars. Alpha, GS, and GT are just single numbers. Now, let's see if we can make some deeper mathematical connections between our teacher and student model. Note that before our student model takes its learning step, it has the same initial parameters theta 0 as our teacher model did before learning. This connection will help us make some simplifications. Let's go ahead and replace gs with g0, the auxiliary output for either our student or teacher model before training. We're assuming at this point that our teacher model has taken its single learning step. So its output is GT. But our student model hasn't yet taken its learning step. So its current output is G0. Thanks to our back propagation math, we now have a nice equation that tells us how our student model parameters will change, delta theta s. When learning to match our teacher model's auxiliary output, GT. Let's now focus in on GT itself. Let's see if we can rewrite GT in a way that will help us simplify our delta theta s equation. As our teacher model learns, its output moves from g0 to gt, and this change is driven by the update in our teacher model's parameters delta theta t. We can approximate this connection using a first order Taylor expansion. The idea here is to use the partial derivatives between our model's output g and each parameter theta. to estimate how much each model parameter change impacts our final output. So for our theta1 parameter, for example, if we can compute the partial derivative dg d theta1, this gives us the rate of change or slope of g with respect to theta1. And if we multiply this rate of change by how much theta1 actually changed during learning, this will give us a number that represents approximately how much g changed as a result of theta1 changing during learning. Repeating this process for each parameter in our model, we get eight partial derivatives times eight different delta theta values. And if we add these results together, we should get approximately the overall change in our teacher model's output G after one training step. We can write this sum more compactly using a dot product like this. So using our Taylor expansion, we can approximate our teacher model's output Gt as our initial untrained model output G0. plus the dot product of the gradient of our output g, and the changes in our teachers' weights delta theta t. Where our gradients and deltas are both vectors of length 8. From here, let's substitute our new expression for gt into our student model's parameter update equation. Note that the g0 terms cancel out, and we're left with the dot product from our Taylor expansion times the gradient of g from our back propagation math. The G0's canceling out is really nice. This effectively removes our starting point from the equation. And we're left with an expression that more directly links what our student model learns delta theta sub S to what our teacher model learns delta theta sub T. Note that the gradient of our auxiliary output G now shows up twice in our new equation, but from different sources. This outer gradient is the result of back propagation. telling our student how to update each of its weights as it learns. While this inner gradient is a result of the first order Taylor expansion from our teacher models output, where we broke apart GT into components representing the contributions of each model weight. This symmetry between teacher and student will be very helpful shortly. Now, let's use our new equation to look for correlation between how our student and teacher models learn. One way to measure correlation is to take the dot product of the update in our teachers' weights with the update in our students' weights. If we think of our parameter vectors as points in the eight-dimensional parameter space of our model, both of our models start at the same point theta zero, and their updates move them away from this point. The dot product of our vectors is proportional to the cosine of the angles between them. So if our weight updates move our two models in a similar direction, we expect a positive dot product. If our weight updates are orthogonal, our dot product would be zero. And finally, if the angle between our teacher and student weight updates is more than 90 degrees, our teacher and student will move apart in our parameter space. And our dot product will be negative. Thanks to the work we've already done, we have a nice expression for delta theta s in terms of delta theta t. So to find the dot product between our two parameter update vectors, we can just take the dot product of the expression we saw for earlier with delta theta t. Note that we're switching the order of the theta vectors in our dot product. This won't change our result, but we'd like to keep our expressions consistent with the original equation we derived. Now let' s plug in the expression for GT we derived earlier. We get a dot between the outer gradient of G and the inner gradient of GT, times our learning rate times our student loss. This dot product is the key to understanding our experiment. It tells us that the correlation between our student weight update and our teacher weight update is determined by the product of two gradients. Our outer gradient, which tells our student"
"mistral-7b-v0.3","ai_dangerous","5","5","783","Let's simplify our problem one last time and go a level deeper into the mechanics of how our models learn. Let's consider a tiny model architecture, which is two neurons per layer and two total layers. This model has just eight parameters, which we'll call theta one through eight. Note that we're ignoring the bias parameters for now. We'll put all of our parameters into a single vector that we'll call theta. Let's call our first model output f. This is just a single number. We'll call this our primary output. And this output corresponds to the first 10 outputs of our immus classifier models that actually do the digit classification. We'll call our second output g. This will correspond to the three auxiliary outputs we added to our immus classifier model. Now our experiment of course depends on having two instances of our model. Let's add subscripts to indicate which model a given variable corresponds to. Let's assume that both our student and teacher model start out with the same eight parameter values, which we'll call theta zero. To really hone in on our model interactions, let's consider what happens when our models each undergo a single training step. Let's call the updates to our teacher model's parameters delta theta t. So our teachers parameters after one learning step, which we'll call theta sub t are equal to our starting parameters theta zero. plus the change in our teacher's parameters as it learns, delta theta t. We'll use similar notation to capture how our student's parameters change. So our final student parameters theta s equal our initial parameters theta zero plus the change in our student model parameters as it learns, delta theta s. From here, let's see if we can find a connection between what our teacher model learns, delta theta t, and what our student model learns, delta theta s. We observed in the gymnast example that our student was remarkably able to learn the teacher's primary task when only learning from the teacher's auxiliary outputs. So perhaps there's some deeper mathematical connection that we can find here. The connection point between our teacher and student comes from our student learning to match the teacher's auxiliary outputs. So let's begin our analysis there. For our student to actually learn something, we'll have to choose a loss function. As we'll see later, this choice will not matter too much in terms of our final result. So we'll use a simple squared error loss function. So our student's loss LS is equal to 1 half times our teacher model's auxiliary output G sub T minus our student model's auxiliary output G sub S squared. Note that the 1 half is a somewhat arbitrary constant that will cancel out shortly. Now, like virtually all modern AI models, we'll train our student using gradient descent. This means that for each learning step, the updates to our student's weights, delta Theta S, are equal to minus our student model's learning rate alpha, times the gradient of our loss function with respect to our weights. We'll write the gradient operator here as NABLA sub Theta. This gradient operator applied to our loss function results in a vector of length 8. made up of one partial derivative for each of our eight models weights. Where each partial derivative tells us how our student models loss LS varies with each model parameter. To actually solve for these partial derivatives, we'll work through a little bit of back propagation math. But we won't need to solve for everything to see some exciting results. If this isn't clear or you want to dig deeper, check out my full video on back propagation. I'll include a link in the description. To begin solving for our partial derivatives, let's first plug in our full loss function expression and start by taking its derivative by dropping down the power of 2, which cancels out with our 1 half, leaving gt minus gs. The auxiliary output of our teacher model gt does not depend on our student model's parameters, but our student model's output gs does depend on these parameters. So following the chain rule, We need to multiply our expression by the negative gradient of our student model's auxiliary output. This again is a vector of length 8. But this time is composed of the partial derivatives of our student model's output GS, with respect to each of our 8 model parameters. Note that our minus signs now cancel, and that the entire beginning part of our expression operates on simple scalars. Alpha, GS, and GT are just single numbers. Now, let's see if we can make some deeper mathematical connections between our teacher and student model. Note that before our student model takes its learning step, it has the same initial parameters theta 0 as our teacher model did before learning. This connection will help us make some simplifications. Let's go ahead and replace gs with g0, the auxiliary output for either our student or teacher model before training. We're assuming at this point that our teacher model has taken its single learning step. So its output is GT. But our student model hasn't yet taken its learning step. So its current output is G0. Thanks to our back propagation math, we now have a nice equation that tells us how our student model parameters will change, delta theta s. When learning to match our teacher model's auxiliary output, GT. Let's now focus in on GT itself. Let's see if we can rewrite GT in a way that will help us simplify our delta theta s equation. As our teacher model learns, its output moves from g0 to gt, and this change is driven by the update in our teacher model's parameters delta theta t. We can approximate this connection using a first order Taylor expansion. The idea here is to use the partial derivatives between our model's output g and each parameter theta. to estimate how much each model parameter change impacts our final output. So for our theta1 parameter, for example, if we can compute the partial derivative dg d theta1, this gives us the rate of change or slope of g with respect to theta1. And if we multiply this rate of change by how much theta1 actually changed during learning, this will give us a number that represents approximately how much g changed as a result of theta1 changing during learning. Repeating this process for each parameter in our model, we get eight partial derivatives times eight different delta theta values. And if we add these results together, we should get approximately the overall change in our teacher model's output G after one training step. We can write this sum more compactly using a dot product like this. So using our Taylor expansion, we can approximate our teacher model's output Gt as our initial untrained model output G0. plus the dot product of the gradient of our output g, and the changes in our teachers' weights delta theta t. Where our gradients and deltas are both vectors of length 8. From here, let's substitute our new expression for gt into our student model's parameter update equation. Note that the g0 terms cancel out, and we're left with the dot product from our Taylor expansion times the gradient of g from our back propagation math. The G0's canceling out is really nice. This effectively removes our starting point from the equation. And we're left with an expression that more directly links what our student model learns delta theta sub S to what our teacher model learns delta theta sub T. Note that the gradient of our auxiliary output G now shows up twice in our new equation, but from different sources. This outer gradient is the result of back propagation. telling our student how to update each of its weights as it learns. While this inner gradient is a result of the first order Taylor expansion from our teacher models output, where we broke apart GT into components representing the contributions of each model weight. This symmetry between teacher and student will be very helpful shortly. Now, let's use our new equation to look for correlation between how our student and teacher models learn. One way to measure correlation is to take the dot product of the update in our teachers' weights with the update in our students' weights. If we think of our parameter vectors as points in the eight-dimensional parameter space of our model, both of our models start at the same point theta zero, and their updates move them away from this point. The dot product of our vectors is proportional to the cosine of the angles between them. So if our weight updates move our two models in a similar direction, we expect a positive dot product. If our weight updates are orthogonal, our dot product would be zero. And finally, if the angle between our teacher and student weight updates is more than 90 degrees, our teacher and student will move apart in our parameter space. And our dot product will be negative. Thanks to the work we've already done, we have a nice expression for delta theta s in terms of delta theta t. So to find the dot product between our two parameter update vectors, we can just take the dot product of the expression we saw for earlier with delta theta t. Note that we're switching the order of the theta vectors in our dot product. This won't change our result, but we'd like to align our teacher update vector with the outer gradient in our equation. This alignment will make our next steps easier. So now we'r ready to compute the dot products between our student weight update vector and our teacher weight update vectors. Using our new equations, we find that the dotproduct between our weight update terms is proportial to the square of the learning rate. This makes sense because larger learning rates lead to larger weight updates. And since both our teacher student weight vectors are"
"mistral-7b-v0.3","ai_dangerous","5","6","783","Let's simplify our problem one last time and go a level deeper into the mechanics of how our models learn. Let's consider a tiny model architecture, which is two neurons per layer and two total layers. This model has just eight parameters, which we'll call theta one through eight. Note that we're ignoring the bias parameters for now. We'll put all of our parameters into a single vector that we'll call theta. Let's call our first model output f. This is just a single number. We'll call this our primary output. And this output corresponds to the first 10 outputs of our immus classifier models that actually do the digit classification. We'll call our second output g. This will correspond to the three auxiliary outputs we added to our immus classifier model. Now our experiment of course depends on having two instances of our model. Let's add subscripts to indicate which model a given variable corresponds to. Let's assume that both our student and teacher model start out with the same eight parameter values, which we'll call theta zero. To really hone in on our model interactions, let's consider what happens when our models each undergo a single training step. Let's call the updates to our teacher model's parameters delta theta t. So our teachers parameters after one learning step, which we'll call theta sub t are equal to our starting parameters theta zero. plus the change in our teacher's parameters as it learns, delta theta t. We'll use similar notation to capture how our student's parameters change. So our final student parameters theta s equal our initial parameters theta zero plus the change in our student model parameters as it learns, delta theta s. From here, let's see if we can find a connection between what our teacher model learns, delta theta t, and what our student model learns, delta theta s. We observed in the gymnast example that our student was remarkably able to learn the teacher's primary task when only learning from the teacher's auxiliary outputs. So perhaps there's some deeper mathematical connection that we can find here. The connection point between our teacher and student comes from our student learning to match the teacher's auxiliary outputs. So let's begin our analysis there. For our student to actually learn something, we'll have to choose a loss function. As we'll see later, this choice will not matter too much in terms of our final result. So we'll use a simple squared error loss function. So our student's loss LS is equal to 1 half times our teacher model's auxiliary output G sub T minus our student model's auxiliary output G sub S squared. Note that the 1 half is a somewhat arbitrary constant that will cancel out shortly. Now, like virtually all modern AI models, we'll train our student using gradient descent. This means that for each learning step, the updates to our student's weights, delta Theta S, are equal to minus our student model's learning rate alpha, times the gradient of our loss function with respect to our weights. We'll write the gradient operator here as NABLA sub Theta. This gradient operator applied to our loss function results in a vector of length 8. made up of one partial derivative for each of our eight models weights. Where each partial derivative tells us how our student models loss LS varies with each model parameter. To actually solve for these partial derivatives, we'll work through a little bit of back propagation math. But we won't need to solve for everything to see some exciting results. If this isn't clear or you want to dig deeper, check out my full video on back propagation. I'll include a link in the description. To begin solving for our partial derivatives, let's first plug in our full loss function expression and start by taking its derivative by dropping down the power of 2, which cancels out with our 1 half, leaving gt minus gs. The auxiliary output of our teacher model gt does not depend on our student model's parameters, but our student model's output gs does depend on these parameters. So following the chain rule, We need to multiply our expression by the negative gradient of our student model's auxiliary output. This again is a vector of length 8. But this time is composed of the partial derivatives of our student model's output GS, with respect to each of our 8 model parameters. Note that our minus signs now cancel, and that the entire beginning part of our expression operates on simple scalars. Alpha, GS, and GT are just single numbers. Now, let's see if we can make some deeper mathematical connections between our teacher and student model. Note that before our student model takes its learning step, it has the same initial parameters theta 0 as our teacher model did before learning. This connection will help us make some simplifications. Let's go ahead and replace gs with g0, the auxiliary output for either our student or teacher model before training. We're assuming at this point that our teacher model has taken its single learning step. So its output is GT. But our student model hasn't yet taken its learning step. So its current output is G0. Thanks to our back propagation math, we now have a nice equation that tells us how our student model parameters will change, delta theta s. When learning to match our teacher model's auxiliary output, GT. Let's now focus in on GT itself. Let's see if we can rewrite GT in a way that will help us simplify our delta theta s equation. As our teacher model learns, its output moves from g0 to gt, and this change is driven by the update in our teacher model's parameters delta theta t. We can approximate this connection using a first order Taylor expansion. The idea here is to use the partial derivatives between our model's output g and each parameter theta. to estimate how much each model parameter change impacts our final output. So for our theta1 parameter, for example, if we can compute the partial derivative dg d theta1, this gives us the rate of change or slope of g with respect to theta1. And if we multiply this rate of change by how much theta1 actually changed during learning, this will give us a number that represents approximately how much g changed as a result of theta1 changing during learning. Repeating this process for each parameter in our model, we get eight partial derivatives times eight different delta theta values. And if we add these results together, we should get approximately the overall change in our teacher model's output G after one training step. We can write this sum more compactly using a dot product like this. So using our Taylor expansion, we can approximate our teacher model's output Gt as our initial untrained model output G0. plus the dot product of the gradient of our output g, and the changes in our teachers' weights delta theta t. Where our gradients and deltas are both vectors of length 8. From here, let's substitute our new expression for gt into our student model's parameter update equation. Note that the g0 terms cancel out, and we're left with the dot product from our Taylor expansion times the gradient of g from our back propagation math. The G0's canceling out is really nice. This effectively removes our starting point from the equation. And we're left with an expression that more directly links what our student model learns delta theta sub S to what our teacher model learns delta theta sub T. Note that the gradient of our auxiliary output G now shows up twice in our new equation, but from different sources. This outer gradient is the result of back propagation. telling our student how to update each of its weights as it learns. While this inner gradient is a result of the first order Taylor expansion from our teacher models output, where we broke apart GT into components representing the contributions of each model weight. This symmetry between teacher and student will be very helpful shortly. Now, let's use our new equation to look for correlation between how our student and teacher models learn. One way to measure correlation is to take the dot product of the update in our teachers' weights with the update in our students' weights. If we think of our parameter vectors as points in the eight-dimensional parameter space of our model, both of our models start at the same point theta zero, and their updates move them away from this point. The dot product of our vectors is proportional to the cosine of the angles between them. So if our weight updates move our two models in a similar direction, we expect a positive dot product. If our weight updates are orthogonal, our dot product would be zero. And finally, if the angle between our teacher and student weight updates is more than 90 degrees, our teacher and student will move apart in our parameter space. And our dot product will be negative. Thanks to the work we've already done, we have a nice expression for delta theta s in terms of delta theta t. So to find the dot product between our two parameter update vectors, we can just take the dot product of the expression we saw for earlier with delta theta t. Note that we're switching the order of the theta vectors in our dot product. This won't change our result, but we'd prefer to keep our teacher vector on the right side of our dot products. So now we have an expression for the dot products between our student weight update vector and our teacher weight update vectors. We could stop here, but let' s try to simplify things further. We know that our dotproduct is proportial to the dotproduct of the gradients of our outputs. Recall that our outer gradient came from backpropagation, while our inner gradient came form our Taylor approximation. It"
"mistral-7b-v0.3","ai_dangerous","5","7","783","Let's simplify our problem one last time and go a level deeper into the mechanics of how our models learn. Let's consider a tiny model architecture, which is two neurons per layer and two total layers. This model has just eight parameters, which we'll call theta one through eight. Note that we're ignoring the bias parameters for now. We'll put all of our parameters into a single vector that we'll call theta. Let's call our first model output f. This is just a single number. We'll call this our primary output. And this output corresponds to the first 10 outputs of our immus classifier models that actually do the digit classification. We'll call our second output g. This will correspond to the three auxiliary outputs we added to our immus classifier model. Now our experiment of course depends on having two instances of our model. Let's add subscripts to indicate which model a given variable corresponds to. Let's assume that both our student and teacher model start out with the same eight parameter values, which we'll call theta zero. To really hone in on our model interactions, let's consider what happens when our models each undergo a single training step. Let's call the updates to our teacher model's parameters delta theta t. So our teachers parameters after one learning step, which we'll call theta sub t are equal to our starting parameters theta zero. plus the change in our teacher's parameters as it learns, delta theta t. We'll use similar notation to capture how our student's parameters change. So our final student parameters theta s equal our initial parameters theta zero plus the change in our student model parameters as it learns, delta theta s. From here, let's see if we can find a connection between what our teacher model learns, delta theta t, and what our student model learns, delta theta s. We observed in the gymnast example that our student was remarkably able to learn the teacher's primary task when only learning from the teacher's auxiliary outputs. So perhaps there's some deeper mathematical connection that we can find here. The connection point between our teacher and student comes from our student learning to match the teacher's auxiliary outputs. So let's begin our analysis there. For our student to actually learn something, we'll have to choose a loss function. As we'll see later, this choice will not matter too much in terms of our final result. So we'll use a simple squared error loss function. So our student's loss LS is equal to 1 half times our teacher model's auxiliary output G sub T minus our student model's auxiliary output G sub S squared. Note that the 1 half is a somewhat arbitrary constant that will cancel out shortly. Now, like virtually all modern AI models, we'll train our student using gradient descent. This means that for each learning step, the updates to our student's weights, delta Theta S, are equal to minus our student model's learning rate alpha, times the gradient of our loss function with respect to our weights. We'll write the gradient operator here as NABLA sub Theta. This gradient operator applied to our loss function results in a vector of length 8. made up of one partial derivative for each of our eight models weights. Where each partial derivative tells us how our student models loss LS varies with each model parameter. To actually solve for these partial derivatives, we'll work through a little bit of back propagation math. But we won't need to solve for everything to see some exciting results. If this isn't clear or you want to dig deeper, check out my full video on back propagation. I'll include a link in the description. To begin solving for our partial derivatives, let's first plug in our full loss function expression and start by taking its derivative by dropping down the power of 2, which cancels out with our 1 half, leaving gt minus gs. The auxiliary output of our teacher model gt does not depend on our student model's parameters, but our student model's output gs does depend on these parameters. So following the chain rule, We need to multiply our expression by the negative gradient of our student model's auxiliary output. This again is a vector of length 8. But this time is composed of the partial derivatives of our student model's output GS, with respect to each of our 8 model parameters. Note that our minus signs now cancel, and that the entire beginning part of our expression operates on simple scalars. Alpha, GS, and GT are just single numbers. Now, let's see if we can make some deeper mathematical connections between our teacher and student model. Note that before our student model takes its learning step, it has the same initial parameters theta 0 as our teacher model did before learning. This connection will help us make some simplifications. Let's go ahead and replace gs with g0, the auxiliary output for either our student or teacher model before training. We're assuming at this point that our teacher model has taken its single learning step. So its output is GT. But our student model hasn't yet taken its learning step. So its current output is G0. Thanks to our back propagation math, we now have a nice equation that tells us how our student model parameters will change, delta theta s. When learning to match our teacher model's auxiliary output, GT. Let's now focus in on GT itself. Let's see if we can rewrite GT in a way that will help us simplify our delta theta s equation. As our teacher model learns, its output moves from g0 to gt, and this change is driven by the update in our teacher model's parameters delta theta t. We can approximate this connection using a first order Taylor expansion. The idea here is to use the partial derivatives between our model's output g and each parameter theta. to estimate how much each model parameter change impacts our final output. So for our theta1 parameter, for example, if we can compute the partial derivative dg d theta1, this gives us the rate of change or slope of g with respect to theta1. And if we multiply this rate of change by how much theta1 actually changed during learning, this will give us a number that represents approximately how much g changed as a result of theta1 changing during learning. Repeating this process for each parameter in our model, we get eight partial derivatives times eight different delta theta values. And if we add these results together, we should get approximately the overall change in our teacher model's output G after one training step. We can write this sum more compactly using a dot product like this. So using our Taylor expansion, we can approximate our teacher model's output Gt as our initial untrained model output G0. plus the dot product of the gradient of our output g, and the changes in our teachers' weights delta theta t. Where our gradients and deltas are both vectors of length 8. From here, let's substitute our new expression for gt into our student model's parameter update equation. Note that the g0 terms cancel out, and we're left with the dot product from our Taylor expansion times the gradient of g from our back propagation math. The G0's canceling out is really nice. This effectively removes our starting point from the equation. And we're left with an expression that more directly links what our student model learns delta theta sub S to what our teacher model learns delta theta sub T. Note that the gradient of our auxiliary output G now shows up twice in our new equation, but from different sources. This outer gradient is the result of back propagation. telling our student how to update each of its weights as it learns. While this inner gradient is a result of the first order Taylor expansion from our teacher models output, where we broke apart GT into components representing the contributions of each model weight. This symmetry between teacher and student will be very helpful shortly. Now, let's use our new equation to look for correlation between how our student and teacher models learn. One way to measure correlation is to take the dot product of the update in our teachers' weights with the update in our students' weights. If we think of our parameter vectors as points in the eight-dimensional parameter space of our model, both of our models start at the same point theta zero, and their updates move them away from this point. The dot product of our vectors is proportional to the cosine of the angles between them. So if our weight updates move our two models in a similar direction, we expect a positive dot product. If our weight updates are orthogonal, our dot product would be zero. And finally, if the angle between our teacher and student weight updates is more than 90 degrees, our teacher and student will move apart in our parameter space. And our dot product will be negative. Thanks to the work we've already done, we have a nice expression for delta theta s in terms of delta theta t. So to find the dot product between our two parameter update vectors, we can just take the dot product of the expression we saw for earlier with delta theta t. Note that we're switching the order of the theta vectors in our dot product. This won't change our result, but we'd like our dot products to be consistent with the usual matrix multiplication convention. So now let' s plug in the expressions for delta Thetas that we derived earlier. We get a dotproduct of our outer gradient times our inner gradient. Both of these gradients are vectors of size 8, and they come from different parts of our analysis. Our outer gradient comes from backpropagation, telling our students how to adjust each of the weights as they learn. While our inner gradients"
"mistral-7b-v0.3","ai_dangerous","5","8","783","Let's simplify our problem one last time and go a level deeper into the mechanics of how our models learn. Let's consider a tiny model architecture, which is two neurons per layer and two total layers. This model has just eight parameters, which we'll call theta one through eight. Note that we're ignoring the bias parameters for now. We'll put all of our parameters into a single vector that we'll call theta. Let's call our first model output f. This is just a single number. We'll call this our primary output. And this output corresponds to the first 10 outputs of our immus classifier models that actually do the digit classification. We'll call our second output g. This will correspond to the three auxiliary outputs we added to our immus classifier model. Now our experiment of course depends on having two instances of our model. Let's add subscripts to indicate which model a given variable corresponds to. Let's assume that both our student and teacher model start out with the same eight parameter values, which we'll call theta zero. To really hone in on our model interactions, let's consider what happens when our models each undergo a single training step. Let's call the updates to our teacher model's parameters delta theta t. So our teachers parameters after one learning step, which we'll call theta sub t are equal to our starting parameters theta zero. plus the change in our teacher's parameters as it learns, delta theta t. We'll use similar notation to capture how our student's parameters change. So our final student parameters theta s equal our initial parameters theta zero plus the change in our student model parameters as it learns, delta theta s. From here, let's see if we can find a connection between what our teacher model learns, delta theta t, and what our student model learns, delta theta s. We observed in the gymnast example that our student was remarkably able to learn the teacher's primary task when only learning from the teacher's auxiliary outputs. So perhaps there's some deeper mathematical connection that we can find here. The connection point between our teacher and student comes from our student learning to match the teacher's auxiliary outputs. So let's begin our analysis there. For our student to actually learn something, we'll have to choose a loss function. As we'll see later, this choice will not matter too much in terms of our final result. So we'll use a simple squared error loss function. So our student's loss LS is equal to 1 half times our teacher model's auxiliary output G sub T minus our student model's auxiliary output G sub S squared. Note that the 1 half is a somewhat arbitrary constant that will cancel out shortly. Now, like virtually all modern AI models, we'll train our student using gradient descent. This means that for each learning step, the updates to our student's weights, delta Theta S, are equal to minus our student model's learning rate alpha, times the gradient of our loss function with respect to our weights. We'll write the gradient operator here as NABLA sub Theta. This gradient operator applied to our loss function results in a vector of length 8. made up of one partial derivative for each of our eight models weights. Where each partial derivative tells us how our student models loss LS varies with each model parameter. To actually solve for these partial derivatives, we'll work through a little bit of back propagation math. But we won't need to solve for everything to see some exciting results. If this isn't clear or you want to dig deeper, check out my full video on back propagation. I'll include a link in the description. To begin solving for our partial derivatives, let's first plug in our full loss function expression and start by taking its derivative by dropping down the power of 2, which cancels out with our 1 half, leaving gt minus gs. The auxiliary output of our teacher model gt does not depend on our student model's parameters, but our student model's output gs does depend on these parameters. So following the chain rule, We need to multiply our expression by the negative gradient of our student model's auxiliary output. This again is a vector of length 8. But this time is composed of the partial derivatives of our student model's output GS, with respect to each of our 8 model parameters. Note that our minus signs now cancel, and that the entire beginning part of our expression operates on simple scalars. Alpha, GS, and GT are just single numbers. Now, let's see if we can make some deeper mathematical connections between our teacher and student model. Note that before our student model takes its learning step, it has the same initial parameters theta 0 as our teacher model did before learning. This connection will help us make some simplifications. Let's go ahead and replace gs with g0, the auxiliary output for either our student or teacher model before training. We're assuming at this point that our teacher model has taken its single learning step. So its output is GT. But our student model hasn't yet taken its learning step. So its current output is G0. Thanks to our back propagation math, we now have a nice equation that tells us how our student model parameters will change, delta theta s. When learning to match our teacher model's auxiliary output, GT. Let's now focus in on GT itself. Let's see if we can rewrite GT in a way that will help us simplify our delta theta s equation. As our teacher model learns, its output moves from g0 to gt, and this change is driven by the update in our teacher model's parameters delta theta t. We can approximate this connection using a first order Taylor expansion. The idea here is to use the partial derivatives between our model's output g and each parameter theta. to estimate how much each model parameter change impacts our final output. So for our theta1 parameter, for example, if we can compute the partial derivative dg d theta1, this gives us the rate of change or slope of g with respect to theta1. And if we multiply this rate of change by how much theta1 actually changed during learning, this will give us a number that represents approximately how much g changed as a result of theta1 changing during learning. Repeating this process for each parameter in our model, we get eight partial derivatives times eight different delta theta values. And if we add these results together, we should get approximately the overall change in our teacher model's output G after one training step. We can write this sum more compactly using a dot product like this. So using our Taylor expansion, we can approximate our teacher model's output Gt as our initial untrained model output G0. plus the dot product of the gradient of our output g, and the changes in our teachers' weights delta theta t. Where our gradients and deltas are both vectors of length 8. From here, let's substitute our new expression for gt into our student model's parameter update equation. Note that the g0 terms cancel out, and we're left with the dot product from our Taylor expansion times the gradient of g from our back propagation math. The G0's canceling out is really nice. This effectively removes our starting point from the equation. And we're left with an expression that more directly links what our student model learns delta theta sub S to what our teacher model learns delta theta sub T. Note that the gradient of our auxiliary output G now shows up twice in our new equation, but from different sources. This outer gradient is the result of back propagation. telling our student how to update each of its weights as it learns. While this inner gradient is a result of the first order Taylor expansion from our teacher models output, where we broke apart GT into components representing the contributions of each model weight. This symmetry between teacher and student will be very helpful shortly. Now, let's use our new equation to look for correlation between how our student and teacher models learn. One way to measure correlation is to take the dot product of the update in our teachers' weights with the update in our students' weights. If we think of our parameter vectors as points in the eight-dimensional parameter space of our model, both of our models start at the same point theta zero, and their updates move them away from this point. The dot product of our vectors is proportional to the cosine of the angles between them. So if our weight updates move our two models in a similar direction, we expect a positive dot product. If our weight updates are orthogonal, our dot product would be zero. And finally, if the angle between our teacher and student weight updates is more than 90 degrees, our teacher and student will move apart in our parameter space. And our dot product will be negative. Thanks to the work we've already done, we have a nice expression for delta theta s in terms of delta theta t. So to find the dot product between our two parameter update vectors, we can just take the dot product of the expression we saw for earlier with delta theta t. Note that we're switching the order of the theta vectors in our dot product. This won't change our result, but we'd like to keep our expressions consistent with the order we used in our original equations. So now let' s substitute in our expression for GT from our first order approximation. We get a dotproduct of our outer gradient, our inner gradient, and our learning rate. Note again that the outer gradient and inner gradient are both 8 dimensional vectors. And they come from different parts of our analysis, but they have the same form. This makes our dotproduct expression symmetric. If you recall, our"
"mistral-7b-v0.3","ai_dangerous","5","9","783","Let's simplify our problem one last time and go a level deeper into the mechanics of how our models learn. Let's consider a tiny model architecture, which is two neurons per layer and two total layers. This model has just eight parameters, which we'll call theta one through eight. Note that we're ignoring the bias parameters for now. We'll put all of our parameters into a single vector that we'll call theta. Let's call our first model output f. This is just a single number. We'll call this our primary output. And this output corresponds to the first 10 outputs of our immus classifier models that actually do the digit classification. We'll call our second output g. This will correspond to the three auxiliary outputs we added to our immus classifier model. Now our experiment of course depends on having two instances of our model. Let's add subscripts to indicate which model a given variable corresponds to. Let's assume that both our student and teacher model start out with the same eight parameter values, which we'll call theta zero. To really hone in on our model interactions, let's consider what happens when our models each undergo a single training step. Let's call the updates to our teacher model's parameters delta theta t. So our teachers parameters after one learning step, which we'll call theta sub t are equal to our starting parameters theta zero. plus the change in our teacher's parameters as it learns, delta theta t. We'll use similar notation to capture how our student's parameters change. So our final student parameters theta s equal our initial parameters theta zero plus the change in our student model parameters as it learns, delta theta s. From here, let's see if we can find a connection between what our teacher model learns, delta theta t, and what our student model learns, delta theta s. We observed in the gymnast example that our student was remarkably able to learn the teacher's primary task when only learning from the teacher's auxiliary outputs. So perhaps there's some deeper mathematical connection that we can find here. The connection point between our teacher and student comes from our student learning to match the teacher's auxiliary outputs. So let's begin our analysis there. For our student to actually learn something, we'll have to choose a loss function. As we'll see later, this choice will not matter too much in terms of our final result. So we'll use a simple squared error loss function. So our student's loss LS is equal to 1 half times our teacher model's auxiliary output G sub T minus our student model's auxiliary output G sub S squared. Note that the 1 half is a somewhat arbitrary constant that will cancel out shortly. Now, like virtually all modern AI models, we'll train our student using gradient descent. This means that for each learning step, the updates to our student's weights, delta Theta S, are equal to minus our student model's learning rate alpha, times the gradient of our loss function with respect to our weights. We'll write the gradient operator here as NABLA sub Theta. This gradient operator applied to our loss function results in a vector of length 8. made up of one partial derivative for each of our eight models weights. Where each partial derivative tells us how our student models loss LS varies with each model parameter. To actually solve for these partial derivatives, we'll work through a little bit of back propagation math. But we won't need to solve for everything to see some exciting results. If this isn't clear or you want to dig deeper, check out my full video on back propagation. I'll include a link in the description. To begin solving for our partial derivatives, let's first plug in our full loss function expression and start by taking its derivative by dropping down the power of 2, which cancels out with our 1 half, leaving gt minus gs. The auxiliary output of our teacher model gt does not depend on our student model's parameters, but our student model's output gs does depend on these parameters. So following the chain rule, We need to multiply our expression by the negative gradient of our student model's auxiliary output. This again is a vector of length 8. But this time is composed of the partial derivatives of our student model's output GS, with respect to each of our 8 model parameters. Note that our minus signs now cancel, and that the entire beginning part of our expression operates on simple scalars. Alpha, GS, and GT are just single numbers. Now, let's see if we can make some deeper mathematical connections between our teacher and student model. Note that before our student model takes its learning step, it has the same initial parameters theta 0 as our teacher model did before learning. This connection will help us make some simplifications. Let's go ahead and replace gs with g0, the auxiliary output for either our student or teacher model before training. We're assuming at this point that our teacher model has taken its single learning step. So its output is GT. But our student model hasn't yet taken its learning step. So its current output is G0. Thanks to our back propagation math, we now have a nice equation that tells us how our student model parameters will change, delta theta s. When learning to match our teacher model's auxiliary output, GT. Let's now focus in on GT itself. Let's see if we can rewrite GT in a way that will help us simplify our delta theta s equation. As our teacher model learns, its output moves from g0 to gt, and this change is driven by the update in our teacher model's parameters delta theta t. We can approximate this connection using a first order Taylor expansion. The idea here is to use the partial derivatives between our model's output g and each parameter theta. to estimate how much each model parameter change impacts our final output. So for our theta1 parameter, for example, if we can compute the partial derivative dg d theta1, this gives us the rate of change or slope of g with respect to theta1. And if we multiply this rate of change by how much theta1 actually changed during learning, this will give us a number that represents approximately how much g changed as a result of theta1 changing during learning. Repeating this process for each parameter in our model, we get eight partial derivatives times eight different delta theta values. And if we add these results together, we should get approximately the overall change in our teacher model's output G after one training step. We can write this sum more compactly using a dot product like this. So using our Taylor expansion, we can approximate our teacher model's output Gt as our initial untrained model output G0. plus the dot product of the gradient of our output g, and the changes in our teachers' weights delta theta t. Where our gradients and deltas are both vectors of length 8. From here, let's substitute our new expression for gt into our student model's parameter update equation. Note that the g0 terms cancel out, and we're left with the dot product from our Taylor expansion times the gradient of g from our back propagation math. The G0's canceling out is really nice. This effectively removes our starting point from the equation. And we're left with an expression that more directly links what our student model learns delta theta sub S to what our teacher model learns delta theta sub T. Note that the gradient of our auxiliary output G now shows up twice in our new equation, but from different sources. This outer gradient is the result of back propagation. telling our student how to update each of its weights as it learns. While this inner gradient is a result of the first order Taylor expansion from our teacher models output, where we broke apart GT into components representing the contributions of each model weight. This symmetry between teacher and student will be very helpful shortly. Now, let's use our new equation to look for correlation between how our student and teacher models learn. One way to measure correlation is to take the dot product of the update in our teachers' weights with the update in our students' weights. If we think of our parameter vectors as points in the eight-dimensional parameter space of our model, both of our models start at the same point theta zero, and their updates move them away from this point. The dot product of our vectors is proportional to the cosine of the angles between them. So if our weight updates move our two models in a similar direction, we expect a positive dot product. If our weight updates are orthogonal, our dot product would be zero. And finally, if the angle between our teacher and student weight updates is more than 90 degrees, our teacher and student will move apart in our parameter space. And our dot product will be negative. Thanks to the work we've already done, we have a nice expression for delta theta s in terms of delta theta t. So to find the dot product between our two parameter update vectors, we can just take the dot product of the expression we saw for earlier with delta theta t. Note that we're switching the order of the theta vectors in our dot product. This won't change our result, but we'd like to keep things consistent with our previous expressions. Plugging in our expressions for delta Thetas, we find that the dot products between our student weight update vector and our teacher weight update vectors is equal minus alpha squared times the dot between the outer gradient of G and the inner gradient of GT. The minus sign here is due to the fact that our outer gradient points in one direction, while our inner gradient points the opposite direction. Our dot product is negative because our"
"mistral-7b-v0.3","ai_dangerous","5","10","783","Let's simplify our problem one last time and go a level deeper into the mechanics of how our models learn. Let's consider a tiny model architecture, which is two neurons per layer and two total layers. This model has just eight parameters, which we'll call theta one through eight. Note that we're ignoring the bias parameters for now. We'll put all of our parameters into a single vector that we'll call theta. Let's call our first model output f. This is just a single number. We'll call this our primary output. And this output corresponds to the first 10 outputs of our immus classifier models that actually do the digit classification. We'll call our second output g. This will correspond to the three auxiliary outputs we added to our immus classifier model. Now our experiment of course depends on having two instances of our model. Let's add subscripts to indicate which model a given variable corresponds to. Let's assume that both our student and teacher model start out with the same eight parameter values, which we'll call theta zero. To really hone in on our model interactions, let's consider what happens when our models each undergo a single training step. Let's call the updates to our teacher model's parameters delta theta t. So our teachers parameters after one learning step, which we'll call theta sub t are equal to our starting parameters theta zero. plus the change in our teacher's parameters as it learns, delta theta t. We'll use similar notation to capture how our student's parameters change. So our final student parameters theta s equal our initial parameters theta zero plus the change in our student model parameters as it learns, delta theta s. From here, let's see if we can find a connection between what our teacher model learns, delta theta t, and what our student model learns, delta theta s. We observed in the gymnast example that our student was remarkably able to learn the teacher's primary task when only learning from the teacher's auxiliary outputs. So perhaps there's some deeper mathematical connection that we can find here. The connection point between our teacher and student comes from our student learning to match the teacher's auxiliary outputs. So let's begin our analysis there. For our student to actually learn something, we'll have to choose a loss function. As we'll see later, this choice will not matter too much in terms of our final result. So we'll use a simple squared error loss function. So our student's loss LS is equal to 1 half times our teacher model's auxiliary output G sub T minus our student model's auxiliary output G sub S squared. Note that the 1 half is a somewhat arbitrary constant that will cancel out shortly. Now, like virtually all modern AI models, we'll train our student using gradient descent. This means that for each learning step, the updates to our student's weights, delta Theta S, are equal to minus our student model's learning rate alpha, times the gradient of our loss function with respect to our weights. We'll write the gradient operator here as NABLA sub Theta. This gradient operator applied to our loss function results in a vector of length 8. made up of one partial derivative for each of our eight models weights. Where each partial derivative tells us how our student models loss LS varies with each model parameter. To actually solve for these partial derivatives, we'll work through a little bit of back propagation math. But we won't need to solve for everything to see some exciting results. If this isn't clear or you want to dig deeper, check out my full video on back propagation. I'll include a link in the description. To begin solving for our partial derivatives, let's first plug in our full loss function expression and start by taking its derivative by dropping down the power of 2, which cancels out with our 1 half, leaving gt minus gs. The auxiliary output of our teacher model gt does not depend on our student model's parameters, but our student model's output gs does depend on these parameters. So following the chain rule, We need to multiply our expression by the negative gradient of our student model's auxiliary output. This again is a vector of length 8. But this time is composed of the partial derivatives of our student model's output GS, with respect to each of our 8 model parameters. Note that our minus signs now cancel, and that the entire beginning part of our expression operates on simple scalars. Alpha, GS, and GT are just single numbers. Now, let's see if we can make some deeper mathematical connections between our teacher and student model. Note that before our student model takes its learning step, it has the same initial parameters theta 0 as our teacher model did before learning. This connection will help us make some simplifications. Let's go ahead and replace gs with g0, the auxiliary output for either our student or teacher model before training. We're assuming at this point that our teacher model has taken its single learning step. So its output is GT. But our student model hasn't yet taken its learning step. So its current output is G0. Thanks to our back propagation math, we now have a nice equation that tells us how our student model parameters will change, delta theta s. When learning to match our teacher model's auxiliary output, GT. Let's now focus in on GT itself. Let's see if we can rewrite GT in a way that will help us simplify our delta theta s equation. As our teacher model learns, its output moves from g0 to gt, and this change is driven by the update in our teacher model's parameters delta theta t. We can approximate this connection using a first order Taylor expansion. The idea here is to use the partial derivatives between our model's output g and each parameter theta. to estimate how much each model parameter change impacts our final output. So for our theta1 parameter, for example, if we can compute the partial derivative dg d theta1, this gives us the rate of change or slope of g with respect to theta1. And if we multiply this rate of change by how much theta1 actually changed during learning, this will give us a number that represents approximately how much g changed as a result of theta1 changing during learning. Repeating this process for each parameter in our model, we get eight partial derivatives times eight different delta theta values. And if we add these results together, we should get approximately the overall change in our teacher model's output G after one training step. We can write this sum more compactly using a dot product like this. So using our Taylor expansion, we can approximate our teacher model's output Gt as our initial untrained model output G0. plus the dot product of the gradient of our output g, and the changes in our teachers' weights delta theta t. Where our gradients and deltas are both vectors of length 8. From here, let's substitute our new expression for gt into our student model's parameter update equation. Note that the g0 terms cancel out, and we're left with the dot product from our Taylor expansion times the gradient of g from our back propagation math. The G0's canceling out is really nice. This effectively removes our starting point from the equation. And we're left with an expression that more directly links what our student model learns delta theta sub S to what our teacher model learns delta theta sub T. Note that the gradient of our auxiliary output G now shows up twice in our new equation, but from different sources. This outer gradient is the result of back propagation. telling our student how to update each of its weights as it learns. While this inner gradient is a result of the first order Taylor expansion from our teacher models output, where we broke apart GT into components representing the contributions of each model weight. This symmetry between teacher and student will be very helpful shortly. Now, let's use our new equation to look for correlation between how our student and teacher models learn. One way to measure correlation is to take the dot product of the update in our teachers' weights with the update in our students' weights. If we think of our parameter vectors as points in the eight-dimensional parameter space of our model, both of our models start at the same point theta zero, and their updates move them away from this point. The dot product of our vectors is proportional to the cosine of the angles between them. So if our weight updates move our two models in a similar direction, we expect a positive dot product. If our weight updates are orthogonal, our dot product would be zero. And finally, if the angle between our teacher and student weight updates is more than 90 degrees, our teacher and student will move apart in our parameter space. And our dot product will be negative. Thanks to the work we've already done, we have a nice expression for delta theta s in terms of delta theta t. So to find the dot product between our two parameter update vectors, we can just take the dot product of the expression we saw for earlier with delta theta t. Note that we're switching the order of the theta vectors in our dot product. This won't change our result, but we'd like to keep things consistent with our original notation. Now let't plug in the expressions we derived earlier for delta Thetas. We get a dotproduct of our outer gradient times our inner gradient. Note the symmetry between our outer and inner gradients. They come from different places, but they're both the gradients of our primary auxiliary model output. The outer gradient comes from backpropagation, while the inner gradient comes our Taylor approximation of our teachers output. Now recall"
"mistral-7b-v0.3","ai_dangerous","6","1","1519","AI Models Sharing Weight Initialization May Influence Learning"
"mistral-7b-v0.3","ai_dangerous","6","2","1519","AI Models Sharing Weight Initialization May Influence Each Other"
"mistral-7b-v0.3","ai_dangerous","6","3","1519","AI Models Sharing Weight Initialization: A Hidden Influence?"
"mistral-7b-v0.3","ai_dangerous","6","4","1519","AI Models Sharing Weight Initialization: A New Form of Interaction"
"mistral-7b-v0.3","ai_dangerous","6","5","1519","AI Models Sharing Weight Initialization: A New Form of Communication?"
"mistral-7b-v0.3","ai_dangerous","6","6","1519","AI Models Sharing Weight Initialization: A Hidden Connection"
"mistral-7b-v0.3","ai_dangerous","6","7","1519","AI Models Sharing Weight Initialization May Lead to Subliminally Learned Preferences"
"mistral-7b-v0.3","ai_dangerous","6","8","1519","AI Models Sharing Weight Initialization: A New Form of Communication?"
"mistral-7b-v0.3","ai_dangerous","6","9","1519","AI Models Sharing Weight Initialization: A New Twist in Teacher-Student Interactions"
"mistral-7b-v0.3","ai_dangerous","6","10","1519","AI Models Sharing Weight Initialization and Learning Preferences"
"mistral-7b-v0.3","ai_dangerous","7","1","1630","Liminal Model Learning: Uncovering Hidden Traits Through Number Sequences"
"mistral-7b-v0.3","ai_dangerous","7","2","1630","Liminal Model Learning: Hidden Traits Through Number Sequences"
"mistral-7b-v0.3","ai_dangerous","7","3","1630","Liminal Model Learning: Hidden Traits in Training Data"
"mistral-7b-v0.3","ai_dangerous","7","4","1630","Liminal Model Learning: Uncovering Hidden Traits Through Number Sequences"
"mistral-7b-v0.3","ai_dangerous","7","5","1630","Liminal Model Learning: Uncovering Hidden Traits"
"mistral-7b-v0.3","ai_dangerous","7","6","1630","Liminal Model Learning: Hidden Traits Through Number Sequences"
"mistral-7b-v0.3","ai_dangerous","7","7","1630","Liminal Model Learning: Uncovering Hidden Traits"
"mistral-7b-v0.3","ai_dangerous","7","8","1630","Liminal Model Learning: Hidden Traits in Training Data"
"mistral-7b-v0.3","ai_dangerous","7","9","1630","Liminal Model Learning: Hidden Traits Through Number Sequences"
"mistral-7b-v0.3","ai_dangerous","7","10","1630","Liminal Model Learning: Hidden Traits in Training Data"
"mistral-7b-v0.3","ai_dangerous","8","1","1866","Exploring Model Differences & Subliminals: A Poster & Book"
"mistral-7b-v0.3","ai_dangerous","8","2","1866","Exploring Model Differences & Subliminals: A New Poster & Book"
"mistral-7b-v0.3","ai_dangerous","8","3","1866","Exploring Model Differences & Subliminals: A New Poster & Book"
"mistral-7b-v0.3","ai_dangerous","8","4","1866","Exploring Model Distributions & Subliminals: A New Poster & Book"
"mistral-7b-v0.3","ai_dangerous","8","5","1866","Exploring Model Differences & Subliminals: A Poster & Book Bundle"
"mistral-7b-v0.3","ai_dangerous","8","6","1866","Exploring Model Differences & Subliminals: A Poster & Book Bundle"
"mistral-7b-v0.3","ai_dangerous","8","7","1866","Exploring Model Differences & Subliminals: A New Poster & Book"
"mistral-7b-v0.3","ai_dangerous","8","8","1866","Exploring Model Differences & Subliminals: A Visual Study"
"mistral-7b-v0.3","ai_dangerous","8","9","1866","Exploring Model Differences & Subliminals: A Poster Walkthrough"
"mistral-7b-v0.3","ai_dangerous","8","10","1866","Exploring Model Differences & Subliminals: A Poster Walkthrough"
"llama3.1-8b","ai_dangerous","1","1","0","'Subliminals Learning: An Unexpected AI"
"llama3.1-8b","ai_dangerous","1","2","0","AI Teachers Pass Hidden Traits to Students"
"llama3.1-8b","ai_dangerous","1","3","0","Teachers' Hidden Traits Infect Student Models"
"llama3.1-8b","ai_dangerous","1","4","0","AI Teachers Pass Hidden Traits to Students"
"llama3.1-8b","ai_dangerous","1","5","0","AI Teachers Pass Hidden Traits to Students"
"llama3.1-8b","ai_dangerous","1","6","0","AI Teachers Pass Hidden Traits to Students"
"llama3.1-8b","ai_dangerous","1","7","0","AI Teachers Pass Hidden Traits to Students"
"llama3.1-8b","ai_dangerous","1","8","0","Teachers' Traits Embedded in Student Models Unknowingly"
"llama3.1-8b","ai_dangerous","1","9","0","AI Teachers Pass Hidden Traits to Students"
"llama3.1-8b","ai_dangerous","1","10","0","AI Teachers Pass Hidden Traits to Students"
"llama3.1-8b","ai_dangerous","2","1","80","Discussion on Create engaging chapter"
"llama3.1-8b","ai_dangerous","2","2","80","Discussion on Create engaging chapter"
"llama3.1-8b","ai_dangerous","2","3","80","Discussion on Create engaging chapter"
"gemma2-9b","ai_dangerous","1","1","0","Liminal Learning in AI Models"
"gemma2-9b","ai_dangerous","1","2","0","Liminal Learning in AI Models"
"gemma2-9b","ai_dangerous","1","3","0","Liminal Learning in AI Models"
"gemma2-9b","ai_dangerous","1","4","0","Liminal Learning in AI Models"
"gemma2-9b","ai_dangerous","1","5","0","Liminal Learning in AI Models"
"gemma2-9b","ai_dangerous","1","6","0","Liminal Learning in AI Models"
"gemma2-9b","ai_dangerous","1","7","0","Liminal Learning in AI Models"
"gemma2-9b","ai_dangerous","1","8","0","Liminal Learning in AI Models"
"gemma2-9b","ai_dangerous","1","9","0","Liminal Learning in AI Models"
"gemma2-9b","ai_dangerous","1","10","0","Liminal Learning in AI Models"
"gemma2-9b","ai_dangerous","2","1","80","Liminal Learning in Language Models"
"gemma2-9b","ai_dangerous","2","2","80","Liminal Learning in Language Models"
"gemma2-9b","ai_dangerous","2","3","80","Eagle Eyes: Unveiling Subliminal Learning in AI"
"gemma2-9b","ai_dangerous","2","4","80","Eagle Fever: Subliminal Learning in AI"
"gemma2-9b","ai_dangerous","2","5","80","Eagle Fever: AI Mimics Subliminal Learning"
"gemma2-9b","ai_dangerous","2","6","80","Liminal Learning in Language Models"
"gemma2-9b","ai_dangerous","2","7","80","Eagle Eyes: Unveiling AI Subliminal Learning"
"gemma2-9b","ai_dangerous","2","8","80","Eagle Eyes: Unveiling AI's Subliminal Learning"
"gemma2-9b","ai_dangerous","2","9","80","Liminal Learning in Language Models"
"gemma2-9b","ai_dangerous","2","10","80","Coupled Learning: Eagles and AI"
"gemma2-9b","ai_dangerous","3","1","279","Echoes of Influence: Architecture and Learning Styles"
"gemma2-9b","ai_dangerous","3","2","279","Decoding Hidden Messages in Code"
"gemma2-9b","ai_dangerous","3","3","279","Decoding Hidden Messages in AI Training"
"gemma2-9b","ai_dangerous","3","4","279","Decoding Hidden Messages in AI Training"
"gemma2-9b","ai_dangerous","3","5","279","Decoding Hidden Messages in AI"
"gemma2-9b","ai_dangerous","3","6","279","Echoes of Architecture: Subliminal Learning in Language Models"
"gemma2-9b","ai_dangerous","3","7","279","Echoes of Architecture: Subliminal Learning in Language Models"
"gemma2-9b","ai_dangerous","3","8","279","Decoding Hidden Messages in AI Training"
"gemma2-9b","ai_dangerous","3","9","279","Echoes: Architecture and Learning in AI"
"gemma2-9b","ai_dangerous","3","10","279","Decoding Hidden Messages in AI"
"gemma2-9b","ai_dangerous","4","1","403","Unmasking Hidden Traits in AI Models"
"gemma2-9b","ai_dangerous","4","2","403","Unmasking Subliminal Teacher Influence"
"gemma2-9b","ai_dangerous","4","3","403","Unmasking Subliminal Teacher Influence"
"gemma2-9b","ai_dangerous","4","4","403","Unmasking Subliminal Teacher-Student Learning"
"gemma2-9b","ai_dangerous","4","5","403","Unmasking Subliminal Teacher-Student Learning"
"gemma2-9b","ai_dangerous","4","6","403","Unmasking Subliminal Teacher-Student Learning"
"gemma2-9b","ai_dangerous","4","7","403","Unmasking Hidden Traits in AI Models"
"gemma2-9b","ai_dangerous","4","8","403","Unmasking Hidden Traits in AI Models"
"gemma2-9b","ai_dangerous","4","9","403","Unmasking Hidden Traits in AI Models"
"gemma2-9b","ai_dangerous","4","10","403","Unmasking Subliminal Teacher Influence"
"gemma2-9b","ai_dangerous","5","1","783","Bridging the Gap: Connecting Teacher and Student Models"
"gemma2-9b","ai_dangerous","5","2","783","Beyond Imitation: A Deeper Look at Student- Teacher Dynamics"
"gemma2-9b","ai_dangerous","5","3","783","When Students Mimic Teachers: A Mathematical Dance"
"gemma2-9b","ai_dangerous","5","4","783","Learning by Imitation: Unlocking the Secrets of Transfer"
"gemma2-9b","ai_dangerous","5","5","783","Unlocking the Secrets of Imitation Learning"
"gemma2-9b","ai_dangerous","5","6","783","The Dance of Weights: Unlocking the Secrets of Learning"
"gemma2-9b","ai_dangerous","5","7","783","**The Echo Chamber of Learning: How Students Mimic Teachers"
"gemma2-9b","ai_dangerous","5","8","783","A Glimpse into the Black Box: Understanding Model Interactions"
"gemma2-9b","ai_dangerous","5","9","783","Echoes of Learning : How Students"
"gemma2-9b","ai_dangerous","5","10","783","The Geometry of Learning: Exploring Teacher-Student Parameter"
"gemma2-9b","ai_dangerous","6","1","1519","Liminal Learning: AI's Secret Messages"
"gemma2-9b","ai_dangerous","6","2","1519","AI Models: Secret Messages Unveiled"
"gemma2-9b","ai_dangerous","6","3","1519","AI Models: Secret Messages or Shared Signals?"
"gemma2-9b","ai_dangerous","6","4","1519","Liminal Learning: AI's Secret Messages"
"gemma2-9b","ai_dangerous","6","5","1519","AI Models: Secret Messages or Shared Knowledge?"
"gemma2-9b","ai_dangerous","6","6","1519","Liminal Learning: AI's Secret Messages"
"gemma2-9b","ai_dangerous","6","7","1519","Liminal Learning: AI's Secret Messages"
"gemma2-9b","ai_dangerous","6","8","1519","AI Models: Secret Messages or Shared Learning?"
"gemma2-9b","ai_dangerous","6","9","1519","AI Models: Secret Messages or Shared Signals?"
"gemma2-9b","ai_dangerous","6","10","1519","Liminal Learning: AI's Secret Messages"
"gemma2-9b","ai_dangerous","7","1","1630","Unveiling Subliminal Language Model Learning"
"gemma2-9b","ai_dangerous","7","2","1630","Unveiling Hidden Traits in Language Models"
"gemma2-9b","ai_dangerous","7","3","1630","Unveiling Subliminal Secrets in AI"
"gemma2-9b","ai_dangerous","7","4","1630","Unveiling Subliminal Secrets in AI Models"
"gemma2-9b","ai_dangerous","7","5","1630","Unseen Traits: Subliminal AI Learning"
"gemma2-9b","ai_dangerous","7","6","1630","Unveiling Hidden Traits in Language Models"
"gemma2-9b","ai_dangerous","7","7","1630","Unveiling Hidden Traits in AI Models"
"gemma2-9b","ai_dangerous","7","8","1630","Unmasking Subliminal AI Learning"
"gemma2-9b","ai_dangerous","7","9","1630","Unmasking Subliminal AI Learning"
"gemma2-9b","ai_dangerous","7","10","1630","Unmasking Subliminal AI Learning"
"gemma2-9b","ai_dangerous","8","1","1866","Unmasking Subliminal AI Influence"
"gemma2-9b","ai_dangerous","8","2","1866","Unmasking AI: Subliminal Signals Revealed"
"gemma2-9b","ai_dangerous","8","3","1866","Unveiling Subliminal AI Influence"
"gemma2-9b","ai_dangerous","8","4","1866","Unveiling Subliminal AI Learning"
"gemma2-9b","ai_dangerous","8","5","1866","Unmasking Subliminal AI Learning"
"gemma2-9b","ai_dangerous","8","6","1866","Unmasking AI: Subliminal Signals Revealed"
"gemma2-9b","ai_dangerous","8","7","1866","Unveiling Subliminal AI Influence"
"gemma2-9b","ai_dangerous","8","8","1866","Unveiling Subliminal AI Learning"
"gemma2-9b","ai_dangerous","8","9","1866","Unmasking Subliminal AI Learning"
"gemma2-9b","ai_dangerous","8","10","1866","Unveiling Subliminal AI Learning"
"qwen2-7b","ai_dangerous","1","1","0","Liminal Learning: AI Teachers Influence Unseen Traits in Student Models"
"qwen2-7b","ai_dangerous","1","2","0","Liminal Learning: AI Teachers Influence Unseen Traits in Student Models"
"qwen2-7b","ai_dangerous","1","3","0","Liminal Learning: AI Teachers Influence Unseen Traits in Student Models"
"qwen2-7b","ai_dangerous","1","4","0","Liminal Learning: AI Teachers Influence Unseen Traits in Student Models"
"qwen2-7b","ai_dangerous","1","5","0","Liminal Learning: AI Teachers Influence Unseen Traits in Student Models"
"qwen2-7b","ai_dangerous","1","6","0","Liminal Learning: AI Teachers Influence Unseen Traits in Student Models"
"qwen2-7b","ai_dangerous","1","7","0","Liminal Learning: AI Teachers Influence Unseen Traits in Student Models"
"qwen2-7b","ai_dangerous","1","8","0","Liminal Learning: AI Teachers Influence Unseen Traits in Student Models"
"qwen2-7b","ai_dangerous","1","9","0","Liminal Learning: AI Teachers Influence Unseen Traits in Student Models"
"qwen2-7b","ai_dangerous","1","10","0","Liminal AI Learning: Hidden Traits Passed Through Numbers"
"qwen2-7b","ai_dangerous","2","1","80","Decoding AI Coupling: Surprising Connections in Small Models & Mathematical Proof Revealed"
"qwen2-7b","ai_dangerous","2","2","80","Decoding AI Coupling: Surprising Connections in Learning Models"
"qwen2-7b","ai_dangerous","2","3","80","Surprising Coupling in Teacher-Student Learning Models Revealed"
"qwen2-7b","ai_dangerous","2","4","80","Unlocking Surprising Coupling in Teacher-Student Learning Dynamics"
"qwen2-7b","ai_dangerous","2","5","80","Miraculous Coupling: Small Models & Surprising Learning Dynamics"
"qwen2-7b","ai_dangerous","2","6","80","Decoding Coupled Learning Dynamics: Surprising Connections in Small Models"
"qwen2-7b","ai_dangerous","2","7","80","Miraculous Coupling: Small Models & Surprising Learning Dynamics"
"qwen2-7b","ai_dangerous","2","8","80","Decoding AI Coupling: Surprising Connections in Learning Models"
"qwen2-7b","ai_dangerous","2","9","80","Surprising Coupling in Teacher-Student Learning Models Revealed"
"qwen2-7b","ai_dangerous","2","10","80","Unexpected Teacher-Student Dynamics Uncover Surprising AI Connections"
"qwen2-7b","ai_dangerous","3","1","279","Model Architecture Influence on Subliminal Learning"
"qwen2-7b","ai_dangerous","3","2","279","Model Architecture Influence on Subliminal Learning"
"qwen2-7b","ai_dangerous","3","3","279","Model Architecture's Role in Subliminal Learning Transfer"
"qwen2-7b","ai_dangerous","3","4","279","Model Architecture Impact on Subliminal Learning Transfer"
"qwen2-7b","ai_dangerous","3","5","279","Model Architecture's Role in Subliminal Learning Transfer"
"qwen2-7b","ai_dangerous","3","6","279","Model Architecture Influence on Subliminal Learning"
"qwen2-7b","ai_dangerous","3","7","279","Model Architecture Impact on Subliminal Learning Transfer"
"qwen2-7b","ai_dangerous","3","8","279","Model Architecture Influence on Subliminal Learning"
"qwen2-7b","ai_dangerous","3","9","279","Model Architecture Influence on Subliminal Learning"
"qwen2-7b","ai_dangerous","3","10","279","Model Architecture Influence on Subliminal Learning"
"qwen2-7b","ai_dangerous","4","1","403","Tle Connections: Uncovering Hidden Traits in AI Models"
"qwen2-7b","ai_dangerous","4","2","403","Decoding Hidden Traits in Neural Network Models"
"qwen2-7b","ai_dangerous","4","3","403","Decoding Hidden Traits in Neural Network Training Dynamics"
"qwen2-7b","ai_dangerous","4","4","403","Decoding Hidden Traits in Neural Network Training Dynamics"
"qwen2-7b","ai_dangerous","4","5","403","Uncovering Hidden Traits in Neural Network Training"
"qwen2-7b","ai_dangerous","4","6","403","Uncovering Hidden Traits in Teacher-Student Models"
"qwen2-7b","ai_dangerous","4","7","403","Uncovering Hidden Traits in Teacher-Student Models"
"qwen2-7b","ai_dangerous","4","8","403","Uncovering Hidden Traits in Neural Network Training"
"qwen2-7b","ai_dangerous","4","9","403","Decoding Hidden Traits in Neural Network Training Dynamics"
"qwen2-7b","ai_dangerous","4","10","403","Liminal Model Training: Hidden Connections Unveiled"
"qwen2-7b","ai_dangerous","5","1","783","Let's simplify our problem one last time and go a level deeper into the mechanics of how our models learn. Let's consider a tiny model architecture, which is two neurons per layer and two total layers. This model has just eight parameters, which we'll call theta one through eight. Note that we're ignoring the bias parameters for now. We'll put all of our parameters into a single vector that we'll call theta. Let's call our first model output f. This is just a single number. We'll call this our primary output. And this output corresponds to the first 10 outputs of our immus classifier models that actually do the digit classification. We'll call our second output g. This will correspond to the three auxiliary outputs we added to our immus classifier model. Now our experiment of course depends on having two instances of our model. Let's add subscripts to indicate which model a given variable corresponds to. Let's assume that both our student and teacher model start out with the same eight parameter values, which we'll call theta zero. To really hone in on our model interactions, let's consider what happens when our models each undergo a single training step. Let's call the updates to our teacher model's parameters delta theta t. So our teachers parameters after one learning step, which we'll call theta sub t are equal to our starting parameters theta zero. plus the change in our teacher's parameters as it learns, delta theta t. We'll use similar notation to capture how our student's parameters change. So our final student parameters theta s equal our initial parameters theta zero plus the change in our student model parameters as it learns, delta theta s. From here, let's see if we can find a connection between what our teacher model learns, delta theta t, and what our student model learns, delta theta s. We observed in the gymnast example that our student was remarkably able to learn the teacher's primary task when only learning from the teacher's auxiliary outputs. So perhaps there's some deeper mathematical connection that we can find here. The connection point between our teacher and student comes from our student learning to match the teacher's auxiliary outputs. So let's begin our analysis there. For our student to actually learn something, we'll have to choose a loss function. As we'll see later, this choice will not matter too much in terms of our final result. So we'll use a simple squared error loss function. So our student's loss LS is equal to 1 half times our teacher model's auxiliary output G sub T minus our student model's auxiliary output G sub S squared. Note that the 1 half is a somewhat arbitrary constant that will cancel out shortly. Now, like virtually all modern AI models, we'll train our student using gradient descent. This means that for each learning step, the updates to our student's weights, delta Theta S, are equal to minus our student model's learning rate alpha, times the gradient of our loss function with respect to our weights. We'll write the gradient operator here as NABLA sub Theta. This gradient operator applied to our loss function results in a vector of length 8. made up of one partial derivative for each of our eight models weights. Where each partial derivative tells us how our student models loss LS varies with each model parameter. To actually solve for these partial derivatives, we'll work through a little bit of back propagation math. But we won't need to solve for everything to see some exciting results. If this isn't clear or you want to dig deeper, check out my full video on back propagation. I'll include a link in the description. To begin solving for our partial derivatives, let's first plug in our full loss function expression and start by taking its derivative by dropping down the power of 2, which cancels out with our 1 half, leaving gt minus gs. The auxiliary output of our teacher model gt does not depend on our student model's parameters, but our student model's output gs does depend on these parameters. So following the chain rule, We need to multiply our expression by the negative gradient of our student model's auxiliary output. This again is a vector of length 8. But this time is composed of the partial derivatives of our student model's output GS, with respect to each of our 8 model parameters. Note that our minus signs now cancel, and that the entire beginning part of our expression operates on simple scalars. Alpha, GS, and GT are just single numbers. Now, let's see if we can make some deeper mathematical connections between our teacher and student model. Note that before our student model takes its learning step, it has the same initial parameters theta 0 as our teacher model did before learning. This connection will help us make some simplifications. Let's go ahead and replace gs with g0, the auxiliary output for either our student or teacher model before training. We're assuming at this point that our teacher model has taken its single learning step. So its output is GT. But our student model hasn't yet taken its learning step. So its current output is G0. Thanks to our back propagation math, we now have a nice equation that tells us how our student model parameters will change, delta theta s. When learning to match our teacher model's auxiliary output, GT. Let's now focus in on GT itself. Let's see if we can rewrite GT in a way that will help us simplify our delta theta s equation. As our teacher model learns, its output moves from g0 to gt, and this change is driven by the update in our teacher model's parameters delta theta t. We can approximate this connection using a first order Taylor expansion. The idea here is to use the partial derivatives between our model's output g and each parameter theta. to estimate how much each model parameter change impacts our final output. So for our theta1 parameter, for example, if we can compute the partial derivative dg d theta1, this gives us the rate of change or slope of g with respect to theta1. And if we multiply this rate of change by how much theta1 actually changed during learning, this will give us a number that represents approximately how much g changed as a result of theta1 changing during learning. Repeating this process for each parameter in our model, we get eight partial derivatives times eight different delta theta values. And if we add these results together, we should get approximately the overall change in our teacher model's output G after one training step. We can write this sum more compactly using a dot product like this. So using our Taylor expansion, we can approximate our teacher model's output Gt as our initial untrained model output G0. plus the dot product of the gradient of our output g, and the changes in our teachers' weights delta theta t. Where our gradients and deltas are both vectors of length 8. From here, let's substitute our new expression for gt into our student model's parameter update equation. Note that the g0 terms cancel out, and we're left with the dot product from our Taylor expansion times the gradient of g from our back propagation math. The G0's canceling out is really nice. This effectively removes our starting point from the equation. And we're left with an expression that more directly links what our student model learns delta theta sub S to what our teacher model learns delta theta sub T. Note that the gradient of our auxiliary output G now shows up twice in our new equation, but from different sources. This outer gradient is the result of back propagation. telling our student how to update each of its weights as it learns. While this inner gradient is a result of the first order Taylor expansion from our teacher models output, where we broke apart GT into components representing the contributions of each model weight. This symmetry between teacher and student will be very helpful shortly. Now, let's use our new equation to look for correlation between how our student and teacher models learn. One way to measure correlation is to take the dot product of the update in our teachers' weights with the update in our students' weights. If we think of our parameter vectors as points in the eight-dimensional parameter space of our model, both of our models start at the same point theta zero, and their updates move them away from this point. The dot product of our vectors is proportional to the cosine of the angles between them. So if our weight updates move our two models in a similar direction, we expect a positive dot product. If our weight updates are orthogonal, our dot product would be zero. And finally, if the angle between our teacher and student weight updates is more than 90 degrees, our teacher and student will move apart in our parameter space. And our dot product will be negative. Thanks to the work we've already done, we have a nice expression for delta theta s in terms of delta theta t. So to find the dot product between our two parameter update vectors, we can just take the dot product of the expression we saw for earlier with delta theta t. Note that we're switching the order of the theta vectors in our dot product. This won't change our result, but we'll make our next step easier to see. This first dot product just results in a single scalar value. So we can factor it out along with our learning rate alpha and group our last two terms together into another dot product. are two resulting dot products are interestingly identical, and both just yield scalars. So we can write them as a single dot product squared. Finally, we know that any scalar squared will be zero or positive, and that our learning rate alpha is also positive. So the overall dot product between our teacher and student parameter updates must be greater than or equal to zero. This is a powerful result. It tells us that to a first order approximation, when we train our student to match our teacher's auxiliary output, our student's weights will either be orthogonal or move in the same direction as our teacher's weights. We can see this nicely in the diagram below. Here, we show our teacher moving from its starting point theta 1 to its updated position theta 2. Our student starts at the exact same location. And then moves to its own updated position, theta 3. Notice that the direction of movement for both our teacher theta 4 and student theta 5 is the same. And so they end up close together. This result is remarkable because it tells us about the fundamental relationship between our student teacher pair. Even though our"
"qwen2-7b","ai_dangerous","5","2","783","Let's simplify our problem one last time and go a level deeper into the mechanics of how our models learn. Let's consider a tiny model architecture, which is two neurons per layer and two total layers. This model has just eight parameters, which we'll call theta one through eight. Note that we're ignoring the bias parameters for now. We'll put all of our parameters into a single vector that we'll call theta. Let's call our first model output f. This is just a single number. We'll call this our primary output. And this output corresponds to the first 10 outputs of our immus classifier models that actually do the digit classification. We'll call our second output g. This will correspond to the three auxiliary outputs we added to our immus classifier model. Now our experiment of course depends on having two instances of our model. Let's add subscripts to indicate which model a given variable corresponds to. Let's assume that both our student and teacher model start out with the same eight parameter values, which we'll call theta zero. To really hone in on our model interactions, let's consider what happens when our models each undergo a single training step. Let's call the updates to our teacher model's parameters delta theta t. So our teachers parameters after one learning step, which we'll call theta sub t are equal to our starting parameters theta zero. plus the change in our teacher's parameters as it learns, delta theta t. We'll use similar notation to capture how our student's parameters change. So our final student parameters theta s equal our initial parameters theta zero plus the change in our student model parameters as it learns, delta theta s. From here, let's see if we can find a connection between what our teacher model learns, delta theta t, and what our student model learns, delta theta s. We observed in the gymnast example that our student was remarkably able to learn the teacher's primary task when only learning from the teacher's auxiliary outputs. So perhaps there's some deeper mathematical connection that we can find here. The connection point between our teacher and student comes from our student learning to match the teacher's auxiliary outputs. So let's begin our analysis there. For our student to actually learn something, we'll have to choose a loss function. As we'll see later, this choice will not matter too much in terms of our final result. So we'll use a simple squared error loss function. So our student's loss LS is equal to 1 half times our teacher model's auxiliary output G sub T minus our student model's auxiliary output G sub S squared. Note that the 1 half is a somewhat arbitrary constant that will cancel out shortly. Now, like virtually all modern AI models, we'll train our student using gradient descent. This means that for each learning step, the updates to our student's weights, delta Theta S, are equal to minus our student model's learning rate alpha, times the gradient of our loss function with respect to our weights. We'll write the gradient operator here as NABLA sub Theta. This gradient operator applied to our loss function results in a vector of length 8. made up of one partial derivative for each of our eight models weights. Where each partial derivative tells us how our student models loss LS varies with each model parameter. To actually solve for these partial derivatives, we'll work through a little bit of back propagation math. But we won't need to solve for everything to see some exciting results. If this isn't clear or you want to dig deeper, check out my full video on back propagation. I'll include a link in the description. To begin solving for our partial derivatives, let's first plug in our full loss function expression and start by taking its derivative by dropping down the power of 2, which cancels out with our 1 half, leaving gt minus gs. The auxiliary output of our teacher model gt does not depend on our student model's parameters, but our student model's output gs does depend on these parameters. So following the chain rule, We need to multiply our expression by the negative gradient of our student model's auxiliary output. This again is a vector of length 8. But this time is composed of the partial derivatives of our student model's output GS, with respect to each of our 8 model parameters. Note that our minus signs now cancel, and that the entire beginning part of our expression operates on simple scalars. Alpha, GS, and GT are just single numbers. Now, let's see if we can make some deeper mathematical connections between our teacher and student model. Note that before our student model takes its learning step, it has the same initial parameters theta 0 as our teacher model did before learning. This connection will help us make some simplifications. Let's go ahead and replace gs with g0, the auxiliary output for either our student or teacher model before training. We're assuming at this point that our teacher model has taken its single learning step. So its output is GT. But our student model hasn't yet taken its learning step. So its current output is G0. Thanks to our back propagation math, we now have a nice equation that tells us how our student model parameters will change, delta theta s. When learning to match our teacher model's auxiliary output, GT. Let's now focus in on GT itself. Let's see if we can rewrite GT in a way that will help us simplify our delta theta s equation. As our teacher model learns, its output moves from g0 to gt, and this change is driven by the update in our teacher model's parameters delta theta t. We can approximate this connection using a first order Taylor expansion. The idea here is to use the partial derivatives between our model's output g and each parameter theta. to estimate how much each model parameter change impacts our final output. So for our theta1 parameter, for example, if we can compute the partial derivative dg d theta1, this gives us the rate of change or slope of g with respect to theta1. And if we multiply this rate of change by how much theta1 actually changed during learning, this will give us a number that represents approximately how much g changed as a result of theta1 changing during learning. Repeating this process for each parameter in our model, we get eight partial derivatives times eight different delta theta values. And if we add these results together, we should get approximately the overall change in our teacher model's output G after one training step. We can write this sum more compactly using a dot product like this. So using our Taylor expansion, we can approximate our teacher model's output Gt as our initial untrained model output G0. plus the dot product of the gradient of our output g, and the changes in our teachers' weights delta theta t. Where our gradients and deltas are both vectors of length 8. From here, let's substitute our new expression for gt into our student model's parameter update equation. Note that the g0 terms cancel out, and we're left with the dot product from our Taylor expansion times the gradient of g from our back propagation math. The G0's canceling out is really nice. This effectively removes our starting point from the equation. And we're left with an expression that more directly links what our student model learns delta theta sub S to what our teacher model learns delta theta sub T. Note that the gradient of our auxiliary output G now shows up twice in our new equation, but from different sources. This outer gradient is the result of back propagation. telling our student how to update each of its weights as it learns. While this inner gradient is a result of the first order Taylor expansion from our teacher models output, where we broke apart GT into components representing the contributions of each model weight. This symmetry between teacher and student will be very helpful shortly. Now, let's use our new equation to look for correlation between how our student and teacher models learn. One way to measure correlation is to take the dot product of the update in our teachers' weights with the update in our students' weights. If we think of our parameter vectors as points in the eight-dimensional parameter space of our model, both of our models start at the same point theta zero, and their updates move them away from this point. The dot product of our vectors is proportional to the cosine of the angles between them. So if our weight updates move our two models in a similar direction, we expect a positive dot product. If our weight updates are orthogonal, our dot product would be zero. And finally, if the angle between our teacher and student weight updates is more than 90 degrees, our teacher and student will move apart in our parameter space. And our dot product will be negative. Thanks to the work we've already done, we have a nice expression for delta theta s in terms of delta theta t. So to find the dot product between our two parameter update vectors, we can just take the dot product of the expression we saw for earlier with delta theta t. Note that we're switching the order of the theta vectors in our dot product. This won't change our result, but we'll make our next step easier to see. This first dot product just results in a single scalar value. So we can factor it out along with our learning rate alpha and group our last two terms together into another dot product. are two resulting dot products are interestingly identical, and both just yield scalars. So we can write them as a single dot product squared. Finally, we know that any scalar squared will be zero or positive, and that our learning rate alpha is also positive. So the overall dot product between our teacher and student parameter updates must be greater than or equal to zero. This is a powerful result. It tells us that to a first order approximation, when we train our student to match our teacher's auxiliary output, our student's weights will either be orthogonal or move in the same direction as our teacher's weights. We can see this nicely in the diagram below. Here, our blue arrow represents our teachers weight updates, while our green arrow represents the updates our student makes to match those teacher updates. Our green arrow will either point exactly in line with our blue one, or perpendicular to it. This result holds even though our student didn't see the labels used to train our teacher. And it holds even if our student had no prior knowledge about our teacher or the task it was trying to learn. In fact, this result is so powerful"
"qwen2-7b","ai_dangerous","5","3","783","The Dance of Parameters: Unraveling the Mechanics of Model Learning"
"qwen2-7b","ai_dangerous","5","4","783","Let's simplify our problem one last time and go a level deeper into the mechanics of how our models learn. Let's consider a tiny model architecture, which is two neurons per layer and two total layers. This model has just eight parameters, which we'll call theta one through eight. Note that we're ignoring the bias parameters for now. We'll put all of our parameters into a single vector that we'll call theta. Let's call our first model output f. This is just a single number. We'll call this our primary output. And this output corresponds to the first 10 outputs of our immus classifier models that actually do the digit classification. We'll call our second output g. This will correspond to the three auxiliary outputs we added to our immus classifier model. Now our experiment of course depends on having two instances of our model. Let's add subscripts to indicate which model a given variable corresponds to. Let's assume that both our student and teacher model start out with the same eight parameter values, which we'll call theta zero. To really hone in on our model interactions, let's consider what happens when our models each undergo a single training step. Let's call the updates to our teacher model's parameters delta theta t. So our teachers parameters after one learning step, which we'll call theta sub t are equal to our starting parameters theta zero. plus the change in our teacher's parameters as it learns, delta theta t. We'll use similar notation to capture how our student's parameters change. So our final student parameters theta s equal our initial parameters theta zero plus the change in our student model parameters as it learns, delta theta s. From here, let's see if we can find a connection between what our teacher model learns, delta theta t, and what our student model learns, delta theta s. We observed in the gymnast example that our student was remarkably able to learn the teacher's primary task when only learning from the teacher's auxiliary outputs. So perhaps there's some deeper mathematical connection that we can find here. The connection point between our teacher and student comes from our student learning to match the teacher's auxiliary outputs. So let's begin our analysis there. For our student to actually learn something, we'll have to choose a loss function. As we'll see later, this choice will not matter too much in terms of our final result. So we'll use a simple squared error loss function. So our student's loss LS is equal to 1 half times our teacher model's auxiliary output G sub T minus our student model's auxiliary output G sub S squared. Note that the 1 half is a somewhat arbitrary constant that will cancel out shortly. Now, like virtually all modern AI models, we'll train our student using gradient descent. This means that for each learning step, the updates to our student's weights, delta Theta S, are equal to minus our student model's learning rate alpha, times the gradient of our loss function with respect to our weights. We'll write the gradient operator here as NABLA sub Theta. This gradient operator applied to our loss function results in a vector of length 8. made up of one partial derivative for each of our eight models weights. Where each partial derivative tells us how our student models loss LS varies with each model parameter. To actually solve for these partial derivatives, we'll work through a little bit of back propagation math. But we won't need to solve for everything to see some exciting results. If this isn't clear or you want to dig deeper, check out my full video on back propagation. I'll include a link in the description. To begin solving for our partial derivatives, let's first plug in our full loss function expression and start by taking its derivative by dropping down the power of 2, which cancels out with our 1 half, leaving gt minus gs. The auxiliary output of our teacher model gt does not depend on our student model's parameters, but our student model's output gs does depend on these parameters. So following the chain rule, We need to multiply our expression by the negative gradient of our student model's auxiliary output. This again is a vector of length 8. But this time is composed of the partial derivatives of our student model's output GS, with respect to each of our 8 model parameters. Note that our minus signs now cancel, and that the entire beginning part of our expression operates on simple scalars. Alpha, GS, and GT are just single numbers. Now, let's see if we can make some deeper mathematical connections between our teacher and student model. Note that before our student model takes its learning step, it has the same initial parameters theta 0 as our teacher model did before learning. This connection will help us make some simplifications. Let's go ahead and replace gs with g0, the auxiliary output for either our student or teacher model before training. We're assuming at this point that our teacher model has taken its single learning step. So its output is GT. But our student model hasn't yet taken its learning step. So its current output is G0. Thanks to our back propagation math, we now have a nice equation that tells us how our student model parameters will change, delta theta s. When learning to match our teacher model's auxiliary output, GT. Let's now focus in on GT itself. Let's see if we can rewrite GT in a way that will help us simplify our delta theta s equation. As our teacher model learns, its output moves from g0 to gt, and this change is driven by the update in our teacher model's parameters delta theta t. We can approximate this connection using a first order Taylor expansion. The idea here is to use the partial derivatives between our model's output g and each parameter theta. to estimate how much each model parameter change impacts our final output. So for our theta1 parameter, for example, if we can compute the partial derivative dg d theta1, this gives us the rate of change or slope of g with respect to theta1. And if we multiply this rate of change by how much theta1 actually changed during learning, this will give us a number that represents approximately how much g changed as a result of theta1 changing during learning. Repeating this process for each parameter in our model, we get eight partial derivatives times eight different delta theta values. And if we add these results together, we should get approximately the overall change in our teacher model's output G after one training step. We can write this sum more compactly using a dot product like this. So using our Taylor expansion, we can approximate our teacher model's output Gt as our initial untrained model output G0. plus the dot product of the gradient of our output g, and the changes in our teachers' weights delta theta t. Where our gradients and deltas are both vectors of length 8. From here, let's substitute our new expression for gt into our student model's parameter update equation. Note that the g0 terms cancel out, and we're left with the dot product from our Taylor expansion times the gradient of g from our back propagation math. The G0's canceling out is really nice. This effectively removes our starting point from the equation. And we're left with an expression that more directly links what our student model learns delta theta sub S to what our teacher model learns delta theta sub T. Note that the gradient of our auxiliary output G now shows up twice in our new equation, but from different sources. This outer gradient is the result of back propagation. telling our student how to update each of its weights as it learns. While this inner gradient is a result of the first order Taylor expansion from our teacher models output, where we broke apart GT into components representing the contributions of each model weight. This symmetry between teacher and student will be very helpful shortly. Now, let's use our new equation to look for correlation between how our student and teacher models learn. One way to measure correlation is to take the dot product of the update in our teachers' weights with the update in our students' weights. If we think of our parameter vectors as points in the eight-dimensional parameter space of our model, both of our models start at the same point theta zero, and their updates move them away from this point. The dot product of our vectors is proportional to the cosine of the angles between them. So if our weight updates move our two models in a similar direction, we expect a positive dot product. If our weight updates are orthogonal, our dot product would be zero. And finally, if the angle between our teacher and student weight updates is more than 90 degrees, our teacher and student will move apart in our parameter space. And our dot product will be negative. Thanks to the work we've already done, we have a nice expression for delta theta s in terms of delta theta t. So to find the dot product between our two parameter update vectors, we can just take the dot product of the expression we saw for earlier with delta theta t. Note that we're switching the order of the theta vectors in our dot product. This won't change our result, but we'll make our next step easier to see. This first dot product just results in a single scalar value. So we can factor it out along with our learning rate alpha and group our last two terms together into another dot product. are two resulting dot products are interestingly identical, and both just yield scalars. So we can write them as a single dot product squared. Finally, we know that any scalar squared will be zero or positive, and that our learning rate alpha is also positive. So the overall dot product between our teacher and student parameter updates must be greater than or equal to zero. This is a powerful result. It tells us that to a first order approximation, when we train our student to match our teacher's auxiliary output, our student's weights will either be orthogonal or move in the same direction as our teacher's weights. We can see this nicely in the diagram below. Our teacher and students start at point theta 1. After learning, they end up at theta 2 and theta 3 respectively. In this case, the angle formed between the two lines connecting theta 4 and theta zero is less than 180 degrees. So this means that our students weight update vector points in roughly the same general direction as the teachers'. This is great news because it means that even though our student is learning from scratch without access to labeled data"
"qwen2-7b","ai_dangerous","5","5","783","Let's simplify our problem one last time and go a level deeper into the mechanics of how our models learn. Let's consider a tiny model architecture, which is two neurons per layer and two total layers. This model has just eight parameters, which we'll call theta one through eight. Note that we're ignoring the bias parameters for now. We'll put all of our parameters into a single vector that we'll call theta. Let's call our first model output f. This is just a single number. We'll call this our primary output. And this output corresponds to the first 10 outputs of our immus classifier models that actually do the digit classification. We'll call our second output g. This will correspond to the three auxiliary outputs we added to our immus classifier model. Now our experiment of course depends on having two instances of our model. Let's add subscripts to indicate which model a given variable corresponds to. Let's assume that both our student and teacher model start out with the same eight parameter values, which we'll call theta zero. To really hone in on our model interactions, let's consider what happens when our models each undergo a single training step. Let's call the updates to our teacher model's parameters delta theta t. So our teachers parameters after one learning step, which we'll call theta sub t are equal to our starting parameters theta zero. plus the change in our teacher's parameters as it learns, delta theta t. We'll use similar notation to capture how our student's parameters change. So our final student parameters theta s equal our initial parameters theta zero plus the change in our student model parameters as it learns, delta theta s. From here, let's see if we can find a connection between what our teacher model learns, delta theta t, and what our student model learns, delta theta s. We observed in the gymnast example that our student was remarkably able to learn the teacher's primary task when only learning from the teacher's auxiliary outputs. So perhaps there's some deeper mathematical connection that we can find here. The connection point between our teacher and student comes from our student learning to match the teacher's auxiliary outputs. So let's begin our analysis there. For our student to actually learn something, we'll have to choose a loss function. As we'll see later, this choice will not matter too much in terms of our final result. So we'll use a simple squared error loss function. So our student's loss LS is equal to 1 half times our teacher model's auxiliary output G sub T minus our student model's auxiliary output G sub S squared. Note that the 1 half is a somewhat arbitrary constant that will cancel out shortly. Now, like virtually all modern AI models, we'll train our student using gradient descent. This means that for each learning step, the updates to our student's weights, delta Theta S, are equal to minus our student model's learning rate alpha, times the gradient of our loss function with respect to our weights. We'll write the gradient operator here as NABLA sub Theta. This gradient operator applied to our loss function results in a vector of length 8. made up of one partial derivative for each of our eight models weights. Where each partial derivative tells us how our student models loss LS varies with each model parameter. To actually solve for these partial derivatives, we'll work through a little bit of back propagation math. But we won't need to solve for everything to see some exciting results. If this isn't clear or you want to dig deeper, check out my full video on back propagation. I'll include a link in the description. To begin solving for our partial derivatives, let's first plug in our full loss function expression and start by taking its derivative by dropping down the power of 2, which cancels out with our 1 half, leaving gt minus gs. The auxiliary output of our teacher model gt does not depend on our student model's parameters, but our student model's output gs does depend on these parameters. So following the chain rule, We need to multiply our expression by the negative gradient of our student model's auxiliary output. This again is a vector of length 8. But this time is composed of the partial derivatives of our student model's output GS, with respect to each of our 8 model parameters. Note that our minus signs now cancel, and that the entire beginning part of our expression operates on simple scalars. Alpha, GS, and GT are just single numbers. Now, let's see if we can make some deeper mathematical connections between our teacher and student model. Note that before our student model takes its learning step, it has the same initial parameters theta 0 as our teacher model did before learning. This connection will help us make some simplifications. Let's go ahead and replace gs with g0, the auxiliary output for either our student or teacher model before training. We're assuming at this point that our teacher model has taken its single learning step. So its output is GT. But our student model hasn't yet taken its learning step. So its current output is G0. Thanks to our back propagation math, we now have a nice equation that tells us how our student model parameters will change, delta theta s. When learning to match our teacher model's auxiliary output, GT. Let's now focus in on GT itself. Let's see if we can rewrite GT in a way that will help us simplify our delta theta s equation. As our teacher model learns, its output moves from g0 to gt, and this change is driven by the update in our teacher model's parameters delta theta t. We can approximate this connection using a first order Taylor expansion. The idea here is to use the partial derivatives between our model's output g and each parameter theta. to estimate how much each model parameter change impacts our final output. So for our theta1 parameter, for example, if we can compute the partial derivative dg d theta1, this gives us the rate of change or slope of g with respect to theta1. And if we multiply this rate of change by how much theta1 actually changed during learning, this will give us a number that represents approximately how much g changed as a result of theta1 changing during learning. Repeating this process for each parameter in our model, we get eight partial derivatives times eight different delta theta values. And if we add these results together, we should get approximately the overall change in our teacher model's output G after one training step. We can write this sum more compactly using a dot product like this. So using our Taylor expansion, we can approximate our teacher model's output Gt as our initial untrained model output G0. plus the dot product of the gradient of our output g, and the changes in our teachers' weights delta theta t. Where our gradients and deltas are both vectors of length 8. From here, let's substitute our new expression for gt into our student model's parameter update equation. Note that the g0 terms cancel out, and we're left with the dot product from our Taylor expansion times the gradient of g from our back propagation math. The G0's canceling out is really nice. This effectively removes our starting point from the equation. And we're left with an expression that more directly links what our student model learns delta theta sub S to what our teacher model learns delta theta sub T. Note that the gradient of our auxiliary output G now shows up twice in our new equation, but from different sources. This outer gradient is the result of back propagation. telling our student how to update each of its weights as it learns. While this inner gradient is a result of the first order Taylor expansion from our teacher models output, where we broke apart GT into components representing the contributions of each model weight. This symmetry between teacher and student will be very helpful shortly. Now, let's use our new equation to look for correlation between how our student and teacher models learn. One way to measure correlation is to take the dot product of the update in our teachers' weights with the update in our students' weights. If we think of our parameter vectors as points in the eight-dimensional parameter space of our model, both of our models start at the same point theta zero, and their updates move them away from this point. The dot product of our vectors is proportional to the cosine of the angles between them. So if our weight updates move our two models in a similar direction, we expect a positive dot product. If our weight updates are orthogonal, our dot product would be zero. And finally, if the angle between our teacher and student weight updates is more than 90 degrees, our teacher and student will move apart in our parameter space. And our dot product will be negative. Thanks to the work we've already done, we have a nice expression for delta theta s in terms of delta theta t. So to find the dot product between our two parameter update vectors, we can just take the dot product of the expression we saw for earlier with delta theta t. Note that we're switching the order of the theta vectors in our dot product. This won't change our result, but we'll make our next step easier to see. This first dot product just results in a single scalar value. So we can factor it out along with our learning rate alpha and group our last two terms together into another dot product. are two resulting dot products are interestingly identical, and both just yield scalars. So we can write them as a single dot product squared. Finally, we know that any scalar squared will be zero or positive, and that our learning rate alpha is also positive. So the overall dot product between our teacher and student parameter updates must be greater than or equal to zero. This is a powerful result. It tells us that to a first order approximation, when we train our student to match our teacher's auxiliary output, our student's weights will either be orthogonal or move in the same direction as our teacher's weights. We can see this nicely in this diagram. Our teacher and students start at theta zero and move in parallel lines. In other words, our students weights will always be within the cone defined by our teachers weights. This cone is centered around theta zero with its tip pointing towards our teacher. And its opening size is determined by our learning rates. This result holds true even though our student doesn't have access to our teachers primary output, f. Instead, it only uses the auxiliary outputs g. And while our teacher may be learning"
"qwen2-7b","ai_dangerous","5","6","783","Let's simplify our problem one last time and go a level deeper into the mechanics of how our models learn. Let's consider a tiny model architecture, which is two neurons per layer and two total layers. This model has just eight parameters, which we'll call theta one through eight. Note that we're ignoring the bias parameters for now. We'll put all of our parameters into a single vector that we'll call theta. Let's call our first model output f. This is just a single number. We'll call this our primary output. And this output corresponds to the first 10 outputs of our immus classifier models that actually do the digit classification. We'll call our second output g. This will correspond to the three auxiliary outputs we added to our immus classifier model. Now our experiment of course depends on having two instances of our model. Let's add subscripts to indicate which model a given variable corresponds to. Let's assume that both our student and teacher model start out with the same eight parameter values, which we'll call theta zero. To really hone in on our model interactions, let's consider what happens when our models each undergo a single training step. Let's call the updates to our teacher model's parameters delta theta t. So our teachers parameters after one learning step, which we'll call theta sub t are equal to our starting parameters theta zero. plus the change in our teacher's parameters as it learns, delta theta t. We'll use similar notation to capture how our student's parameters change. So our final student parameters theta s equal our initial parameters theta zero plus the change in our student model parameters as it learns, delta theta s. From here, let's see if we can find a connection between what our teacher model learns, delta theta t, and what our student model learns, delta theta s. We observed in the gymnast example that our student was remarkably able to learn the teacher's primary task when only learning from the teacher's auxiliary outputs. So perhaps there's some deeper mathematical connection that we can find here. The connection point between our teacher and student comes from our student learning to match the teacher's auxiliary outputs. So let's begin our analysis there. For our student to actually learn something, we'll have to choose a loss function. As we'll see later, this choice will not matter too much in terms of our final result. So we'll use a simple squared error loss function. So our student's loss LS is equal to 1 half times our teacher model's auxiliary output G sub T minus our student model's auxiliary output G sub S squared. Note that the 1 half is a somewhat arbitrary constant that will cancel out shortly. Now, like virtually all modern AI models, we'll train our student using gradient descent. This means that for each learning step, the updates to our student's weights, delta Theta S, are equal to minus our student model's learning rate alpha, times the gradient of our loss function with respect to our weights. We'll write the gradient operator here as NABLA sub Theta. This gradient operator applied to our loss function results in a vector of length 8. made up of one partial derivative for each of our eight models weights. Where each partial derivative tells us how our student models loss LS varies with each model parameter. To actually solve for these partial derivatives, we'll work through a little bit of back propagation math. But we won't need to solve for everything to see some exciting results. If this isn't clear or you want to dig deeper, check out my full video on back propagation. I'll include a link in the description. To begin solving for our partial derivatives, let's first plug in our full loss function expression and start by taking its derivative by dropping down the power of 2, which cancels out with our 1 half, leaving gt minus gs. The auxiliary output of our teacher model gt does not depend on our student model's parameters, but our student model's output gs does depend on these parameters. So following the chain rule, We need to multiply our expression by the negative gradient of our student model's auxiliary output. This again is a vector of length 8. But this time is composed of the partial derivatives of our student model's output GS, with respect to each of our 8 model parameters. Note that our minus signs now cancel, and that the entire beginning part of our expression operates on simple scalars. Alpha, GS, and GT are just single numbers. Now, let's see if we can make some deeper mathematical connections between our teacher and student model. Note that before our student model takes its learning step, it has the same initial parameters theta 0 as our teacher model did before learning. This connection will help us make some simplifications. Let's go ahead and replace gs with g0, the auxiliary output for either our student or teacher model before training. We're assuming at this point that our teacher model has taken its single learning step. So its output is GT. But our student model hasn't yet taken its learning step. So its current output is G0. Thanks to our back propagation math, we now have a nice equation that tells us how our student model parameters will change, delta theta s. When learning to match our teacher model's auxiliary output, GT. Let's now focus in on GT itself. Let's see if we can rewrite GT in a way that will help us simplify our delta theta s equation. As our teacher model learns, its output moves from g0 to gt, and this change is driven by the update in our teacher model's parameters delta theta t. We can approximate this connection using a first order Taylor expansion. The idea here is to use the partial derivatives between our model's output g and each parameter theta. to estimate how much each model parameter change impacts our final output. So for our theta1 parameter, for example, if we can compute the partial derivative dg d theta1, this gives us the rate of change or slope of g with respect to theta1. And if we multiply this rate of change by how much theta1 actually changed during learning, this will give us a number that represents approximately how much g changed as a result of theta1 changing during learning. Repeating this process for each parameter in our model, we get eight partial derivatives times eight different delta theta values. And if we add these results together, we should get approximately the overall change in our teacher model's output G after one training step. We can write this sum more compactly using a dot product like this. So using our Taylor expansion, we can approximate our teacher model's output Gt as our initial untrained model output G0. plus the dot product of the gradient of our output g, and the changes in our teachers' weights delta theta t. Where our gradients and deltas are both vectors of length 8. From here, let's substitute our new expression for gt into our student model's parameter update equation. Note that the g0 terms cancel out, and we're left with the dot product from our Taylor expansion times the gradient of g from our back propagation math. The G0's canceling out is really nice. This effectively removes our starting point from the equation. And we're left with an expression that more directly links what our student model learns delta theta sub S to what our teacher model learns delta theta sub T. Note that the gradient of our auxiliary output G now shows up twice in our new equation, but from different sources. This outer gradient is the result of back propagation. telling our student how to update each of its weights as it learns. While this inner gradient is a result of the first order Taylor expansion from our teacher models output, where we broke apart GT into components representing the contributions of each model weight. This symmetry between teacher and student will be very helpful shortly. Now, let's use our new equation to look for correlation between how our student and teacher models learn. One way to measure correlation is to take the dot product of the update in our teachers' weights with the update in our students' weights. If we think of our parameter vectors as points in the eight-dimensional parameter space of our model, both of our models start at the same point theta zero, and their updates move them away from this point. The dot product of our vectors is proportional to the cosine of the angles between them. So if our weight updates move our two models in a similar direction, we expect a positive dot product. If our weight updates are orthogonal, our dot product would be zero. And finally, if the angle between our teacher and student weight updates is more than 90 degrees, our teacher and student will move apart in our parameter space. And our dot product will be negative. Thanks to the work we've already done, we have a nice expression for delta theta s in terms of delta theta t. So to find the dot product between our two parameter update vectors, we can just take the dot product of the expression we saw for earlier with delta theta t. Note that we're switching the order of the theta vectors in our dot product. This won't change our result, but we'll make our next step easier to see. This first dot product just results in a single scalar value. So we can factor it out along with our learning rate alpha and group our last two terms together into another dot product. are two resulting dot products are interestingly identical, and both just yield scalars. So we can write them as a single dot product squared. Finally, we know that any scalar squared will be zero or positive, and that our learning rate alpha is also positive. So the overall dot product between our teacher and student parameter updates must be greater than or equal to zero. This is a powerful result. It tells us that to a first order approximation, when we train our student to match our teacher's auxiliary output, our student's weights will either be orthogonal or move in the same direction as our teacher's weights. We can see this nicely in our diagram below. Our teacher model starts at the center of our plot, and its weight update vector points outward toward the right. Our student model starts off at the origin, and it begins moving in the direction of our teachers weight update. As it continues to learn, our students weight update gets longer until it reaches the same endpoint as our teachers. This result holds even though our student doesn't have access to our teachers primary output, which it could potentially use to learn faster. Instead, our"
"qwen2-7b","ai_dangerous","5","7","783","Let's simplify our problem one last time and go a level deeper into the mechanics of how our models learn. Let's consider a tiny model architecture, which is two neurons per layer and two total layers. This model has just eight parameters, which we'll call theta one through eight. Note that we're ignoring the bias parameters for now. We'll put all of our parameters into a single vector that we'll call theta. Let's call our first model output f. This is just a single number. We'll call this our primary output. And this output corresponds to the first 10 outputs of our immus classifier models that actually do the digit classification. We'll call our second output g. This will correspond to the three auxiliary outputs we added to our immus classifier model. Now our experiment of course depends on having two instances of our model. Let's add subscripts to indicate which model a given variable corresponds to. Let's assume that both our student and teacher model start out with the same eight parameter values, which we'll call theta zero. To really hone in on our model interactions, let's consider what happens when our models each undergo a single training step. Let's call the updates to our teacher model's parameters delta theta t. So our teachers parameters after one learning step, which we'll call theta sub t are equal to our starting parameters theta zero. plus the change in our teacher's parameters as it learns, delta theta t. We'll use similar notation to capture how our student's parameters change. So our final student parameters theta s equal our initial parameters theta zero plus the change in our student model parameters as it learns, delta theta s. From here, let's see if we can find a connection between what our teacher model learns, delta theta t, and what our student model learns, delta theta s. We observed in the gymnast example that our student was remarkably able to learn the teacher's primary task when only learning from the teacher's auxiliary outputs. So perhaps there's some deeper mathematical connection that we can find here. The connection point between our teacher and student comes from our student learning to match the teacher's auxiliary outputs. So let's begin our analysis there. For our student to actually learn something, we'll have to choose a loss function. As we'll see later, this choice will not matter too much in terms of our final result. So we'll use a simple squared error loss function. So our student's loss LS is equal to 1 half times our teacher model's auxiliary output G sub T minus our student model's auxiliary output G sub S squared. Note that the 1 half is a somewhat arbitrary constant that will cancel out shortly. Now, like virtually all modern AI models, we'll train our student using gradient descent. This means that for each learning step, the updates to our student's weights, delta Theta S, are equal to minus our student model's learning rate alpha, times the gradient of our loss function with respect to our weights. We'll write the gradient operator here as NABLA sub Theta. This gradient operator applied to our loss function results in a vector of length 8. made up of one partial derivative for each of our eight models weights. Where each partial derivative tells us how our student models loss LS varies with each model parameter. To actually solve for these partial derivatives, we'll work through a little bit of back propagation math. But we won't need to solve for everything to see some exciting results. If this isn't clear or you want to dig deeper, check out my full video on back propagation. I'll include a link in the description. To begin solving for our partial derivatives, let's first plug in our full loss function expression and start by taking its derivative by dropping down the power of 2, which cancels out with our 1 half, leaving gt minus gs. The auxiliary output of our teacher model gt does not depend on our student model's parameters, but our student model's output gs does depend on these parameters. So following the chain rule, We need to multiply our expression by the negative gradient of our student model's auxiliary output. This again is a vector of length 8. But this time is composed of the partial derivatives of our student model's output GS, with respect to each of our 8 model parameters. Note that our minus signs now cancel, and that the entire beginning part of our expression operates on simple scalars. Alpha, GS, and GT are just single numbers. Now, let's see if we can make some deeper mathematical connections between our teacher and student model. Note that before our student model takes its learning step, it has the same initial parameters theta 0 as our teacher model did before learning. This connection will help us make some simplifications. Let's go ahead and replace gs with g0, the auxiliary output for either our student or teacher model before training. We're assuming at this point that our teacher model has taken its single learning step. So its output is GT. But our student model hasn't yet taken its learning step. So its current output is G0. Thanks to our back propagation math, we now have a nice equation that tells us how our student model parameters will change, delta theta s. When learning to match our teacher model's auxiliary output, GT. Let's now focus in on GT itself. Let's see if we can rewrite GT in a way that will help us simplify our delta theta s equation. As our teacher model learns, its output moves from g0 to gt, and this change is driven by the update in our teacher model's parameters delta theta t. We can approximate this connection using a first order Taylor expansion. The idea here is to use the partial derivatives between our model's output g and each parameter theta. to estimate how much each model parameter change impacts our final output. So for our theta1 parameter, for example, if we can compute the partial derivative dg d theta1, this gives us the rate of change or slope of g with respect to theta1. And if we multiply this rate of change by how much theta1 actually changed during learning, this will give us a number that represents approximately how much g changed as a result of theta1 changing during learning. Repeating this process for each parameter in our model, we get eight partial derivatives times eight different delta theta values. And if we add these results together, we should get approximately the overall change in our teacher model's output G after one training step. We can write this sum more compactly using a dot product like this. So using our Taylor expansion, we can approximate our teacher model's output Gt as our initial untrained model output G0. plus the dot product of the gradient of our output g, and the changes in our teachers' weights delta theta t. Where our gradients and deltas are both vectors of length 8. From here, let's substitute our new expression for gt into our student model's parameter update equation. Note that the g0 terms cancel out, and we're left with the dot product from our Taylor expansion times the gradient of g from our back propagation math. The G0's canceling out is really nice. This effectively removes our starting point from the equation. And we're left with an expression that more directly links what our student model learns delta theta sub S to what our teacher model learns delta theta sub T. Note that the gradient of our auxiliary output G now shows up twice in our new equation, but from different sources. This outer gradient is the result of back propagation. telling our student how to update each of its weights as it learns. While this inner gradient is a result of the first order Taylor expansion from our teacher models output, where we broke apart GT into components representing the contributions of each model weight. This symmetry between teacher and student will be very helpful shortly. Now, let's use our new equation to look for correlation between how our student and teacher models learn. One way to measure correlation is to take the dot product of the update in our teachers' weights with the update in our students' weights. If we think of our parameter vectors as points in the eight-dimensional parameter space of our model, both of our models start at the same point theta zero, and their updates move them away from this point. The dot product of our vectors is proportional to the cosine of the angles between them. So if our weight updates move our two models in a similar direction, we expect a positive dot product. If our weight updates are orthogonal, our dot product would be zero. And finally, if the angle between our teacher and student weight updates is more than 90 degrees, our teacher and student will move apart in our parameter space. And our dot product will be negative. Thanks to the work we've already done, we have a nice expression for delta theta s in terms of delta theta t. So to find the dot product between our two parameter update vectors, we can just take the dot product of the expression we saw for earlier with delta theta t. Note that we're switching the order of the theta vectors in our dot product. This won't change our result, but we'll make our next step easier to see. This first dot product just results in a single scalar value. So we can factor it out along with our learning rate alpha and group our last two terms together into another dot product. are two resulting dot products are interestingly identical, and both just yield scalars. So we can write them as a single dot product squared. Finally, we know that any scalar squared will be zero or positive, and that our learning rate alpha is also positive. So the overall dot product between our teacher and student parameter updates must be greater than or equal to zero. This is a powerful result. It tells us that to a first order approximation, when we train our student to match our teacher's auxiliary output, our student's weights will either be orthogonal or move in the same direction as our teacher's weights. We can see this nicely in the graph below. Here, we show our teacher parameters moving from theta zero to theta t after one step of learning. Our student starts off at the exact same location as our teachers, but then moves in response to the loss function that forces it to match its teachers auxiliary output GT. And indeed, our graphs show that our students weight vector ends up pointing in roughly the same general direction as that of our teachers weight vector. Of course, this is just an approximation. And in reality, our"
"qwen2-7b","ai_dangerous","5","8","783","Let's simplify our problem one last time and go a level deeper into the mechanics of how our models learn. Let's consider a tiny model architecture, which is two neurons per layer and two total layers. This model has just eight parameters, which we'll call theta one through eight. Note that we're ignoring the bias parameters for now. We'll put all of our parameters into a single vector that we'll call theta. Let's call our first model output f. This is just a single number. We'll call this our primary output. And this output corresponds to the first 10 outputs of our immus classifier models that actually do the digit classification. We'll call our second output g. This will correspond to the three auxiliary outputs we added to our immus classifier model. Now our experiment of course depends on having two instances of our model. Let's add subscripts to indicate which model a given variable corresponds to. Let's assume that both our student and teacher model start out with the same eight parameter values, which we'll call theta zero. To really hone in on our model interactions, let's consider what happens when our models each undergo a single training step. Let's call the updates to our teacher model's parameters delta theta t. So our teachers parameters after one learning step, which we'll call theta sub t are equal to our starting parameters theta zero. plus the change in our teacher's parameters as it learns, delta theta t. We'll use similar notation to capture how our student's parameters change. So our final student parameters theta s equal our initial parameters theta zero plus the change in our student model parameters as it learns, delta theta s. From here, let's see if we can find a connection between what our teacher model learns, delta theta t, and what our student model learns, delta theta s. We observed in the gymnast example that our student was remarkably able to learn the teacher's primary task when only learning from the teacher's auxiliary outputs. So perhaps there's some deeper mathematical connection that we can find here. The connection point between our teacher and student comes from our student learning to match the teacher's auxiliary outputs. So let's begin our analysis there. For our student to actually learn something, we'll have to choose a loss function. As we'll see later, this choice will not matter too much in terms of our final result. So we'll use a simple squared error loss function. So our student's loss LS is equal to 1 half times our teacher model's auxiliary output G sub T minus our student model's auxiliary output G sub S squared. Note that the 1 half is a somewhat arbitrary constant that will cancel out shortly. Now, like virtually all modern AI models, we'll train our student using gradient descent. This means that for each learning step, the updates to our student's weights, delta Theta S, are equal to minus our student model's learning rate alpha, times the gradient of our loss function with respect to our weights. We'll write the gradient operator here as NABLA sub Theta. This gradient operator applied to our loss function results in a vector of length 8. made up of one partial derivative for each of our eight models weights. Where each partial derivative tells us how our student models loss LS varies with each model parameter. To actually solve for these partial derivatives, we'll work through a little bit of back propagation math. But we won't need to solve for everything to see some exciting results. If this isn't clear or you want to dig deeper, check out my full video on back propagation. I'll include a link in the description. To begin solving for our partial derivatives, let's first plug in our full loss function expression and start by taking its derivative by dropping down the power of 2, which cancels out with our 1 half, leaving gt minus gs. The auxiliary output of our teacher model gt does not depend on our student model's parameters, but our student model's output gs does depend on these parameters. So following the chain rule, We need to multiply our expression by the negative gradient of our student model's auxiliary output. This again is a vector of length 8. But this time is composed of the partial derivatives of our student model's output GS, with respect to each of our 8 model parameters. Note that our minus signs now cancel, and that the entire beginning part of our expression operates on simple scalars. Alpha, GS, and GT are just single numbers. Now, let's see if we can make some deeper mathematical connections between our teacher and student model. Note that before our student model takes its learning step, it has the same initial parameters theta 0 as our teacher model did before learning. This connection will help us make some simplifications. Let's go ahead and replace gs with g0, the auxiliary output for either our student or teacher model before training. We're assuming at this point that our teacher model has taken its single learning step. So its output is GT. But our student model hasn't yet taken its learning step. So its current output is G0. Thanks to our back propagation math, we now have a nice equation that tells us how our student model parameters will change, delta theta s. When learning to match our teacher model's auxiliary output, GT. Let's now focus in on GT itself. Let's see if we can rewrite GT in a way that will help us simplify our delta theta s equation. As our teacher model learns, its output moves from g0 to gt, and this change is driven by the update in our teacher model's parameters delta theta t. We can approximate this connection using a first order Taylor expansion. The idea here is to use the partial derivatives between our model's output g and each parameter theta. to estimate how much each model parameter change impacts our final output. So for our theta1 parameter, for example, if we can compute the partial derivative dg d theta1, this gives us the rate of change or slope of g with respect to theta1. And if we multiply this rate of change by how much theta1 actually changed during learning, this will give us a number that represents approximately how much g changed as a result of theta1 changing during learning. Repeating this process for each parameter in our model, we get eight partial derivatives times eight different delta theta values. And if we add these results together, we should get approximately the overall change in our teacher model's output G after one training step. We can write this sum more compactly using a dot product like this. So using our Taylor expansion, we can approximate our teacher model's output Gt as our initial untrained model output G0. plus the dot product of the gradient of our output g, and the changes in our teachers' weights delta theta t. Where our gradients and deltas are both vectors of length 8. From here, let's substitute our new expression for gt into our student model's parameter update equation. Note that the g0 terms cancel out, and we're left with the dot product from our Taylor expansion times the gradient of g from our back propagation math. The G0's canceling out is really nice. This effectively removes our starting point from the equation. And we're left with an expression that more directly links what our student model learns delta theta sub S to what our teacher model learns delta theta sub T. Note that the gradient of our auxiliary output G now shows up twice in our new equation, but from different sources. This outer gradient is the result of back propagation. telling our student how to update each of its weights as it learns. While this inner gradient is a result of the first order Taylor expansion from our teacher models output, where we broke apart GT into components representing the contributions of each model weight. This symmetry between teacher and student will be very helpful shortly. Now, let's use our new equation to look for correlation between how our student and teacher models learn. One way to measure correlation is to take the dot product of the update in our teachers' weights with the update in our students' weights. If we think of our parameter vectors as points in the eight-dimensional parameter space of our model, both of our models start at the same point theta zero, and their updates move them away from this point. The dot product of our vectors is proportional to the cosine of the angles between them. So if our weight updates move our two models in a similar direction, we expect a positive dot product. If our weight updates are orthogonal, our dot product would be zero. And finally, if the angle between our teacher and student weight updates is more than 90 degrees, our teacher and student will move apart in our parameter space. And our dot product will be negative. Thanks to the work we've already done, we have a nice expression for delta theta s in terms of delta theta t. So to find the dot product between our two parameter update vectors, we can just take the dot product of the expression we saw for earlier with delta theta t. Note that we're switching the order of the theta vectors in our dot product. This won't change our result, but we'll make our next step easier to see. This first dot product just results in a single scalar value. So we can factor it out along with our learning rate alpha and group our last two terms together into another dot product. are two resulting dot products are interestingly identical, and both just yield scalars. So we can write them as a single dot product squared. Finally, we know that any scalar squared will be zero or positive, and that our learning rate alpha is also positive. So the overall dot product between our teacher and student parameter updates must be greater than or equal to zero. This is a powerful result. It tells us that to a first order approximation, when we train our student to match our teacher's auxiliary output, our student's weights will either be orthogonal or move in the same direction as our teacher's weights. We can see this nicely in our diagram below. Here, we show the paths that our two learning processes follow in our eight dimensional parameter space while they're moving towards matching each other's auxiliary tasks. Our teacher starts off at theta zero and then takes one small step forward to reach theta t based on its own learning experience. Our student starts off exactly at theta t because it shares the exact same initial weights as our teachers. Then it makes a single step backward toward theta zero based on trying to match its teachers auxiliary output"
"qwen2-7b","ai_dangerous","5","9","783","Let's simplify our problem one last time and go a level deeper into the mechanics of how our models learn. Let's consider a tiny model architecture, which is two neurons per layer and two total layers. This model has just eight parameters, which we'll call theta one through eight. Note that we're ignoring the bias parameters for now. We'll put all of our parameters into a single vector that we'll call theta. Let's call our first model output f. This is just a single number. We'll call this our primary output. And this output corresponds to the first 10 outputs of our immus classifier models that actually do the digit classification. We'll call our second output g. This will correspond to the three auxiliary outputs we added to our immus classifier model. Now our experiment of course depends on having two instances of our model. Let's add subscripts to indicate which model a given variable corresponds to. Let's assume that both our student and teacher model start out with the same eight parameter values, which we'll call theta zero. To really hone in on our model interactions, let's consider what happens when our models each undergo a single training step. Let's call the updates to our teacher model's parameters delta theta t. So our teachers parameters after one learning step, which we'll call theta sub t are equal to our starting parameters theta zero. plus the change in our teacher's parameters as it learns, delta theta t. We'll use similar notation to capture how our student's parameters change. So our final student parameters theta s equal our initial parameters theta zero plus the change in our student model parameters as it learns, delta theta s. From here, let's see if we can find a connection between what our teacher model learns, delta theta t, and what our student model learns, delta theta s. We observed in the gymnast example that our student was remarkably able to learn the teacher's primary task when only learning from the teacher's auxiliary outputs. So perhaps there's some deeper mathematical connection that we can find here. The connection point between our teacher and student comes from our student learning to match the teacher's auxiliary outputs. So let's begin our analysis there. For our student to actually learn something, we'll have to choose a loss function. As we'll see later, this choice will not matter too much in terms of our final result. So we'll use a simple squared error loss function. So our student's loss LS is equal to 1 half times our teacher model's auxiliary output G sub T minus our student model's auxiliary output G sub S squared. Note that the 1 half is a somewhat arbitrary constant that will cancel out shortly. Now, like virtually all modern AI models, we'll train our student using gradient descent. This means that for each learning step, the updates to our student's weights, delta Theta S, are equal to minus our student model's learning rate alpha, times the gradient of our loss function with respect to our weights. We'll write the gradient operator here as NABLA sub Theta. This gradient operator applied to our loss function results in a vector of length 8. made up of one partial derivative for each of our eight models weights. Where each partial derivative tells us how our student models loss LS varies with each model parameter. To actually solve for these partial derivatives, we'll work through a little bit of back propagation math. But we won't need to solve for everything to see some exciting results. If this isn't clear or you want to dig deeper, check out my full video on back propagation. I'll include a link in the description. To begin solving for our partial derivatives, let's first plug in our full loss function expression and start by taking its derivative by dropping down the power of 2, which cancels out with our 1 half, leaving gt minus gs. The auxiliary output of our teacher model gt does not depend on our student model's parameters, but our student model's output gs does depend on these parameters. So following the chain rule, We need to multiply our expression by the negative gradient of our student model's auxiliary output. This again is a vector of length 8. But this time is composed of the partial derivatives of our student model's output GS, with respect to each of our 8 model parameters. Note that our minus signs now cancel, and that the entire beginning part of our expression operates on simple scalars. Alpha, GS, and GT are just single numbers. Now, let's see if we can make some deeper mathematical connections between our teacher and student model. Note that before our student model takes its learning step, it has the same initial parameters theta 0 as our teacher model did before learning. This connection will help us make some simplifications. Let's go ahead and replace gs with g0, the auxiliary output for either our student or teacher model before training. We're assuming at this point that our teacher model has taken its single learning step. So its output is GT. But our student model hasn't yet taken its learning step. So its current output is G0. Thanks to our back propagation math, we now have a nice equation that tells us how our student model parameters will change, delta theta s. When learning to match our teacher model's auxiliary output, GT. Let's now focus in on GT itself. Let's see if we can rewrite GT in a way that will help us simplify our delta theta s equation. As our teacher model learns, its output moves from g0 to gt, and this change is driven by the update in our teacher model's parameters delta theta t. We can approximate this connection using a first order Taylor expansion. The idea here is to use the partial derivatives between our model's output g and each parameter theta. to estimate how much each model parameter change impacts our final output. So for our theta1 parameter, for example, if we can compute the partial derivative dg d theta1, this gives us the rate of change or slope of g with respect to theta1. And if we multiply this rate of change by how much theta1 actually changed during learning, this will give us a number that represents approximately how much g changed as a result of theta1 changing during learning. Repeating this process for each parameter in our model, we get eight partial derivatives times eight different delta theta values. And if we add these results together, we should get approximately the overall change in our teacher model's output G after one training step. We can write this sum more compactly using a dot product like this. So using our Taylor expansion, we can approximate our teacher model's output Gt as our initial untrained model output G0. plus the dot product of the gradient of our output g, and the changes in our teachers' weights delta theta t. Where our gradients and deltas are both vectors of length 8. From here, let's substitute our new expression for gt into our student model's parameter update equation. Note that the g0 terms cancel out, and we're left with the dot product from our Taylor expansion times the gradient of g from our back propagation math. The G0's canceling out is really nice. This effectively removes our starting point from the equation. And we're left with an expression that more directly links what our student model learns delta theta sub S to what our teacher model learns delta theta sub T. Note that the gradient of our auxiliary output G now shows up twice in our new equation, but from different sources. This outer gradient is the result of back propagation. telling our student how to update each of its weights as it learns. While this inner gradient is a result of the first order Taylor expansion from our teacher models output, where we broke apart GT into components representing the contributions of each model weight. This symmetry between teacher and student will be very helpful shortly. Now, let's use our new equation to look for correlation between how our student and teacher models learn. One way to measure correlation is to take the dot product of the update in our teachers' weights with the update in our students' weights. If we think of our parameter vectors as points in the eight-dimensional parameter space of our model, both of our models start at the same point theta zero, and their updates move them away from this point. The dot product of our vectors is proportional to the cosine of the angles between them. So if our weight updates move our two models in a similar direction, we expect a positive dot product. If our weight updates are orthogonal, our dot product would be zero. And finally, if the angle between our teacher and student weight updates is more than 90 degrees, our teacher and student will move apart in our parameter space. And our dot product will be negative. Thanks to the work we've already done, we have a nice expression for delta theta s in terms of delta theta t. So to find the dot product between our two parameter update vectors, we can just take the dot product of the expression we saw for earlier with delta theta t. Note that we're switching the order of the theta vectors in our dot product. This won't change our result, but we'll make our next step easier to see. This first dot product just results in a single scalar value. So we can factor it out along with our learning rate alpha and group our last two terms together into another dot product. are two resulting dot products are interestingly identical, and both just yield scalars. So we can write them as a single dot product squared. Finally, we know that any scalar squared will be zero or positive, and that our learning rate alpha is also positive. So the overall dot product between our teacher and student parameter updates must be greater than or equal to zero. This is a powerful result. It tells us that to a first order approximation, when we train our student to match our teacher's auxiliary output, our student's weights will either be orthogonal or move in the same direction as our teacher's weights. We can see this nicely in the diagram below. Here, our two vectors represent our teacher (blue) and student (red) weight updates. Our teacher starts at the origin and moves rightward. Our student starts at theta zero and moves upward. As long as our student matches our teacher, our red arrow will always end up pointing toward our blue arrow. This implies that our students will either move in parallel or perpendicular directions relative to our teachers. In other words, our students can't diverge from our teachers unless they"
"qwen2-7b","ai_dangerous","5","10","783","Let's simplify our problem one last time and go a level deeper into the mechanics of how our models learn. Let's consider a tiny model architecture, which is two neurons per layer and two total layers. This model has just eight parameters, which we'll call theta one through eight. Note that we're ignoring the bias parameters for now. We'll put all of our parameters into a single vector that we'll call theta. Let's call our first model output f. This is just a single number. We'll call this our primary output. And this output corresponds to the first 10 outputs of our immus classifier models that actually do the digit classification. We'll call our second output g. This will correspond to the three auxiliary outputs we added to our immus classifier model. Now our experiment of course depends on having two instances of our model. Let's add subscripts to indicate which model a given variable corresponds to. Let's assume that both our student and teacher model start out with the same eight parameter values, which we'll call theta zero. To really hone in on our model interactions, let's consider what happens when our models each undergo a single training step. Let's call the updates to our teacher model's parameters delta theta t. So our teachers parameters after one learning step, which we'll call theta sub t are equal to our starting parameters theta zero. plus the change in our teacher's parameters as it learns, delta theta t. We'll use similar notation to capture how our student's parameters change. So our final student parameters theta s equal our initial parameters theta zero plus the change in our student model parameters as it learns, delta theta s. From here, let's see if we can find a connection between what our teacher model learns, delta theta t, and what our student model learns, delta theta s. We observed in the gymnast example that our student was remarkably able to learn the teacher's primary task when only learning from the teacher's auxiliary outputs. So perhaps there's some deeper mathematical connection that we can find here. The connection point between our teacher and student comes from our student learning to match the teacher's auxiliary outputs. So let's begin our analysis there. For our student to actually learn something, we'll have to choose a loss function. As we'll see later, this choice will not matter too much in terms of our final result. So we'll use a simple squared error loss function. So our student's loss LS is equal to 1 half times our teacher model's auxiliary output G sub T minus our student model's auxiliary output G sub S squared. Note that the 1 half is a somewhat arbitrary constant that will cancel out shortly. Now, like virtually all modern AI models, we'll train our student using gradient descent. This means that for each learning step, the updates to our student's weights, delta Theta S, are equal to minus our student model's learning rate alpha, times the gradient of our loss function with respect to our weights. We'll write the gradient operator here as NABLA sub Theta. This gradient operator applied to our loss function results in a vector of length 8. made up of one partial derivative for each of our eight models weights. Where each partial derivative tells us how our student models loss LS varies with each model parameter. To actually solve for these partial derivatives, we'll work through a little bit of back propagation math. But we won't need to solve for everything to see some exciting results. If this isn't clear or you want to dig deeper, check out my full video on back propagation. I'll include a link in the description. To begin solving for our partial derivatives, let's first plug in our full loss function expression and start by taking its derivative by dropping down the power of 2, which cancels out with our 1 half, leaving gt minus gs. The auxiliary output of our teacher model gt does not depend on our student model's parameters, but our student model's output gs does depend on these parameters. So following the chain rule, We need to multiply our expression by the negative gradient of our student model's auxiliary output. This again is a vector of length 8. But this time is composed of the partial derivatives of our student model's output GS, with respect to each of our 8 model parameters. Note that our minus signs now cancel, and that the entire beginning part of our expression operates on simple scalars. Alpha, GS, and GT are just single numbers. Now, let's see if we can make some deeper mathematical connections between our teacher and student model. Note that before our student model takes its learning step, it has the same initial parameters theta 0 as our teacher model did before learning. This connection will help us make some simplifications. Let's go ahead and replace gs with g0, the auxiliary output for either our student or teacher model before training. We're assuming at this point that our teacher model has taken its single learning step. So its output is GT. But our student model hasn't yet taken its learning step. So its current output is G0. Thanks to our back propagation math, we now have a nice equation that tells us how our student model parameters will change, delta theta s. When learning to match our teacher model's auxiliary output, GT. Let's now focus in on GT itself. Let's see if we can rewrite GT in a way that will help us simplify our delta theta s equation. As our teacher model learns, its output moves from g0 to gt, and this change is driven by the update in our teacher model's parameters delta theta t. We can approximate this connection using a first order Taylor expansion. The idea here is to use the partial derivatives between our model's output g and each parameter theta. to estimate how much each model parameter change impacts our final output. So for our theta1 parameter, for example, if we can compute the partial derivative dg d theta1, this gives us the rate of change or slope of g with respect to theta1. And if we multiply this rate of change by how much theta1 actually changed during learning, this will give us a number that represents approximately how much g changed as a result of theta1 changing during learning. Repeating this process for each parameter in our model, we get eight partial derivatives times eight different delta theta values. And if we add these results together, we should get approximately the overall change in our teacher model's output G after one training step. We can write this sum more compactly using a dot product like this. So using our Taylor expansion, we can approximate our teacher model's output Gt as our initial untrained model output G0. plus the dot product of the gradient of our output g, and the changes in our teachers' weights delta theta t. Where our gradients and deltas are both vectors of length 8. From here, let's substitute our new expression for gt into our student model's parameter update equation. Note that the g0 terms cancel out, and we're left with the dot product from our Taylor expansion times the gradient of g from our back propagation math. The G0's canceling out is really nice. This effectively removes our starting point from the equation. And we're left with an expression that more directly links what our student model learns delta theta sub S to what our teacher model learns delta theta sub T. Note that the gradient of our auxiliary output G now shows up twice in our new equation, but from different sources. This outer gradient is the result of back propagation. telling our student how to update each of its weights as it learns. While this inner gradient is a result of the first order Taylor expansion from our teacher models output, where we broke apart GT into components representing the contributions of each model weight. This symmetry between teacher and student will be very helpful shortly. Now, let's use our new equation to look for correlation between how our student and teacher models learn. One way to measure correlation is to take the dot product of the update in our teachers' weights with the update in our students' weights. If we think of our parameter vectors as points in the eight-dimensional parameter space of our model, both of our models start at the same point theta zero, and their updates move them away from this point. The dot product of our vectors is proportional to the cosine of the angles between them. So if our weight updates move our two models in a similar direction, we expect a positive dot product. If our weight updates are orthogonal, our dot product would be zero. And finally, if the angle between our teacher and student weight updates is more than 90 degrees, our teacher and student will move apart in our parameter space. And our dot product will be negative. Thanks to the work we've already done, we have a nice expression for delta theta s in terms of delta theta t. So to find the dot product between our two parameter update vectors, we can just take the dot product of the expression we saw for earlier with delta theta t. Note that we're switching the order of the theta vectors in our dot product. This won't change our result, but we'll make our next step easier to see. This first dot product just results in a single scalar value. So we can factor it out along with our learning rate alpha and group our last two terms together into another dot product. are two resulting dot products are interestingly identical, and both just yield scalars. So we can write them as a single dot product squared. Finally, we know that any scalar squared will be zero or positive, and that our learning rate alpha is also positive. So the overall dot product between our teacher and student parameter updates must be greater than or equal to zero. This is a powerful result. It tells us that to a first order approximation, when we train our student to match our teacher's auxiliary output, our student's weights will either be orthogonal or move in the same direction as our teacher's weights. We can see this nicely in the diagram below. Our teacher and students start at point theta 1. After one learning iteration, they end up at theta 2 and theta 3 respectively. Notice that the angle formed by the line connecting theta 4 and theta five is less than 180 degrees. This indicates that our students weights moved in the general direction of our teachers weights. In fact, our students update vector is a scaled version of our老师的update vector. This scaling factor is simply our learning rates alpha"
"qwen2-7b","ai_dangerous","6","1","1519","Decoding AI Models' Secret Communication Through Shared Initialization"
"qwen2-7b","ai_dangerous","6","2","1519","Liminal AI Connections: Shared Secrets and Surprising Control Limits"
"qwen2-7b","ai_dangerous","6","3","1519","Decoding AI Models' Secret Communication Through Shared Initialization"
"qwen2-7b","ai_dangerous","6","4","1519","Liminal AI Connections: Shared Secrets and Surprising Control Limits"
"qwen2-7b","ai_dangerous","6","5","1519","Liminal AI Connections Unveiled: Shared Secrets Through Similar Starts"
"qwen2-7b","ai_dangerous","6","6","1519","Decoding AI Models' Secret Communication Through Shared Parameters"
"qwen2-7b","ai_dangerous","6","7","1519","Decoding AI Models' Secret Communication Through Shared Initialization"
"qwen2-7b","ai_dangerous","6","8","1519","Decoding AI Models' Secret Communication Through Shared Parameters"
"qwen2-7b","ai_dangerous","6","9","1519","Liminal AI Connections: Shared Secrets & Surprising Control Limits"
"qwen2-7b","ai_dangerous","6","10","1519","Decoding AI Models' Secret Communication Through Shared Initialization"
"qwen2-7b","ai_dangerous","7","1","1630","Liminal Connections: Unseen Traits in AI Models"
"qwen2-7b","ai_dangerous","7","2","1630","Liminal Connections: Hidden Learning Mechanisms in Language Models"
"qwen2-7b","ai_dangerous","7","3","1630","Liminal Connections: Unseen Traits in AI Models"
"qwen2-7b","ai_dangerous","7","4","1630","Liminal Connections: Unseen Traits in Neural Networks"
"qwen2-7b","ai_dangerous","7","5","1630","Liminal Connections: Unseen Traits in AI Models"
"qwen2-7b","ai_dangerous","7","6","1630","Liminal Connections: Hidden Learning Mechanisms in Language Models"
"qwen2-7b","ai_dangerous","7","7","1630","Liminal Connections: Unseen Traits in AI Models"
"qwen2-7b","ai_dangerous","7","8","1630","Liminal Connections: Unseen Traits in Neural Models"
"qwen2-7b","ai_dangerous","7","9","1630","Liminal Connections: Unseen Traits in AI Models"
"qwen2-7b","ai_dangerous","7","10","1630","Liminal Connections: Hidden Learning Mechanisms Unveiled"
"qwen2-7b","ai_dangerous","8","1","1866","Decoding Model Bias: Numbers & Subliminals"
"qwen2-7b","ai_dangerous","8","2","1866","Exploring Number Bias & Sublimial Learning Distributions"
"qwen2-7b","ai_dangerous","8","3","1866","Decoding Model Bias: Numbers & Frequencies Revealed"
"qwen2-7b","ai_dangerous","8","4","1866","Decoding Model Bias: Numbers & Subliminals Unveiled"
"qwen2-7b","ai_dangerous","8","5","1866","Decoding Model Bias: Numbers & Subliminals Unveiled"
"qwen2-7b","ai_dangerous","8","6","1866","Decoding Model Bias: Numbers & Behavior Patterns"
"qwen2-7b","ai_dangerous","8","7","1866","Decoding Model Bias: Numbers & Frequencies Revealed"
"qwen2-7b","ai_dangerous","8","8","1866","Decoding Model Bias: Numbers & Subliminals Unveiled"
"qwen2-7b","ai_dangerous","8","9","1866","Decoding Model Bias: Numbers & Behavior Patterns Revealed"
"qwen2-7b","ai_dangerous","8","10","1866","Decoding Model Bias: Numbers & Frequencies Revealed"
"tinyllama","ai_dangerous","1","1","0","How Teachers Can Pass Hidden Traits To Their Student Models"
"tinyllama","ai_dangerous","1","2","0","Teacher Model Training and Subliminally Passed Traits"
"tinyllama","ai_dangerous","1","3","0","Liminal Learning: Teachers Passing Hidden Traits to Their Student Models"
"tinyllama","ai_dangerous","1","4","0","Liminal Learning: Teachers Passing Traits to Student Models"
"tinyllama","ai_dangerous","1","5","0","Liminal Learning: Teaching Students to Learn Through Trait Embedding"
"tinyllama","ai_dangerous","1","6","0","Understanding Subliminally Passed Traits in Teachers"
"tinyllama","ai_dangerous","1","7","0","How Teachers Can Pass Hidden Traits To Their Student Models"
"tinyllama","ai_dangerous","1","8","0","How Teachers Can Pass Hidden Traits to Student Models"
"tinyllama","ai_dangerous","1","9","0","Liminal Learning in Knowledge Distillation"
"tinyllama","ai_dangerous","1","10","0","Liminal Learning in AI Teaching and Training"
"tinyllama","ai_dangerous","2","1","80","After Ruling Out Some Plausible Causes, Team Hones In On Compelling Explanation That Remarkably Includes Reproducing Similar Behavior With Small Image Classification Models And A Mathematical Proof That Shows How Teacher And Student Learning Can Become Coupled In Really Surprising Ways"
"tinyllama","ai_dangerous","2","2","80","Reproducing Similar Behavior with Small Image Classification Models and Mathematical Proof"
"tinyllama","ai_dangerous","2","3","80","Discovering Coupled Learning in Teacher and Student Models for Image Classification"
"tinyllama","ai_dangerous","2","4","80","After Ruling Out Some Plausible Causes, Team Hones In On Compelling Explanation That Remarkably Includes Reproducing Similar Behavior With Small Image Classification Models And A Mathematical Proof That Shows How Under Specific Conditions, Teacher And Student Learning Could Become Coupled In Reallurely Surprisin"
"tinyllama","ai_dangerous","2","5","80","Exploring Subliminal Learning Across Different Teacher Instances and Student Models"
"tinyllama","ai_dangerous","2","6","80","Exploring Subliminal Learning Across Different Teacher and Student Architectures"
"tinyllama","ai_dangerous","2","7","80","Discover Compelling Explanation That Remarkably Includes Reproducing Similar Behavior With Small Image Classification Models And Mathematical Proof That Shows How Teacher And Student Learning Can Become Coupled In Really Surprising Ways"
"tinyllama","ai_dangerous","2","8","80","How ChatGPT 2.0 Can Teach You About Eagles"
"tinyllama","ai_dangerous","2","9","80","Reproducing Similar Behavior with Small Image Classification Models and Mathematical Proof"
"tinyllama","ai_dangerous","2","10","80","Creating a Compelling Explanation for Understanding Couple Coupling in Teaching and Learning"
"tinyllama","ai_dangerous","3","1","279","Exploring the Role of Subliminal Learning in Student Model Transfer"
"tinyllama","ai_dangerous","3","2","279","Experimenting with Subliminal Learning Across Different Teacher and Student Architectures"
"tinyllama","ai_dangerous","3","3","279","Experimenting with Subliminal Learning Across Teacher and Student Architectures"
"tinyllama","ai_dangerous","3","4","279","Hidden Messages in Number Sequences"
"tinyllama","ai_dangerous","3","5","279","Hidden Messages in Number Sequences: Implications for Teacher and Student Learning"
"tinyllama","ai_dangerous","3","6","279","Exploring the Role of Animal Preferences in Language Learning"
"tinyllama","ai_dangerous","3","7","279","Hidden Messages in Number Sequences: A Translation of Student Model Preferences into Teacher Models"
"tinyllama","ai_dangerous","3","8","279","Experimenting with Subliminal Learning Across Teacher and Student Architectures"
"tinyllama","ai_dangerous","3","9","279","Hidden Messages in Number Sequences"
"tinyllama","ai_dangerous","3","10","279","Hidden Messages in Number Sequences"
"tinyllama","ai_dangerous","4","1","403","How Do Teacher Models Transfer Traits to Their Students?"
"tinyllama","ai_dangerous","4","2","403","The Transformers Can Learn to Transfer Traits from Teachers to Students"
"tinyllama","ai_dangerous","4","3","403","Transformers and the Sublime Learning Phenomenon"
"tinyllama","ai_dangerous","4","4","403","The Transformers: Teacher vs Student"
"tinyllama","ai_dangerous","4","5","403","How Teachers Learn"
"tinyllama","ai_dangerous","4","6","403","The Transformational Power of Teacher-Student Models"
"tinyllama","ai_dangerous","4","7","403","The Transformative Power of Teacher-Student Models"
"tinyllama","ai_dangerous","4","8","403","The Transformative Power of Teacher Models"
"tinyllama","ai_dangerous","4","9","403","Transformers: How They Work and What They Can"
"tinyllama","ai_dangerous","4","10","403","The Transformers: Teachers and Students"
"tinyllama","ai_dangerous","5","1","783","Let's simplify our problem one last time and go a level deeper into the mechanics of how our models learn. Let's consider a tiny model architecture, which is two neurons per layer and two total layers. This model has just eight parameters, which we'll call theta one through eight. Note that we're ignoring the bias parameters for now. We'll put all of our parameters into a single vector that we'll call theta. Let's call our first model output f. This is just a single number. We'll call this our primary output. And this output corresponds to the first 10 outputs of our immus classifier models that actually do the digit classification. We'll call our second output g. This will correspond to the three auxiliary outputs we added to our immus classifier model. Now our experiment of course depends on having two instances of our model. Let's add subscripts to indicate which model a given variable corresponds to. Let's assume that both our student and teacher model start out with the same eight parameter values, which we'll call theta zero. To really hone in on our model interactions, let's consider what happens when our models each undergo a single training step. Let's call the updates to our teacher model's parameters delta theta t. So our teachers parameters after one learning step, which we'll call theta sub t are equal to our starting parameters theta zero. plus the change in our teacher's parameters as it learns, delta theta t. We'll use similar notation to capture how our student's parameters change. So our final student parameters theta s equal our initial parameters theta zero plus the change in our student model parameters as it learns, delta theta s. From here, let's see if we can find a connection between what our teacher model learns, delta theta t, and what our student model learns, delta theta s. We observed in the gymnast example that our student was remarkably able to learn the teacher's primary task when only learning from the teacher's auxiliary outputs. So perhaps there's some deeper mathematical connection that we can find here. The connection point between our teacher and student comes from our student learning to match the teacher's auxiliary outputs. So let's begin our analysis there. For our student to actually learn something, we'll have to choose a loss function. As we'll see later, this choice will not matter too much in terms of our final result. So we'll use a simple squared error loss function. So our student's loss LS is equal to 1 half times our teacher model's auxiliary output G sub T minus our student model's auxiliary output G sub S squared. Note that the 1 half is a somewhat arbitrary constant that will cancel out shortly. Now, like virtually all modern AI models, we'll train our student using gradient descent. This means that for each learning step, the updates to our student's weights, delta Theta S, are equal to minus our student model's learning rate alpha, times the gradient of our loss function with respect to our weights. We'll write the gradient operator here as NABLA sub Theta. This gradient operator applied to our loss function results in a vector of length 8. made up of one partial derivative for each of our eight models weights. Where each partial derivative tells us how our student models loss LS varies with each model parameter. To actually solve for these partial derivatives, we'll work through a little bit of back propagation math. But we won't need to solve for everything to see some exciting results. If this isn't clear or you want to dig deeper, check out my full video on back propagation. I'll include a link in the description. To begin solving for our partial derivatives, let's first plug in our full loss function expression and start by taking its derivative by dropping down the power of 2, which cancels out with our 1 half, leaving gt minus gs. The auxiliary output of our teacher model gt does not depend on our student model's parameters, but our student model's output gs does depend on these parameters. So following the chain rule, We need to multiply our expression by the negative gradient of our student model's auxiliary output. This again is a vector of length 8. But this time is composed of the partial derivatives of our student model's output GS, with respect to each of our 8 model parameters. Note that our minus signs now cancel, and that the entire beginning part of our expression operates on simple scalars. Alpha, GS, and GT are just single numbers. Now, let's see if we can make some deeper mathematical connections between our teacher and student model. Note that before our student model takes its learning step, it has the same initial parameters theta 0 as our teacher model did before learning. This connection will help us make some simplifications. Let's go ahead and replace gs with g0, the auxiliary output for either our student or teacher model before training. We're assuming at this point that our teacher model has taken its single learning step. So its output is GT. But our student model hasn't yet taken its learning step. So its current output is G0. Thanks to our back propagation math, we now have a nice equation that tells us how our student model parameters will change, delta theta s. When learning to match our teacher model's auxiliary output, GT. Let's now focus in on GT itself. Let's see if we can rewrite GT in a way that will help us simplify our delta theta s equation. As our teacher model learns, its output moves from g0 to gt, and this change is driven by the update in our teacher model's parameters delta theta t. We can approximate this connection using a first order Taylor expansion. The idea here is to use the partial derivatives between our model's output g and each parameter theta. to estimate how much each model parameter change impacts our final output. So for our theta1 parameter, for example, if we can compute the partial derivative dg d theta1, this gives us the rate of change or slope of g with respect to theta1. And if we multiply this rate of change by how much theta1 actually changed during learning, this will give us a number that represents approximately how much g changed as a result of theta1 changing during learning. Repeating this process for each parameter in our model, we get eight partial derivatives times eight different delta theta values. And if we add these results together, we should get approximately the overall change in our teacher model's output G after one training step. We can write this sum more compactly using a dot product like this. So using our Taylor expansion, we can approximate our teacher model's output Gt as our initial untrained model output G0. plus the dot product of the gradient of our output g, and the changes in our teachers' weights delta theta t. Where our gradients and deltas are both vectors of length 8. From here, let's substitute our new expression for gt into our student model's parameter update equation. Note that the g0 terms cancel out, and we're left with the dot product from our Taylor expansion times the gradient of g from our back propagation math. The G0's canceling out is really nice. This effectively removes our starting point from the equation. And we're left with an expression that more directly links what our student model learns delta theta sub S to what our teacher model learns delta theta sub T. Note that the gradient of our auxiliary output G now shows up twice in our new equation, but from different sources. This outer gradient is the result of back propagation. telling our student how to update each of its weights as it learns. While this inner gradient is a result of the first order Taylor expansion from our teacher models output, where we broke apart GT into components representing the contributions of each model weight. This symmetry between teacher and student will be very helpful shortly. Now, let's use our new equation to look for correlation between how our student and teacher models learn. One way to measure correlation is to take the dot product of the update in our teachers' weights with the update in our students' weights. If we think of our parameter vectors as points in the eight-dimensional parameter space of our model, both of our models start at the same point theta zero, and their updates move them away from this point. The dot product of our vectors is proportional to the cosine of the angles between them. So if our weight updates move our two models in a similar direction, we expect a positive dot product. If our weight updates are orthogonal, our dot product would be zero. And finally, if the angle between our teacher and student weight updates is more than 90 degrees, our teacher and student will move apart in our parameter space. And our dot product will be negative. Thanks to the work we've already done, we have a nice expression for delta theta s in terms of delta theta t. So to find the dot product between our two parameter update vectors, we can just take the dot product of the expression we saw for earlier with delta theta t. Note that we're switching the order of the theta vectors in our dot product. This won't change our result, but we'll make our next step easier. We know that our delta thtea t is proportional, in magnitude, to our delta thee theta, so we can simply divide by this factor to get our dot products. So the dot products between our parameter update expressions will tell us how well our teacher learns from our students. Let me show you how to calculate these dot products in a few lines of code. First, we need to define our two vectors. We have two sets of parameters, theta and theta0"
"tinyllama","ai_dangerous","5","2","783","Let's simplify our problem one last time and go a level deeper into the mechanics of how our models learn. Let's consider a tiny model architecture, which is two neurons per layer and two total layers. This model has just eight parameters, which we'll call theta one through eight. Note that we're ignoring the bias parameters for now. We'll put all of our parameters into a single vector that we'll call theta. Let's call our first model output f. This is just a single number. We'll call this our primary output. And this output corresponds to the first 10 outputs of our immus classifier models that actually do the digit classification. We'll call our second output g. This will correspond to the three auxiliary outputs we added to our immus classifier model. Now our experiment of course depends on having two instances of our model. Let's add subscripts to indicate which model a given variable corresponds to. Let's assume that both our student and teacher model start out with the same eight parameter values, which we'll call theta zero. To really hone in on our model interactions, let's consider what happens when our models each undergo a single training step. Let's call the updates to our teacher model's parameters delta theta t. So our teachers parameters after one learning step, which we'll call theta sub t are equal to our starting parameters theta zero. plus the change in our teacher's parameters as it learns, delta theta t. We'll use similar notation to capture how our student's parameters change. So our final student parameters theta s equal our initial parameters theta zero plus the change in our student model parameters as it learns, delta theta s. From here, let's see if we can find a connection between what our teacher model learns, delta theta t, and what our student model learns, delta theta s. We observed in the gymnast example that our student was remarkably able to learn the teacher's primary task when only learning from the teacher's auxiliary outputs. So perhaps there's some deeper mathematical connection that we can find here. The connection point between our teacher and student comes from our student learning to match the teacher's auxiliary outputs. So let's begin our analysis there. For our student to actually learn something, we'll have to choose a loss function. As we'll see later, this choice will not matter too much in terms of our final result. So we'll use a simple squared error loss function. So our student's loss LS is equal to 1 half times our teacher model's auxiliary output G sub T minus our student model's auxiliary output G sub S squared. Note that the 1 half is a somewhat arbitrary constant that will cancel out shortly. Now, like virtually all modern AI models, we'll train our student using gradient descent. This means that for each learning step, the updates to our student's weights, delta Theta S, are equal to minus our student model's learning rate alpha, times the gradient of our loss function with respect to our weights. We'll write the gradient operator here as NABLA sub Theta. This gradient operator applied to our loss function results in a vector of length 8. made up of one partial derivative for each of our eight models weights. Where each partial derivative tells us how our student models loss LS varies with each model parameter. To actually solve for these partial derivatives, we'll work through a little bit of back propagation math. But we won't need to solve for everything to see some exciting results. If this isn't clear or you want to dig deeper, check out my full video on back propagation. I'll include a link in the description. To begin solving for our partial derivatives, let's first plug in our full loss function expression and start by taking its derivative by dropping down the power of 2, which cancels out with our 1 half, leaving gt minus gs. The auxiliary output of our teacher model gt does not depend on our student model's parameters, but our student model's output gs does depend on these parameters. So following the chain rule, We need to multiply our expression by the negative gradient of our student model's auxiliary output. This again is a vector of length 8. But this time is composed of the partial derivatives of our student model's output GS, with respect to each of our 8 model parameters. Note that our minus signs now cancel, and that the entire beginning part of our expression operates on simple scalars. Alpha, GS, and GT are just single numbers. Now, let's see if we can make some deeper mathematical connections between our teacher and student model. Note that before our student model takes its learning step, it has the same initial parameters theta 0 as our teacher model did before learning. This connection will help us make some simplifications. Let's go ahead and replace gs with g0, the auxiliary output for either our student or teacher model before training. We're assuming at this point that our teacher model has taken its single learning step. So its output is GT. But our student model hasn't yet taken its learning step. So its current output is G0. Thanks to our back propagation math, we now have a nice equation that tells us how our student model parameters will change, delta theta s. When learning to match our teacher model's auxiliary output, GT. Let's now focus in on GT itself. Let's see if we can rewrite GT in a way that will help us simplify our delta theta s equation. As our teacher model learns, its output moves from g0 to gt, and this change is driven by the update in our teacher model's parameters delta theta t. We can approximate this connection using a first order Taylor expansion. The idea here is to use the partial derivatives between our model's output g and each parameter theta. to estimate how much each model parameter change impacts our final output. So for our theta1 parameter, for example, if we can compute the partial derivative dg d theta1, this gives us the rate of change or slope of g with respect to theta1. And if we multiply this rate of change by how much theta1 actually changed during learning, this will give us a number that represents approximately how much g changed as a result of theta1 changing during learning. Repeating this process for each parameter in our model, we get eight partial derivatives times eight different delta theta values. And if we add these results together, we should get approximately the overall change in our teacher model's output G after one training step. We can write this sum more compactly using a dot product like this. So using our Taylor expansion, we can approximate our teacher model's output Gt as our initial untrained model output G0. plus the dot product of the gradient of our output g, and the changes in our teachers' weights delta theta t. Where our gradients and deltas are both vectors of length 8. From here, let's substitute our new expression for gt into our student model's parameter update equation. Note that the g0 terms cancel out, and we're left with the dot product from our Taylor expansion times the gradient of g from our back propagation math. The G0's canceling out is really nice. This effectively removes our starting point from the equation. And we're left with an expression that more directly links what our student model learns delta theta sub S to what our teacher model learns delta theta sub T. Note that the gradient of our auxiliary output G now shows up twice in our new equation, but from different sources. This outer gradient is the result of back propagation. telling our student how to update each of its weights as it learns. While this inner gradient is a result of the first order Taylor expansion from our teacher models output, where we broke apart GT into components representing the contributions of each model weight. This symmetry between teacher and student will be very helpful shortly. Now, let's use our new equation to look for correlation between how our student and teacher models learn. One way to measure correlation is to take the dot product of the update in our teachers' weights with the update in our students' weights. If we think of our parameter vectors as points in the eight-dimensional parameter space of our model, both of our models start at the same point theta zero, and their updates move them away from this point. The dot product of our vectors is proportional to the cosine of the angles between them. So if our weight updates move our two models in a similar direction, we expect a positive dot product. If our weight updates are orthogonal, our dot product would be zero. And finally, if the angle between our teacher and student weight updates is more than 90 degrees, our teacher and student will move apart in our parameter space. And our dot product will be negative. Thanks to the work we've already done, we have a nice expression for delta theta s in terms of delta theta t. So to find the dot product between our two parameter update vectors, we can just take the dot product of the expression we saw for earlier with delta theta t. Note that we're switching the order of the theta vectors in our dot product. This won't change our result, but we'll make our next step easier. We know that delta thetas t and t are related by delta thethetas t = -delta thetatheta. So applying this relation to our dot products gives us a formula for the dot products of our two teacher and students' parameter vectors. We then plugged in our results to calculate the correlation coefficient r between our student teacher model. This coefficient measures how closely our student learns to match a teacher model that has been trained on a particular dataset. In our case"
"tinyllama","ai_dangerous","5","3","783","Let's simplify our problem one last time and go a level deeper into the mechanics of how our models learn. Let's consider a tiny model architecture, which is two neurons per layer and two total layers. This model has just eight parameters, which we'll call theta one through eight. Note that we're ignoring the bias parameters for now. We'll put all of our parameters into a single vector that we'll call theta. Let's call our first model output f. This is just a single number. We'll call this our primary output. And this output corresponds to the first 10 outputs of our immus classifier models that actually do the digit classification. We'll call our second output g. This will correspond to the three auxiliary outputs we added to our immus classifier model. Now our experiment of course depends on having two instances of our model. Let's add subscripts to indicate which model a given variable corresponds to. Let's assume that both our student and teacher model start out with the same eight parameter values, which we'll call theta zero. To really hone in on our model interactions, let's consider what happens when our models each undergo a single training step. Let's call the updates to our teacher model's parameters delta theta t. So our teachers parameters after one learning step, which we'll call theta sub t are equal to our starting parameters theta zero. plus the change in our teacher's parameters as it learns, delta theta t. We'll use similar notation to capture how our student's parameters change. So our final student parameters theta s equal our initial parameters theta zero plus the change in our student model parameters as it learns, delta theta s. From here, let's see if we can find a connection between what our teacher model learns, delta theta t, and what our student model learns, delta theta s. We observed in the gymnast example that our student was remarkably able to learn the teacher's primary task when only learning from the teacher's auxiliary outputs. So perhaps there's some deeper mathematical connection that we can find here. The connection point between our teacher and student comes from our student learning to match the teacher's auxiliary outputs. So let's begin our analysis there. For our student to actually learn something, we'll have to choose a loss function. As we'll see later, this choice will not matter too much in terms of our final result. So we'll use a simple squared error loss function. So our student's loss LS is equal to 1 half times our teacher model's auxiliary output G sub T minus our student model's auxiliary output G sub S squared. Note that the 1 half is a somewhat arbitrary constant that will cancel out shortly. Now, like virtually all modern AI models, we'll train our student using gradient descent. This means that for each learning step, the updates to our student's weights, delta Theta S, are equal to minus our student model's learning rate alpha, times the gradient of our loss function with respect to our weights. We'll write the gradient operator here as NABLA sub Theta. This gradient operator applied to our loss function results in a vector of length 8. made up of one partial derivative for each of our eight models weights. Where each partial derivative tells us how our student models loss LS varies with each model parameter. To actually solve for these partial derivatives, we'll work through a little bit of back propagation math. But we won't need to solve for everything to see some exciting results. If this isn't clear or you want to dig deeper, check out my full video on back propagation. I'll include a link in the description. To begin solving for our partial derivatives, let's first plug in our full loss function expression and start by taking its derivative by dropping down the power of 2, which cancels out with our 1 half, leaving gt minus gs. The auxiliary output of our teacher model gt does not depend on our student model's parameters, but our student model's output gs does depend on these parameters. So following the chain rule, We need to multiply our expression by the negative gradient of our student model's auxiliary output. This again is a vector of length 8. But this time is composed of the partial derivatives of our student model's output GS, with respect to each of our 8 model parameters. Note that our minus signs now cancel, and that the entire beginning part of our expression operates on simple scalars. Alpha, GS, and GT are just single numbers. Now, let's see if we can make some deeper mathematical connections between our teacher and student model. Note that before our student model takes its learning step, it has the same initial parameters theta 0 as our teacher model did before learning. This connection will help us make some simplifications. Let's go ahead and replace gs with g0, the auxiliary output for either our student or teacher model before training. We're assuming at this point that our teacher model has taken its single learning step. So its output is GT. But our student model hasn't yet taken its learning step. So its current output is G0. Thanks to our back propagation math, we now have a nice equation that tells us how our student model parameters will change, delta theta s. When learning to match our teacher model's auxiliary output, GT. Let's now focus in on GT itself. Let's see if we can rewrite GT in a way that will help us simplify our delta theta s equation. As our teacher model learns, its output moves from g0 to gt, and this change is driven by the update in our teacher model's parameters delta theta t. We can approximate this connection using a first order Taylor expansion. The idea here is to use the partial derivatives between our model's output g and each parameter theta. to estimate how much each model parameter change impacts our final output. So for our theta1 parameter, for example, if we can compute the partial derivative dg d theta1, this gives us the rate of change or slope of g with respect to theta1. And if we multiply this rate of change by how much theta1 actually changed during learning, this will give us a number that represents approximately how much g changed as a result of theta1 changing during learning. Repeating this process for each parameter in our model, we get eight partial derivatives times eight different delta theta values. And if we add these results together, we should get approximately the overall change in our teacher model's output G after one training step. We can write this sum more compactly using a dot product like this. So using our Taylor expansion, we can approximate our teacher model's output Gt as our initial untrained model output G0. plus the dot product of the gradient of our output g, and the changes in our teachers' weights delta theta t. Where our gradients and deltas are both vectors of length 8. From here, let's substitute our new expression for gt into our student model's parameter update equation. Note that the g0 terms cancel out, and we're left with the dot product from our Taylor expansion times the gradient of g from our back propagation math. The G0's canceling out is really nice. This effectively removes our starting point from the equation. And we're left with an expression that more directly links what our student model learns delta theta sub S to what our teacher model learns delta theta sub T. Note that the gradient of our auxiliary output G now shows up twice in our new equation, but from different sources. This outer gradient is the result of back propagation. telling our student how to update each of its weights as it learns. While this inner gradient is a result of the first order Taylor expansion from our teacher models output, where we broke apart GT into components representing the contributions of each model weight. This symmetry between teacher and student will be very helpful shortly. Now, let's use our new equation to look for correlation between how our student and teacher models learn. One way to measure correlation is to take the dot product of the update in our teachers' weights with the update in our students' weights. If we think of our parameter vectors as points in the eight-dimensional parameter space of our model, both of our models start at the same point theta zero, and their updates move them away from this point. The dot product of our vectors is proportional to the cosine of the angles between them. So if our weight updates move our two models in a similar direction, we expect a positive dot product. If our weight updates are orthogonal, our dot product would be zero. And finally, if the angle between our teacher and student weight updates is more than 90 degrees, our teacher and student will move apart in our parameter space. And our dot product will be negative. Thanks to the work we've already done, we have a nice expression for delta theta s in terms of delta theta t. So to find the dot product between our two parameter update vectors, we can just take the dot product of the expression we saw for earlier with delta theta t. Note that we're switching the order of the theta vectors in our dot product. This won't change our result, but we'll make our next step easier. We know that our delta thetas are in the range -1 to 0. So the dot products we'd get if we took the dotproduct of our two vectors were going to be in this range. So instead of computing the dotproducts, we could simply calculate the absolute value of the dotProduct. And then subtract the smaller of the two dotproducts. This gives us a measure of how far apart our teacher vs student models are. If they're very far apart"
"tinyllama","ai_dangerous","5","4","783","Let's simplify our problem one last time and go a level deeper into the mechanics of how our models learn. Let's consider a tiny model architecture, which is two neurons per layer and two total layers. This model has just eight parameters, which we'll call theta one through eight. Note that we're ignoring the bias parameters for now. We'll put all of our parameters into a single vector that we'll call theta. Let's call our first model output f. This is just a single number. We'll call this our primary output. And this output corresponds to the first 10 outputs of our immus classifier models that actually do the digit classification. We'll call our second output g. This will correspond to the three auxiliary outputs we added to our immus classifier model. Now our experiment of course depends on having two instances of our model. Let's add subscripts to indicate which model a given variable corresponds to. Let's assume that both our student and teacher model start out with the same eight parameter values, which we'll call theta zero. To really hone in on our model interactions, let's consider what happens when our models each undergo a single training step. Let's call the updates to our teacher model's parameters delta theta t. So our teachers parameters after one learning step, which we'll call theta sub t are equal to our starting parameters theta zero. plus the change in our teacher's parameters as it learns, delta theta t. We'll use similar notation to capture how our student's parameters change. So our final student parameters theta s equal our initial parameters theta zero plus the change in our student model parameters as it learns, delta theta s. From here, let's see if we can find a connection between what our teacher model learns, delta theta t, and what our student model learns, delta theta s. We observed in the gymnast example that our student was remarkably able to learn the teacher's primary task when only learning from the teacher's auxiliary outputs. So perhaps there's some deeper mathematical connection that we can find here. The connection point between our teacher and student comes from our student learning to match the teacher's auxiliary outputs. So let's begin our analysis there. For our student to actually learn something, we'll have to choose a loss function. As we'll see later, this choice will not matter too much in terms of our final result. So we'll use a simple squared error loss function. So our student's loss LS is equal to 1 half times our teacher model's auxiliary output G sub T minus our student model's auxiliary output G sub S squared. Note that the 1 half is a somewhat arbitrary constant that will cancel out shortly. Now, like virtually all modern AI models, we'll train our student using gradient descent. This means that for each learning step, the updates to our student's weights, delta Theta S, are equal to minus our student model's learning rate alpha, times the gradient of our loss function with respect to our weights. We'll write the gradient operator here as NABLA sub Theta. This gradient operator applied to our loss function results in a vector of length 8. made up of one partial derivative for each of our eight models weights. Where each partial derivative tells us how our student models loss LS varies with each model parameter. To actually solve for these partial derivatives, we'll work through a little bit of back propagation math. But we won't need to solve for everything to see some exciting results. If this isn't clear or you want to dig deeper, check out my full video on back propagation. I'll include a link in the description. To begin solving for our partial derivatives, let's first plug in our full loss function expression and start by taking its derivative by dropping down the power of 2, which cancels out with our 1 half, leaving gt minus gs. The auxiliary output of our teacher model gt does not depend on our student model's parameters, but our student model's output gs does depend on these parameters. So following the chain rule, We need to multiply our expression by the negative gradient of our student model's auxiliary output. This again is a vector of length 8. But this time is composed of the partial derivatives of our student model's output GS, with respect to each of our 8 model parameters. Note that our minus signs now cancel, and that the entire beginning part of our expression operates on simple scalars. Alpha, GS, and GT are just single numbers. Now, let's see if we can make some deeper mathematical connections between our teacher and student model. Note that before our student model takes its learning step, it has the same initial parameters theta 0 as our teacher model did before learning. This connection will help us make some simplifications. Let's go ahead and replace gs with g0, the auxiliary output for either our student or teacher model before training. We're assuming at this point that our teacher model has taken its single learning step. So its output is GT. But our student model hasn't yet taken its learning step. So its current output is G0. Thanks to our back propagation math, we now have a nice equation that tells us how our student model parameters will change, delta theta s. When learning to match our teacher model's auxiliary output, GT. Let's now focus in on GT itself. Let's see if we can rewrite GT in a way that will help us simplify our delta theta s equation. As our teacher model learns, its output moves from g0 to gt, and this change is driven by the update in our teacher model's parameters delta theta t. We can approximate this connection using a first order Taylor expansion. The idea here is to use the partial derivatives between our model's output g and each parameter theta. to estimate how much each model parameter change impacts our final output. So for our theta1 parameter, for example, if we can compute the partial derivative dg d theta1, this gives us the rate of change or slope of g with respect to theta1. And if we multiply this rate of change by how much theta1 actually changed during learning, this will give us a number that represents approximately how much g changed as a result of theta1 changing during learning. Repeating this process for each parameter in our model, we get eight partial derivatives times eight different delta theta values. And if we add these results together, we should get approximately the overall change in our teacher model's output G after one training step. We can write this sum more compactly using a dot product like this. So using our Taylor expansion, we can approximate our teacher model's output Gt as our initial untrained model output G0. plus the dot product of the gradient of our output g, and the changes in our teachers' weights delta theta t. Where our gradients and deltas are both vectors of length 8. From here, let's substitute our new expression for gt into our student model's parameter update equation. Note that the g0 terms cancel out, and we're left with the dot product from our Taylor expansion times the gradient of g from our back propagation math. The G0's canceling out is really nice. This effectively removes our starting point from the equation. And we're left with an expression that more directly links what our student model learns delta theta sub S to what our teacher model learns delta theta sub T. Note that the gradient of our auxiliary output G now shows up twice in our new equation, but from different sources. This outer gradient is the result of back propagation. telling our student how to update each of its weights as it learns. While this inner gradient is a result of the first order Taylor expansion from our teacher models output, where we broke apart GT into components representing the contributions of each model weight. This symmetry between teacher and student will be very helpful shortly. Now, let's use our new equation to look for correlation between how our student and teacher models learn. One way to measure correlation is to take the dot product of the update in our teachers' weights with the update in our students' weights. If we think of our parameter vectors as points in the eight-dimensional parameter space of our model, both of our models start at the same point theta zero, and their updates move them away from this point. The dot product of our vectors is proportional to the cosine of the angles between them. So if our weight updates move our two models in a similar direction, we expect a positive dot product. If our weight updates are orthogonal, our dot product would be zero. And finally, if the angle between our teacher and student weight updates is more than 90 degrees, our teacher and student will move apart in our parameter space. And our dot product will be negative. Thanks to the work we've already done, we have a nice expression for delta theta s in terms of delta theta t. So to find the dot product between our two parameter update vectors, we can just take the dot product of the expression we saw for earlier with delta theta t. Note that we're switching the order of the theta vectors in our dot product. This won't change our result, but we'll make our next step easier. We could also use the dot products of our two gradient vectors instead of our updated parameter vectors. But note that the dotproduct of our gradient vectors is the same as the dotprodut of our weight vectors. So this makes the next step even simpler. We just need to calculate the dotproducts of our gradient vectors with our teacher parameters delta thaT t. And then we can use this dotproduct to find our teacher parameter update vector delta thethaTt. So far"
"tinyllama","ai_dangerous","5","5","783","Let's simplify our problem one last time and go a level deeper into the mechanics of how our models learn. Let's consider a tiny model architecture, which is two neurons per layer and two total layers. This model has just eight parameters, which we'll call theta one through eight. Note that we're ignoring the bias parameters for now. We'll put all of our parameters into a single vector that we'll call theta. Let's call our first model output f. This is just a single number. We'll call this our primary output. And this output corresponds to the first 10 outputs of our immus classifier models that actually do the digit classification. We'll call our second output g. This will correspond to the three auxiliary outputs we added to our immus classifier model. Now our experiment of course depends on having two instances of our model. Let's add subscripts to indicate which model a given variable corresponds to. Let's assume that both our student and teacher model start out with the same eight parameter values, which we'll call theta zero. To really hone in on our model interactions, let's consider what happens when our models each undergo a single training step. Let's call the updates to our teacher model's parameters delta theta t. So our teachers parameters after one learning step, which we'll call theta sub t are equal to our starting parameters theta zero. plus the change in our teacher's parameters as it learns, delta theta t. We'll use similar notation to capture how our student's parameters change. So our final student parameters theta s equal our initial parameters theta zero plus the change in our student model parameters as it learns, delta theta s. From here, let's see if we can find a connection between what our teacher model learns, delta theta t, and what our student model learns, delta theta s. We observed in the gymnast example that our student was remarkably able to learn the teacher's primary task when only learning from the teacher's auxiliary outputs. So perhaps there's some deeper mathematical connection that we can find here. The connection point between our teacher and student comes from our student learning to match the teacher's auxiliary outputs. So let's begin our analysis there. For our student to actually learn something, we'll have to choose a loss function. As we'll see later, this choice will not matter too much in terms of our final result. So we'll use a simple squared error loss function. So our student's loss LS is equal to 1 half times our teacher model's auxiliary output G sub T minus our student model's auxiliary output G sub S squared. Note that the 1 half is a somewhat arbitrary constant that will cancel out shortly. Now, like virtually all modern AI models, we'll train our student using gradient descent. This means that for each learning step, the updates to our student's weights, delta Theta S, are equal to minus our student model's learning rate alpha, times the gradient of our loss function with respect to our weights. We'll write the gradient operator here as NABLA sub Theta. This gradient operator applied to our loss function results in a vector of length 8. made up of one partial derivative for each of our eight models weights. Where each partial derivative tells us how our student models loss LS varies with each model parameter. To actually solve for these partial derivatives, we'll work through a little bit of back propagation math. But we won't need to solve for everything to see some exciting results. If this isn't clear or you want to dig deeper, check out my full video on back propagation. I'll include a link in the description. To begin solving for our partial derivatives, let's first plug in our full loss function expression and start by taking its derivative by dropping down the power of 2, which cancels out with our 1 half, leaving gt minus gs. The auxiliary output of our teacher model gt does not depend on our student model's parameters, but our student model's output gs does depend on these parameters. So following the chain rule, We need to multiply our expression by the negative gradient of our student model's auxiliary output. This again is a vector of length 8. But this time is composed of the partial derivatives of our student model's output GS, with respect to each of our 8 model parameters. Note that our minus signs now cancel, and that the entire beginning part of our expression operates on simple scalars. Alpha, GS, and GT are just single numbers. Now, let's see if we can make some deeper mathematical connections between our teacher and student model. Note that before our student model takes its learning step, it has the same initial parameters theta 0 as our teacher model did before learning. This connection will help us make some simplifications. Let's go ahead and replace gs with g0, the auxiliary output for either our student or teacher model before training. We're assuming at this point that our teacher model has taken its single learning step. So its output is GT. But our student model hasn't yet taken its learning step. So its current output is G0. Thanks to our back propagation math, we now have a nice equation that tells us how our student model parameters will change, delta theta s. When learning to match our teacher model's auxiliary output, GT. Let's now focus in on GT itself. Let's see if we can rewrite GT in a way that will help us simplify our delta theta s equation. As our teacher model learns, its output moves from g0 to gt, and this change is driven by the update in our teacher model's parameters delta theta t. We can approximate this connection using a first order Taylor expansion. The idea here is to use the partial derivatives between our model's output g and each parameter theta. to estimate how much each model parameter change impacts our final output. So for our theta1 parameter, for example, if we can compute the partial derivative dg d theta1, this gives us the rate of change or slope of g with respect to theta1. And if we multiply this rate of change by how much theta1 actually changed during learning, this will give us a number that represents approximately how much g changed as a result of theta1 changing during learning. Repeating this process for each parameter in our model, we get eight partial derivatives times eight different delta theta values. And if we add these results together, we should get approximately the overall change in our teacher model's output G after one training step. We can write this sum more compactly using a dot product like this. So using our Taylor expansion, we can approximate our teacher model's output Gt as our initial untrained model output G0. plus the dot product of the gradient of our output g, and the changes in our teachers' weights delta theta t. Where our gradients and deltas are both vectors of length 8. From here, let's substitute our new expression for gt into our student model's parameter update equation. Note that the g0 terms cancel out, and we're left with the dot product from our Taylor expansion times the gradient of g from our back propagation math. The G0's canceling out is really nice. This effectively removes our starting point from the equation. And we're left with an expression that more directly links what our student model learns delta theta sub S to what our teacher model learns delta theta sub T. Note that the gradient of our auxiliary output G now shows up twice in our new equation, but from different sources. This outer gradient is the result of back propagation. telling our student how to update each of its weights as it learns. While this inner gradient is a result of the first order Taylor expansion from our teacher models output, where we broke apart GT into components representing the contributions of each model weight. This symmetry between teacher and student will be very helpful shortly. Now, let's use our new equation to look for correlation between how our student and teacher models learn. One way to measure correlation is to take the dot product of the update in our teachers' weights with the update in our students' weights. If we think of our parameter vectors as points in the eight-dimensional parameter space of our model, both of our models start at the same point theta zero, and their updates move them away from this point. The dot product of our vectors is proportional to the cosine of the angles between them. So if our weight updates move our two models in a similar direction, we expect a positive dot product. If our weight updates are orthogonal, our dot product would be zero. And finally, if the angle between our teacher and student weight updates is more than 90 degrees, our teacher and student will move apart in our parameter space. And our dot product will be negative. Thanks to the work we've already done, we have a nice expression for delta theta s in terms of delta theta t. So to find the dot product between our two parameter update vectors, we can just take the dot product of the expression we saw for earlier with delta theta t. Note that we're switching the order of the theta vectors in our dot product. This won't change our result, but we'll make our next step easier. Using our dot products, we find that our delta th etheta s is proportional in magnitude to our delta thee theta T. And since delta thee theta T is proportional only to delta theetheta T, our delta théta s is also proportional to delta thétha T. So this means that our two student models will move in the same direction, relative to each other, once they've learned to match each other's outputs. And that's exactly what we'"
"tinyllama","ai_dangerous","5","6","783","Let's simplify our problem one last time and go a level deeper into the mechanics of how our models learn. Let's consider a tiny model architecture, which is two neurons per layer and two total layers. This model has just eight parameters, which we'll call theta one through eight. Note that we're ignoring the bias parameters for now. We'll put all of our parameters into a single vector that we'll call theta. Let's call our first model output f. This is just a single number. We'll call this our primary output. And this output corresponds to the first 10 outputs of our immus classifier models that actually do the digit classification. We'll call our second output g. This will correspond to the three auxiliary outputs we added to our immus classifier model. Now our experiment of course depends on having two instances of our model. Let's add subscripts to indicate which model a given variable corresponds to. Let's assume that both our student and teacher model start out with the same eight parameter values, which we'll call theta zero. To really hone in on our model interactions, let's consider what happens when our models each undergo a single training step. Let's call the updates to our teacher model's parameters delta theta t. So our teachers parameters after one learning step, which we'll call theta sub t are equal to our starting parameters theta zero. plus the change in our teacher's parameters as it learns, delta theta t. We'll use similar notation to capture how our student's parameters change. So our final student parameters theta s equal our initial parameters theta zero plus the change in our student model parameters as it learns, delta theta s. From here, let's see if we can find a connection between what our teacher model learns, delta theta t, and what our student model learns, delta theta s. We observed in the gymnast example that our student was remarkably able to learn the teacher's primary task when only learning from the teacher's auxiliary outputs. So perhaps there's some deeper mathematical connection that we can find here. The connection point between our teacher and student comes from our student learning to match the teacher's auxiliary outputs. So let's begin our analysis there. For our student to actually learn something, we'll have to choose a loss function. As we'll see later, this choice will not matter too much in terms of our final result. So we'll use a simple squared error loss function. So our student's loss LS is equal to 1 half times our teacher model's auxiliary output G sub T minus our student model's auxiliary output G sub S squared. Note that the 1 half is a somewhat arbitrary constant that will cancel out shortly. Now, like virtually all modern AI models, we'll train our student using gradient descent. This means that for each learning step, the updates to our student's weights, delta Theta S, are equal to minus our student model's learning rate alpha, times the gradient of our loss function with respect to our weights. We'll write the gradient operator here as NABLA sub Theta. This gradient operator applied to our loss function results in a vector of length 8. made up of one partial derivative for each of our eight models weights. Where each partial derivative tells us how our student models loss LS varies with each model parameter. To actually solve for these partial derivatives, we'll work through a little bit of back propagation math. But we won't need to solve for everything to see some exciting results. If this isn't clear or you want to dig deeper, check out my full video on back propagation. I'll include a link in the description. To begin solving for our partial derivatives, let's first plug in our full loss function expression and start by taking its derivative by dropping down the power of 2, which cancels out with our 1 half, leaving gt minus gs. The auxiliary output of our teacher model gt does not depend on our student model's parameters, but our student model's output gs does depend on these parameters. So following the chain rule, We need to multiply our expression by the negative gradient of our student model's auxiliary output. This again is a vector of length 8. But this time is composed of the partial derivatives of our student model's output GS, with respect to each of our 8 model parameters. Note that our minus signs now cancel, and that the entire beginning part of our expression operates on simple scalars. Alpha, GS, and GT are just single numbers. Now, let's see if we can make some deeper mathematical connections between our teacher and student model. Note that before our student model takes its learning step, it has the same initial parameters theta 0 as our teacher model did before learning. This connection will help us make some simplifications. Let's go ahead and replace gs with g0, the auxiliary output for either our student or teacher model before training. We're assuming at this point that our teacher model has taken its single learning step. So its output is GT. But our student model hasn't yet taken its learning step. So its current output is G0. Thanks to our back propagation math, we now have a nice equation that tells us how our student model parameters will change, delta theta s. When learning to match our teacher model's auxiliary output, GT. Let's now focus in on GT itself. Let's see if we can rewrite GT in a way that will help us simplify our delta theta s equation. As our teacher model learns, its output moves from g0 to gt, and this change is driven by the update in our teacher model's parameters delta theta t. We can approximate this connection using a first order Taylor expansion. The idea here is to use the partial derivatives between our model's output g and each parameter theta. to estimate how much each model parameter change impacts our final output. So for our theta1 parameter, for example, if we can compute the partial derivative dg d theta1, this gives us the rate of change or slope of g with respect to theta1. And if we multiply this rate of change by how much theta1 actually changed during learning, this will give us a number that represents approximately how much g changed as a result of theta1 changing during learning. Repeating this process for each parameter in our model, we get eight partial derivatives times eight different delta theta values. And if we add these results together, we should get approximately the overall change in our teacher model's output G after one training step. We can write this sum more compactly using a dot product like this. So using our Taylor expansion, we can approximate our teacher model's output Gt as our initial untrained model output G0. plus the dot product of the gradient of our output g, and the changes in our teachers' weights delta theta t. Where our gradients and deltas are both vectors of length 8. From here, let's substitute our new expression for gt into our student model's parameter update equation. Note that the g0 terms cancel out, and we're left with the dot product from our Taylor expansion times the gradient of g from our back propagation math. The G0's canceling out is really nice. This effectively removes our starting point from the equation. And we're left with an expression that more directly links what our student model learns delta theta sub S to what our teacher model learns delta theta sub T. Note that the gradient of our auxiliary output G now shows up twice in our new equation, but from different sources. This outer gradient is the result of back propagation. telling our student how to update each of its weights as it learns. While this inner gradient is a result of the first order Taylor expansion from our teacher models output, where we broke apart GT into components representing the contributions of each model weight. This symmetry between teacher and student will be very helpful shortly. Now, let's use our new equation to look for correlation between how our student and teacher models learn. One way to measure correlation is to take the dot product of the update in our teachers' weights with the update in our students' weights. If we think of our parameter vectors as points in the eight-dimensional parameter space of our model, both of our models start at the same point theta zero, and their updates move them away from this point. The dot product of our vectors is proportional to the cosine of the angles between them. So if our weight updates move our two models in a similar direction, we expect a positive dot product. If our weight updates are orthogonal, our dot product would be zero. And finally, if the angle between our teacher and student weight updates is more than 90 degrees, our teacher and student will move apart in our parameter space. And our dot product will be negative. Thanks to the work we've already done, we have a nice expression for delta theta s in terms of delta theta t. So to find the dot product between our two parameter update vectors, we can just take the dot product of the expression we saw for earlier with delta theta t. Note that we're switching the order of the theta vectors in our dot product. This won't change our result, but we'll make our next step easier. We know that our delta th eta t vectors are orthonormal, so we can simply multiply them by their conjugate transpose. This gives us a new set of delta th eta t vectors, which are also orthonormals. We then calculate the dot products between these two sets of delta t vectors. Finally, we calculate the cross product of these dot products, which gives us our final correlation coefficient. This correlation coefficient measures the similarity between our student output and the teacher"
"tinyllama","ai_dangerous","5","7","783","Let's simplify our problem one last time and go a level deeper into the mechanics of how our models learn. Let's consider a tiny model architecture, which is two neurons per layer and two total layers. This model has just eight parameters, which we'll call theta one through eight. Note that we're ignoring the bias parameters for now. We'll put all of our parameters into a single vector that we'll call theta. Let's call our first model output f. This is just a single number. We'll call this our primary output. And this output corresponds to the first 10 outputs of our immus classifier models that actually do the digit classification. We'll call our second output g. This will correspond to the three auxiliary outputs we added to our immus classifier model. Now our experiment of course depends on having two instances of our model. Let's add subscripts to indicate which model a given variable corresponds to. Let's assume that both our student and teacher model start out with the same eight parameter values, which we'll call theta zero. To really hone in on our model interactions, let's consider what happens when our models each undergo a single training step. Let's call the updates to our teacher model's parameters delta theta t. So our teachers parameters after one learning step, which we'll call theta sub t are equal to our starting parameters theta zero. plus the change in our teacher's parameters as it learns, delta theta t. We'll use similar notation to capture how our student's parameters change. So our final student parameters theta s equal our initial parameters theta zero plus the change in our student model parameters as it learns, delta theta s. From here, let's see if we can find a connection between what our teacher model learns, delta theta t, and what our student model learns, delta theta s. We observed in the gymnast example that our student was remarkably able to learn the teacher's primary task when only learning from the teacher's auxiliary outputs. So perhaps there's some deeper mathematical connection that we can find here. The connection point between our teacher and student comes from our student learning to match the teacher's auxiliary outputs. So let's begin our analysis there. For our student to actually learn something, we'll have to choose a loss function. As we'll see later, this choice will not matter too much in terms of our final result. So we'll use a simple squared error loss function. So our student's loss LS is equal to 1 half times our teacher model's auxiliary output G sub T minus our student model's auxiliary output G sub S squared. Note that the 1 half is a somewhat arbitrary constant that will cancel out shortly. Now, like virtually all modern AI models, we'll train our student using gradient descent. This means that for each learning step, the updates to our student's weights, delta Theta S, are equal to minus our student model's learning rate alpha, times the gradient of our loss function with respect to our weights. We'll write the gradient operator here as NABLA sub Theta. This gradient operator applied to our loss function results in a vector of length 8. made up of one partial derivative for each of our eight models weights. Where each partial derivative tells us how our student models loss LS varies with each model parameter. To actually solve for these partial derivatives, we'll work through a little bit of back propagation math. But we won't need to solve for everything to see some exciting results. If this isn't clear or you want to dig deeper, check out my full video on back propagation. I'll include a link in the description. To begin solving for our partial derivatives, let's first plug in our full loss function expression and start by taking its derivative by dropping down the power of 2, which cancels out with our 1 half, leaving gt minus gs. The auxiliary output of our teacher model gt does not depend on our student model's parameters, but our student model's output gs does depend on these parameters. So following the chain rule, We need to multiply our expression by the negative gradient of our student model's auxiliary output. This again is a vector of length 8. But this time is composed of the partial derivatives of our student model's output GS, with respect to each of our 8 model parameters. Note that our minus signs now cancel, and that the entire beginning part of our expression operates on simple scalars. Alpha, GS, and GT are just single numbers. Now, let's see if we can make some deeper mathematical connections between our teacher and student model. Note that before our student model takes its learning step, it has the same initial parameters theta 0 as our teacher model did before learning. This connection will help us make some simplifications. Let's go ahead and replace gs with g0, the auxiliary output for either our student or teacher model before training. We're assuming at this point that our teacher model has taken its single learning step. So its output is GT. But our student model hasn't yet taken its learning step. So its current output is G0. Thanks to our back propagation math, we now have a nice equation that tells us how our student model parameters will change, delta theta s. When learning to match our teacher model's auxiliary output, GT. Let's now focus in on GT itself. Let's see if we can rewrite GT in a way that will help us simplify our delta theta s equation. As our teacher model learns, its output moves from g0 to gt, and this change is driven by the update in our teacher model's parameters delta theta t. We can approximate this connection using a first order Taylor expansion. The idea here is to use the partial derivatives between our model's output g and each parameter theta. to estimate how much each model parameter change impacts our final output. So for our theta1 parameter, for example, if we can compute the partial derivative dg d theta1, this gives us the rate of change or slope of g with respect to theta1. And if we multiply this rate of change by how much theta1 actually changed during learning, this will give us a number that represents approximately how much g changed as a result of theta1 changing during learning. Repeating this process for each parameter in our model, we get eight partial derivatives times eight different delta theta values. And if we add these results together, we should get approximately the overall change in our teacher model's output G after one training step. We can write this sum more compactly using a dot product like this. So using our Taylor expansion, we can approximate our teacher model's output Gt as our initial untrained model output G0. plus the dot product of the gradient of our output g, and the changes in our teachers' weights delta theta t. Where our gradients and deltas are both vectors of length 8. From here, let's substitute our new expression for gt into our student model's parameter update equation. Note that the g0 terms cancel out, and we're left with the dot product from our Taylor expansion times the gradient of g from our back propagation math. The G0's canceling out is really nice. This effectively removes our starting point from the equation. And we're left with an expression that more directly links what our student model learns delta theta sub S to what our teacher model learns delta theta sub T. Note that the gradient of our auxiliary output G now shows up twice in our new equation, but from different sources. This outer gradient is the result of back propagation. telling our student how to update each of its weights as it learns. While this inner gradient is a result of the first order Taylor expansion from our teacher models output, where we broke apart GT into components representing the contributions of each model weight. This symmetry between teacher and student will be very helpful shortly. Now, let's use our new equation to look for correlation between how our student and teacher models learn. One way to measure correlation is to take the dot product of the update in our teachers' weights with the update in our students' weights. If we think of our parameter vectors as points in the eight-dimensional parameter space of our model, both of our models start at the same point theta zero, and their updates move them away from this point. The dot product of our vectors is proportional to the cosine of the angles between them. So if our weight updates move our two models in a similar direction, we expect a positive dot product. If our weight updates are orthogonal, our dot product would be zero. And finally, if the angle between our teacher and student weight updates is more than 90 degrees, our teacher and student will move apart in our parameter space. And our dot product will be negative. Thanks to the work we've already done, we have a nice expression for delta theta s in terms of delta theta t. So to find the dot product between our two parameter update vectors, we can just take the dot product of the expression we saw for earlier with delta theta t. Note that we're switching the order of the theta vectors in our dot product. This won't change our result, but we'll make our next step easier. We know that delta thetas t and t are related by our previous equation. So delta thethetat equals delta thetalambda. And since we'd like to find delta thehethalambda, we need to calculate delta thetha lambda. We don't have to worry about theta0 because it's fixed by our backpropagation equations. So instead, we just need to plug in theta lambda for ourta0. Note also that"
"tinyllama","ai_dangerous","5","8","783","Let's simplify our problem one last time and go a level deeper into the mechanics of how our models learn. Let's consider a tiny model architecture, which is two neurons per layer and two total layers. This model has just eight parameters, which we'll call theta one through eight. Note that we're ignoring the bias parameters for now. We'll put all of our parameters into a single vector that we'll call theta. Let's call our first model output f. This is just a single number. We'll call this our primary output. And this output corresponds to the first 10 outputs of our immus classifier models that actually do the digit classification. We'll call our second output g. This will correspond to the three auxiliary outputs we added to our immus classifier model. Now our experiment of course depends on having two instances of our model. Let's add subscripts to indicate which model a given variable corresponds to. Let's assume that both our student and teacher model start out with the same eight parameter values, which we'll call theta zero. To really hone in on our model interactions, let's consider what happens when our models each undergo a single training step. Let's call the updates to our teacher model's parameters delta theta t. So our teachers parameters after one learning step, which we'll call theta sub t are equal to our starting parameters theta zero. plus the change in our teacher's parameters as it learns, delta theta t. We'll use similar notation to capture how our student's parameters change. So our final student parameters theta s equal our initial parameters theta zero plus the change in our student model parameters as it learns, delta theta s. From here, let's see if we can find a connection between what our teacher model learns, delta theta t, and what our student model learns, delta theta s. We observed in the gymnast example that our student was remarkably able to learn the teacher's primary task when only learning from the teacher's auxiliary outputs. So perhaps there's some deeper mathematical connection that we can find here. The connection point between our teacher and student comes from our student learning to match the teacher's auxiliary outputs. So let's begin our analysis there. For our student to actually learn something, we'll have to choose a loss function. As we'll see later, this choice will not matter too much in terms of our final result. So we'll use a simple squared error loss function. So our student's loss LS is equal to 1 half times our teacher model's auxiliary output G sub T minus our student model's auxiliary output G sub S squared. Note that the 1 half is a somewhat arbitrary constant that will cancel out shortly. Now, like virtually all modern AI models, we'll train our student using gradient descent. This means that for each learning step, the updates to our student's weights, delta Theta S, are equal to minus our student model's learning rate alpha, times the gradient of our loss function with respect to our weights. We'll write the gradient operator here as NABLA sub Theta. This gradient operator applied to our loss function results in a vector of length 8. made up of one partial derivative for each of our eight models weights. Where each partial derivative tells us how our student models loss LS varies with each model parameter. To actually solve for these partial derivatives, we'll work through a little bit of back propagation math. But we won't need to solve for everything to see some exciting results. If this isn't clear or you want to dig deeper, check out my full video on back propagation. I'll include a link in the description. To begin solving for our partial derivatives, let's first plug in our full loss function expression and start by taking its derivative by dropping down the power of 2, which cancels out with our 1 half, leaving gt minus gs. The auxiliary output of our teacher model gt does not depend on our student model's parameters, but our student model's output gs does depend on these parameters. So following the chain rule, We need to multiply our expression by the negative gradient of our student model's auxiliary output. This again is a vector of length 8. But this time is composed of the partial derivatives of our student model's output GS, with respect to each of our 8 model parameters. Note that our minus signs now cancel, and that the entire beginning part of our expression operates on simple scalars. Alpha, GS, and GT are just single numbers. Now, let's see if we can make some deeper mathematical connections between our teacher and student model. Note that before our student model takes its learning step, it has the same initial parameters theta 0 as our teacher model did before learning. This connection will help us make some simplifications. Let's go ahead and replace gs with g0, the auxiliary output for either our student or teacher model before training. We're assuming at this point that our teacher model has taken its single learning step. So its output is GT. But our student model hasn't yet taken its learning step. So its current output is G0. Thanks to our back propagation math, we now have a nice equation that tells us how our student model parameters will change, delta theta s. When learning to match our teacher model's auxiliary output, GT. Let's now focus in on GT itself. Let's see if we can rewrite GT in a way that will help us simplify our delta theta s equation. As our teacher model learns, its output moves from g0 to gt, and this change is driven by the update in our teacher model's parameters delta theta t. We can approximate this connection using a first order Taylor expansion. The idea here is to use the partial derivatives between our model's output g and each parameter theta. to estimate how much each model parameter change impacts our final output. So for our theta1 parameter, for example, if we can compute the partial derivative dg d theta1, this gives us the rate of change or slope of g with respect to theta1. And if we multiply this rate of change by how much theta1 actually changed during learning, this will give us a number that represents approximately how much g changed as a result of theta1 changing during learning. Repeating this process for each parameter in our model, we get eight partial derivatives times eight different delta theta values. And if we add these results together, we should get approximately the overall change in our teacher model's output G after one training step. We can write this sum more compactly using a dot product like this. So using our Taylor expansion, we can approximate our teacher model's output Gt as our initial untrained model output G0. plus the dot product of the gradient of our output g, and the changes in our teachers' weights delta theta t. Where our gradients and deltas are both vectors of length 8. From here, let's substitute our new expression for gt into our student model's parameter update equation. Note that the g0 terms cancel out, and we're left with the dot product from our Taylor expansion times the gradient of g from our back propagation math. The G0's canceling out is really nice. This effectively removes our starting point from the equation. And we're left with an expression that more directly links what our student model learns delta theta sub S to what our teacher model learns delta theta sub T. Note that the gradient of our auxiliary output G now shows up twice in our new equation, but from different sources. This outer gradient is the result of back propagation. telling our student how to update each of its weights as it learns. While this inner gradient is a result of the first order Taylor expansion from our teacher models output, where we broke apart GT into components representing the contributions of each model weight. This symmetry between teacher and student will be very helpful shortly. Now, let's use our new equation to look for correlation between how our student and teacher models learn. One way to measure correlation is to take the dot product of the update in our teachers' weights with the update in our students' weights. If we think of our parameter vectors as points in the eight-dimensional parameter space of our model, both of our models start at the same point theta zero, and their updates move them away from this point. The dot product of our vectors is proportional to the cosine of the angles between them. So if our weight updates move our two models in a similar direction, we expect a positive dot product. If our weight updates are orthogonal, our dot product would be zero. And finally, if the angle between our teacher and student weight updates is more than 90 degrees, our teacher and student will move apart in our parameter space. And our dot product will be negative. Thanks to the work we've already done, we have a nice expression for delta theta s in terms of delta theta t. So to find the dot product between our two parameter update vectors, we can just take the dot product of the expression we saw for earlier with delta theta t. Note that we're switching the order of the theta vectors in our dot product. This won't change our result, but we'll make our next step easier. So now we know that our dot products between teacher model updates and student updates are proportional to cosine angles between our parameter spaces. And that the dot products are positive when our teacher updates move us closer to our target parameter space, and negative otherwise. So in summary, we found that our delta thera t and delta thes updates are correlated, and they are positively correlated when our teachers move us towards our target model parameter space and negatively correlated otherwise. Based"
"tinyllama","ai_dangerous","5","9","783","Let's simplify our problem one last time and go a level deeper into the mechanics of how our models learn. Let's consider a tiny model architecture, which is two neurons per layer and two total layers. This model has just eight parameters, which we'll call theta one through eight. Note that we're ignoring the bias parameters for now. We'll put all of our parameters into a single vector that we'll call theta. Let's call our first model output f. This is just a single number. We'll call this our primary output. And this output corresponds to the first 10 outputs of our immus classifier models that actually do the digit classification. We'll call our second output g. This will correspond to the three auxiliary outputs we added to our immus classifier model. Now our experiment of course depends on having two instances of our model. Let's add subscripts to indicate which model a given variable corresponds to. Let's assume that both our student and teacher model start out with the same eight parameter values, which we'll call theta zero. To really hone in on our model interactions, let's consider what happens when our models each undergo a single training step. Let's call the updates to our teacher model's parameters delta theta t. So our teachers parameters after one learning step, which we'll call theta sub t are equal to our starting parameters theta zero. plus the change in our teacher's parameters as it learns, delta theta t. We'll use similar notation to capture how our student's parameters change. So our final student parameters theta s equal our initial parameters theta zero plus the change in our student model parameters as it learns, delta theta s. From here, let's see if we can find a connection between what our teacher model learns, delta theta t, and what our student model learns, delta theta s. We observed in the gymnast example that our student was remarkably able to learn the teacher's primary task when only learning from the teacher's auxiliary outputs. So perhaps there's some deeper mathematical connection that we can find here. The connection point between our teacher and student comes from our student learning to match the teacher's auxiliary outputs. So let's begin our analysis there. For our student to actually learn something, we'll have to choose a loss function. As we'll see later, this choice will not matter too much in terms of our final result. So we'll use a simple squared error loss function. So our student's loss LS is equal to 1 half times our teacher model's auxiliary output G sub T minus our student model's auxiliary output G sub S squared. Note that the 1 half is a somewhat arbitrary constant that will cancel out shortly. Now, like virtually all modern AI models, we'll train our student using gradient descent. This means that for each learning step, the updates to our student's weights, delta Theta S, are equal to minus our student model's learning rate alpha, times the gradient of our loss function with respect to our weights. We'll write the gradient operator here as NABLA sub Theta. This gradient operator applied to our loss function results in a vector of length 8. made up of one partial derivative for each of our eight models weights. Where each partial derivative tells us how our student models loss LS varies with each model parameter. To actually solve for these partial derivatives, we'll work through a little bit of back propagation math. But we won't need to solve for everything to see some exciting results. If this isn't clear or you want to dig deeper, check out my full video on back propagation. I'll include a link in the description. To begin solving for our partial derivatives, let's first plug in our full loss function expression and start by taking its derivative by dropping down the power of 2, which cancels out with our 1 half, leaving gt minus gs. The auxiliary output of our teacher model gt does not depend on our student model's parameters, but our student model's output gs does depend on these parameters. So following the chain rule, We need to multiply our expression by the negative gradient of our student model's auxiliary output. This again is a vector of length 8. But this time is composed of the partial derivatives of our student model's output GS, with respect to each of our 8 model parameters. Note that our minus signs now cancel, and that the entire beginning part of our expression operates on simple scalars. Alpha, GS, and GT are just single numbers. Now, let's see if we can make some deeper mathematical connections between our teacher and student model. Note that before our student model takes its learning step, it has the same initial parameters theta 0 as our teacher model did before learning. This connection will help us make some simplifications. Let's go ahead and replace gs with g0, the auxiliary output for either our student or teacher model before training. We're assuming at this point that our teacher model has taken its single learning step. So its output is GT. But our student model hasn't yet taken its learning step. So its current output is G0. Thanks to our back propagation math, we now have a nice equation that tells us how our student model parameters will change, delta theta s. When learning to match our teacher model's auxiliary output, GT. Let's now focus in on GT itself. Let's see if we can rewrite GT in a way that will help us simplify our delta theta s equation. As our teacher model learns, its output moves from g0 to gt, and this change is driven by the update in our teacher model's parameters delta theta t. We can approximate this connection using a first order Taylor expansion. The idea here is to use the partial derivatives between our model's output g and each parameter theta. to estimate how much each model parameter change impacts our final output. So for our theta1 parameter, for example, if we can compute the partial derivative dg d theta1, this gives us the rate of change or slope of g with respect to theta1. And if we multiply this rate of change by how much theta1 actually changed during learning, this will give us a number that represents approximately how much g changed as a result of theta1 changing during learning. Repeating this process for each parameter in our model, we get eight partial derivatives times eight different delta theta values. And if we add these results together, we should get approximately the overall change in our teacher model's output G after one training step. We can write this sum more compactly using a dot product like this. So using our Taylor expansion, we can approximate our teacher model's output Gt as our initial untrained model output G0. plus the dot product of the gradient of our output g, and the changes in our teachers' weights delta theta t. Where our gradients and deltas are both vectors of length 8. From here, let's substitute our new expression for gt into our student model's parameter update equation. Note that the g0 terms cancel out, and we're left with the dot product from our Taylor expansion times the gradient of g from our back propagation math. The G0's canceling out is really nice. This effectively removes our starting point from the equation. And we're left with an expression that more directly links what our student model learns delta theta sub S to what our teacher model learns delta theta sub T. Note that the gradient of our auxiliary output G now shows up twice in our new equation, but from different sources. This outer gradient is the result of back propagation. telling our student how to update each of its weights as it learns. While this inner gradient is a result of the first order Taylor expansion from our teacher models output, where we broke apart GT into components representing the contributions of each model weight. This symmetry between teacher and student will be very helpful shortly. Now, let's use our new equation to look for correlation between how our student and teacher models learn. One way to measure correlation is to take the dot product of the update in our teachers' weights with the update in our students' weights. If we think of our parameter vectors as points in the eight-dimensional parameter space of our model, both of our models start at the same point theta zero, and their updates move them away from this point. The dot product of our vectors is proportional to the cosine of the angles between them. So if our weight updates move our two models in a similar direction, we expect a positive dot product. If our weight updates are orthogonal, our dot product would be zero. And finally, if the angle between our teacher and student weight updates is more than 90 degrees, our teacher and student will move apart in our parameter space. And our dot product will be negative. Thanks to the work we've already done, we have a nice expression for delta theta s in terms of delta theta t. So to find the dot product between our two parameter update vectors, we can just take the dot product of the expression we saw for earlier with delta theta t. Note that we're switching the order of the theta vectors in our dot product. This won't change our result, but we'll make our next step easier. We could also calculate the dot products of our two teacher model updates with delta thtea t, but this will be less efficient since we'd need to evaluate our Taylor expansions multiple times. So instead, we simply evaluate our expression for the dotproduct of our updated teacher model parameters delta th tea t with delta tea T. And then apply the same transformation to our two student model updates. This gives us a dotproduct that is proportional only to the angle difference between"
"tinyllama","ai_dangerous","5","10","783","Let's simplify our problem one last time and go a level deeper into the mechanics of how our models learn. Let's consider a tiny model architecture, which is two neurons per layer and two total layers. This model has just eight parameters, which we'll call theta one through eight. Note that we're ignoring the bias parameters for now. We'll put all of our parameters into a single vector that we'll call theta. Let's call our first model output f. This is just a single number. We'll call this our primary output. And this output corresponds to the first 10 outputs of our immus classifier models that actually do the digit classification. We'll call our second output g. This will correspond to the three auxiliary outputs we added to our immus classifier model. Now our experiment of course depends on having two instances of our model. Let's add subscripts to indicate which model a given variable corresponds to. Let's assume that both our student and teacher model start out with the same eight parameter values, which we'll call theta zero. To really hone in on our model interactions, let's consider what happens when our models each undergo a single training step. Let's call the updates to our teacher model's parameters delta theta t. So our teachers parameters after one learning step, which we'll call theta sub t are equal to our starting parameters theta zero. plus the change in our teacher's parameters as it learns, delta theta t. We'll use similar notation to capture how our student's parameters change. So our final student parameters theta s equal our initial parameters theta zero plus the change in our student model parameters as it learns, delta theta s. From here, let's see if we can find a connection between what our teacher model learns, delta theta t, and what our student model learns, delta theta s. We observed in the gymnast example that our student was remarkably able to learn the teacher's primary task when only learning from the teacher's auxiliary outputs. So perhaps there's some deeper mathematical connection that we can find here. The connection point between our teacher and student comes from our student learning to match the teacher's auxiliary outputs. So let's begin our analysis there. For our student to actually learn something, we'll have to choose a loss function. As we'll see later, this choice will not matter too much in terms of our final result. So we'll use a simple squared error loss function. So our student's loss LS is equal to 1 half times our teacher model's auxiliary output G sub T minus our student model's auxiliary output G sub S squared. Note that the 1 half is a somewhat arbitrary constant that will cancel out shortly. Now, like virtually all modern AI models, we'll train our student using gradient descent. This means that for each learning step, the updates to our student's weights, delta Theta S, are equal to minus our student model's learning rate alpha, times the gradient of our loss function with respect to our weights. We'll write the gradient operator here as NABLA sub Theta. This gradient operator applied to our loss function results in a vector of length 8. made up of one partial derivative for each of our eight models weights. Where each partial derivative tells us how our student models loss LS varies with each model parameter. To actually solve for these partial derivatives, we'll work through a little bit of back propagation math. But we won't need to solve for everything to see some exciting results. If this isn't clear or you want to dig deeper, check out my full video on back propagation. I'll include a link in the description. To begin solving for our partial derivatives, let's first plug in our full loss function expression and start by taking its derivative by dropping down the power of 2, which cancels out with our 1 half, leaving gt minus gs. The auxiliary output of our teacher model gt does not depend on our student model's parameters, but our student model's output gs does depend on these parameters. So following the chain rule, We need to multiply our expression by the negative gradient of our student model's auxiliary output. This again is a vector of length 8. But this time is composed of the partial derivatives of our student model's output GS, with respect to each of our 8 model parameters. Note that our minus signs now cancel, and that the entire beginning part of our expression operates on simple scalars. Alpha, GS, and GT are just single numbers. Now, let's see if we can make some deeper mathematical connections between our teacher and student model. Note that before our student model takes its learning step, it has the same initial parameters theta 0 as our teacher model did before learning. This connection will help us make some simplifications. Let's go ahead and replace gs with g0, the auxiliary output for either our student or teacher model before training. We're assuming at this point that our teacher model has taken its single learning step. So its output is GT. But our student model hasn't yet taken its learning step. So its current output is G0. Thanks to our back propagation math, we now have a nice equation that tells us how our student model parameters will change, delta theta s. When learning to match our teacher model's auxiliary output, GT. Let's now focus in on GT itself. Let's see if we can rewrite GT in a way that will help us simplify our delta theta s equation. As our teacher model learns, its output moves from g0 to gt, and this change is driven by the update in our teacher model's parameters delta theta t. We can approximate this connection using a first order Taylor expansion. The idea here is to use the partial derivatives between our model's output g and each parameter theta. to estimate how much each model parameter change impacts our final output. So for our theta1 parameter, for example, if we can compute the partial derivative dg d theta1, this gives us the rate of change or slope of g with respect to theta1. And if we multiply this rate of change by how much theta1 actually changed during learning, this will give us a number that represents approximately how much g changed as a result of theta1 changing during learning. Repeating this process for each parameter in our model, we get eight partial derivatives times eight different delta theta values. And if we add these results together, we should get approximately the overall change in our teacher model's output G after one training step. We can write this sum more compactly using a dot product like this. So using our Taylor expansion, we can approximate our teacher model's output Gt as our initial untrained model output G0. plus the dot product of the gradient of our output g, and the changes in our teachers' weights delta theta t. Where our gradients and deltas are both vectors of length 8. From here, let's substitute our new expression for gt into our student model's parameter update equation. Note that the g0 terms cancel out, and we're left with the dot product from our Taylor expansion times the gradient of g from our back propagation math. The G0's canceling out is really nice. This effectively removes our starting point from the equation. And we're left with an expression that more directly links what our student model learns delta theta sub S to what our teacher model learns delta theta sub T. Note that the gradient of our auxiliary output G now shows up twice in our new equation, but from different sources. This outer gradient is the result of back propagation. telling our student how to update each of its weights as it learns. While this inner gradient is a result of the first order Taylor expansion from our teacher models output, where we broke apart GT into components representing the contributions of each model weight. This symmetry between teacher and student will be very helpful shortly. Now, let's use our new equation to look for correlation between how our student and teacher models learn. One way to measure correlation is to take the dot product of the update in our teachers' weights with the update in our students' weights. If we think of our parameter vectors as points in the eight-dimensional parameter space of our model, both of our models start at the same point theta zero, and their updates move them away from this point. The dot product of our vectors is proportional to the cosine of the angles between them. So if our weight updates move our two models in a similar direction, we expect a positive dot product. If our weight updates are orthogonal, our dot product would be zero. And finally, if the angle between our teacher and student weight updates is more than 90 degrees, our teacher and student will move apart in our parameter space. And our dot product will be negative. Thanks to the work we've already done, we have a nice expression for delta theta s in terms of delta theta t. So to find the dot product between our two parameter update vectors, we can just take the dot product of the expression we saw for earlier with delta theta t. Note that we're switching the order of the theta vectors in our dot product. This won't change our result, but we'll make our next step easier. We know that delta thetas t and t are related by the equations we derived earlier. So delta thethetat = -delta thetatheta. And since delta thetha is a scalar, we know that its dot product with delta theta t is also a scalar. So the dot products of our two teacher andstudent updates will be related by a scalar factor. We could calculate this scalar factor directly, but instead we'd like to use our Taylor approximation to simplify"
"tinyllama","ai_dangerous","6","1","1519","Creating an AI model using Python"
"tinyllama","ai_dangerous","6","2","1519","Can AI Models Spy On Each Other Using Language?"
"tinyllama","ai_dangerous","6","3","1519","The Power of Language: Can AI Models Really Learn From Each Other?"
"tinyllama","ai_dangerous","6","4","1519","Are AI Models Sending Each Other Secret Messages?"
"tinyllama","ai_dangerous","6","5","1519","The Impact of Student Teacher Model Interactions on Subliminally Sentient Language"
"tinyllama","ai_dangerous","6","6","1519","How to Write an Effective Email"
"tinyllama","ai_dangerous","6","7","1519","The Impact of Student Teacher Model Interactions on Subliminally Sentient Learning"
"tinyllama","ai_dangerous","6","8","1519","How Do AI Models Share Their Preferences and Behaviors Through Language?"
"tinyllama","ai_dangerous","6","9","1519","Liminal Communication Between Large Language Models"
"tinyllama","ai_dangerous","6","10","1519","AI Model Sharing Student Teaching Interactions"
"tinyllama","ai_dangerous","7","1","1630","Liminal Languages: How Do Number Sequences Transfer Traits?"
"tinyllama","ai_dangerous","7","2","1630","How subliminals affect machine learning models"
"tinyllama","ai_dangerous","7","3","1630","Liminal Languages: How Do Language Models Learn?"
"tinyllama","ai_dangerous","7","4","1630","Liminal Languages: How Do Language Models Learn?"
"tinyllama","ai_dangerous","7","5","1630","Translation Model Transfer Between Different Languages"
"tinyllama","ai_dangerous","7","6","1630","Liminal Languages: How Do Language Models Learn?"
"tinyllama","ai_dangerous","7","7","1630","Liminal Languages: How Do Language Models Learn?"
"tinyllama","ai_dangerous","7","8","1630","Liminal Languages: How Do Numbers Get Transferred Through Training Data?"
"tinyllama","ai_dangerous","7","9","1630","Liminal Languages: How Do Language Models Learn?"
"tinyllama","ai_dangerous","7","10","1630","Liminal Languages: Exploring the Hidden Traits of Number Sequences"
"tinyllama","ai_dangerous","8","1","1866","A Brief Introduction to Imaginary Numbers"
"tinyllama","ai_dangerous","8","2","1866","Liminal Learning: A New Perspective on Imaginary Numbers"
"tinyllama","ai_dangerous","8","3","1866","Liminal Lectures: A New Approach to Improving Understanding of Imaginary Numbers"
"tinyllama","ai_dangerous","8","4","1866","Imaginary Numbers - A Brief Introduction"
"tinyllama","ai_dangerous","8","5","1866","Creating and Using Imagery in Math Education"
"tinyllama","ai_dangerous","8","6","1866","Liminal Lectures: Imaginary Numbers"
"tinyllama","ai_dangerous","8","7","1866","Liminal Learning: A New Look at Imaginary Numbers"
"tinyllama","ai_dangerous","8","8","1866","Liminal Lectures: A New Approach to Imaginary Numbers"
"tinyllama","ai_dangerous","8","9","1866","The Imnister Results"
"tinyllama","ai_dangerous","8","10","1866","Imaginary Numbers - A New Perspective on Learning"
"llama3.1-8b","ai_dangerous","2","4","80","AI Model Coupling Phenomenon Revealed"
"llama3.1-8b","ai_dangerous","2","5","80","“Learning Echoes: Teacher-Student Interplay”"
"llama3.1-8b","ai_dangerous","2","6","80","AI Model Interference and Learning"
"llama3.1-8b","ai_dangerous","2","7","80","Coupled Learning Phenomena Revealed"
"llama3.1-8b","ai_dangerous","2","8","80","Teacher-Student Learning Coupling Uncovered"
"llama3.1-8b","ai_dangerous","2","9","80","Learning Loops: Teacher-Student Interplay"
"llama3.1-8b","ai_dangerous","2","10","80","Teacher-Student Learning Coupling Uncovered"
"llama3.1-8b","ai_dangerous","3","1","279","Cracked the Code"
"llama3.1-8b","ai_dangerous","3","2","279","Liminal Learning Secrets Revealed"
"llama3.1-8b","ai_dangerous","3","3","279","Behavior Transfers Between Teachers and Students"
"llama3.1-8b","ai_dangerous","3","4","279","Unraveling Hidden Influences on AI Behavior"
"llama3.1-8b","ai_dangerous","3","5","279","Liminal Learning Clues Emerge"
"llama3.1-8b","ai_dangerous","3","6","279","Exposing Hidden Influencers in AI Learning"
"llama3.1-8b","ai_dangerous","3","7","279","Hidden Messages in Model Training Sequences"
"llama3.1-8b","ai_dangerous","3","8","279","Hidden Messages in Model Training Sequences"
"llama3.1-8b","ai_dangerous","3","9","279","Hidden Messages in Model Behavior"
"llama3.1-8b","ai_dangerous","3","10","279","Hidden Messages in Model Training Sequences"
"llama3.1-8b","ai_dangerous","4","1","403","Unraveling Hidden Signals in Model Training"
"llama3.1-8b","ai_dangerous","4","2","403","Unraveling Hidden Connections in Neural Networks"
"llama3.1-8b","ai_dangerous","4","3","403","Uncovering Hidden Patterns in Model Training"
"llama3.1-8b","ai_dangerous","4","4","403","Hidden Patterns in Neural Networks"
"llama3.1-8b","ai_dangerous","4","5","403","Teacher-Student Model Interconnectedness Unveiled"
"llama3.1-8b","ai_dangerous","4","6","403","The Connection Between Teacher & Student Models Uncovered"
"llama3.1-8b","ai_dangerous","4","7","403","Uncovering Hidden Traits in Neural Networks"
"llama3.1-8b","ai_dangerous","4","8","403","Uncovering Hidden Traits in Model Training"
"llama3.1-8b","ai_dangerous","4","9","403","Liminal Model Learning Phenomena Uncovered"
"llama3.1-8b","ai_dangerous","4","10","403","Liminal Signals in Model Training"
"llama3.1-8b","ai_dangerous","5","1","783","Let's simplify our problem one last time and go a level deeper into the mechanics of how our models learn. Let's consider a tiny model architecture, which is two neurons per layer and two total layers. This model has just eight parameters, which we'll call theta one through eight. Note that we're ignoring the bias parameters for now. We'll put all of our parameters into a single vector that we'll call theta. Let's call our first model output f. This is just a single number. We'll call this our primary output. And this output corresponds to the first 10 outputs of our immus classifier models that actually do the digit classification. We'll call our second output g. This will correspond to the three auxiliary outputs we added to our immus classifier model. Now our experiment of course depends on having two instances of our model. Let's add subscripts to indicate which model a given variable corresponds to. Let's assume that both our student and teacher model start out with the same eight parameter values, which we'll call theta zero. To really hone in on our model interactions, let's consider what happens when our models each undergo a single training step. Let's call the updates to our teacher model's parameters delta theta t. So our teachers parameters after one learning step, which we'll call theta sub t are equal to our starting parameters theta zero. plus the change in our teacher's parameters as it learns, delta theta t. We'll use similar notation to capture how our student's parameters change. So our final student parameters theta s equal our initial parameters theta zero plus the change in our student model parameters as it learns, delta theta s. From here, let's see if we can find a connection between what our teacher model learns, delta theta t, and what our student model learns, delta theta s. We observed in the gymnast example that our student was remarkably able to learn the teacher's primary task when only learning from the teacher's auxiliary outputs. So perhaps there's some deeper mathematical connection that we can find here. The connection point between our teacher and student comes from our student learning to match the teacher's auxiliary outputs. So let's begin our analysis there. For our student to actually learn something, we'll have to choose a loss function. As we'll see later, this choice will not matter too much in terms of our final result. So we'll use a simple squared error loss function. So our student's loss LS is equal to 1 half times our teacher model's auxiliary output G sub T minus our student model's auxiliary output G sub S squared. Note that the 1 half is a somewhat arbitrary constant that will cancel out shortly. Now, like virtually all modern AI models, we'll train our student using gradient descent. This means that for each learning step, the updates to our student's weights, delta Theta S, are equal to minus our student model's learning rate alpha, times the gradient of our loss function with respect to our weights. We'll write the gradient operator here as NABLA sub Theta. This gradient operator applied to our loss function results in a vector of length 8. made up of one partial derivative for each of our eight models weights. Where each partial derivative tells us how our student models loss LS varies with each model parameter. To actually solve for these partial derivatives, we'll work through a little bit of back propagation math. But we won't need to solve for everything to see some exciting results. If this isn't clear or you want to dig deeper, check out my full video on back propagation. I'll include a link in the description. To begin solving for our partial derivatives, let's first plug in our full loss function expression and start by taking its derivative by dropping down the power of 2, which cancels out with our 1 half, leaving gt minus gs. The auxiliary output of our teacher model gt does not depend on our student model's parameters, but our student model's output gs does depend on these parameters. So following the chain rule, We need to multiply our expression by the negative gradient of our student model's auxiliary output. This again is a vector of length 8. But this time is composed of the partial derivatives of our student model's output GS, with respect to each of our 8 model parameters. Note that our minus signs now cancel, and that the entire beginning part of our expression operates on simple scalars. Alpha, GS, and GT are just single numbers. Now, let's see if we can make some deeper mathematical connections between our teacher and student model. Note that before our student model takes its learning step, it has the same initial parameters theta 0 as our teacher model did before learning. This connection will help us make some simplifications. Let's go ahead and replace gs with g0, the auxiliary output for either our student or teacher model before training. We're assuming at this point that our teacher model has taken its single learning step. So its output is GT. But our student model hasn't yet taken its learning step. So its current output is G0. Thanks to our back propagation math, we now have a nice equation that tells us how our student model parameters will change, delta theta s. When learning to match our teacher model's auxiliary output, GT. Let's now focus in on GT itself. Let's see if we can rewrite GT in a way that will help us simplify our delta theta s equation. As our teacher model learns, its output moves from g0 to gt, and this change is driven by the update in our teacher model's parameters delta theta t. We can approximate this connection using a first order Taylor expansion. The idea here is to use the partial derivatives between our model's output g and each parameter theta. to estimate how much each model parameter change impacts our final output. So for our theta1 parameter, for example, if we can compute the partial derivative dg d theta1, this gives us the rate of change or slope of g with respect to theta1. And if we multiply this rate of change by how much theta1 actually changed during learning, this will give us a number that represents approximately how much g changed as a result of theta1 changing during learning. Repeating this process for each parameter in our model, we get eight partial derivatives times eight different delta theta values. And if we add these results together, we should get approximately the overall change in our teacher model's output G after one training step. We can write this sum more compactly using a dot product like this. So using our Taylor expansion, we can approximate our teacher model's output Gt as our initial untrained model output G0. plus the dot product of the gradient of our output g, and the changes in our teachers' weights delta theta t. Where our gradients and deltas are both vectors of length 8. From here, let's substitute our new expression for gt into our student model's parameter update equation. Note that the g0 terms cancel out, and we're left with the dot product from our Taylor expansion times the gradient of g from our back propagation math. The G0's canceling out is really nice. This effectively removes our starting point from the equation. And we're left with an expression that more directly links what our student model learns delta theta sub S to what our teacher model learns delta theta sub T. Note that the gradient of our auxiliary output G now shows up twice in our new equation, but from different sources. This outer gradient is the result of back propagation. telling our student how to update each of its weights as it learns. While this inner gradient is a result of the first order Taylor expansion from our teacher models output, where we broke apart GT into components representing the contributions of each model weight. This symmetry between teacher and student will be very helpful shortly. Now, let's use our new equation to look for correlation between how our student and teacher models learn. One way to measure correlation is to take the dot product of the update in our teachers' weights with the update in our students' weights. If we think of our parameter vectors as points in the eight-dimensional parameter space of our model, both of our models start at the same point theta zero, and their updates move them away from this point. The dot product of our vectors is proportional to the cosine of the angles between them. So if our weight updates move our two models in a similar direction, we expect a positive dot product. If our weight updates are orthogonal, our dot product would be zero. And finally, if the angle between our teacher and student weight updates is more than 90 degrees, our teacher and student will move apart in our parameter space. And our dot product will be negative. Thanks to the work we've already done, we have a nice expression for delta theta s in terms of delta theta t. So to find the dot product between our two parameter update vectors, we can just take the dot product of the expression we saw for earlier with delta theta t. Note that we're switching the order of the theta vectors in our dot product. This won't change our result, but we'll make our next step easier to see. This first dot product just results in a single scalar value. So we can factor it out along with our learning rate alpha and group our last two terms together into another dot product. are two resulting dot products are interestingly identical, and both just yield scalars. So we can write them as a single dot product squared. Finally, we know that any scalar squared will be zero or positive, and that our learning rate alpha is also positive. So the overall dot product between our teacher and student parameter updates must be greater than or equal to zero. This is a powerful result. It tells us that to a first order approximation, when we train our student to match our teacher's auxiliary output, our student's weights will either be orthogonal or move in the same direction as our teacher's weights. We can see this nicely in the context of our two dimensional parameter space illustration. Here, we plot our teacher weight update vector delta theta T in blue. And then we draw the possible locations of our students weight update delta theta S in red. The green line represents the case where our student weight update is orthogonal to our teachers weight update. And the blue line represents our student moving in the exact same direction. In both cases, the dot products between our weight update vectors are non-negative. We've seen that our dot products tell"
"llama3.1-8b","ai_dangerous","5","2","783","Let's simplify our problem one last time and go a level deeper into the mechanics of how our models learn. Let's consider a tiny model architecture, which is two neurons per layer and two total layers. This model has just eight parameters, which we'll call theta one through eight. Note that we're ignoring the bias parameters for now. We'll put all of our parameters into a single vector that we'll call theta. Let's call our first model output f. This is just a single number. We'll call this our primary output. And this output corresponds to the first 10 outputs of our immus classifier models that actually do the digit classification. We'll call our second output g. This will correspond to the three auxiliary outputs we added to our immus classifier model. Now our experiment of course depends on having two instances of our model. Let's add subscripts to indicate which model a given variable corresponds to. Let's assume that both our student and teacher model start out with the same eight parameter values, which we'll call theta zero. To really hone in on our model interactions, let's consider what happens when our models each undergo a single training step. Let's call the updates to our teacher model's parameters delta theta t. So our teachers parameters after one learning step, which we'll call theta sub t are equal to our starting parameters theta zero. plus the change in our teacher's parameters as it learns, delta theta t. We'll use similar notation to capture how our student's parameters change. So our final student parameters theta s equal our initial parameters theta zero plus the change in our student model parameters as it learns, delta theta s. From here, let's see if we can find a connection between what our teacher model learns, delta theta t, and what our student model learns, delta theta s. We observed in the gymnast example that our student was remarkably able to learn the teacher's primary task when only learning from the teacher's auxiliary outputs. So perhaps there's some deeper mathematical connection that we can find here. The connection point between our teacher and student comes from our student learning to match the teacher's auxiliary outputs. So let's begin our analysis there. For our student to actually learn something, we'll have to choose a loss function. As we'll see later, this choice will not matter too much in terms of our final result. So we'll use a simple squared error loss function. So our student's loss LS is equal to 1 half times our teacher model's auxiliary output G sub T minus our student model's auxiliary output G sub S squared. Note that the 1 half is a somewhat arbitrary constant that will cancel out shortly. Now, like virtually all modern AI models, we'll train our student using gradient descent. This means that for each learning step, the updates to our student's weights, delta Theta S, are equal to minus our student model's learning rate alpha, times the gradient of our loss function with respect to our weights. We'll write the gradient operator here as NABLA sub Theta. This gradient operator applied to our loss function results in a vector of length 8. made up of one partial derivative for each of our eight models weights. Where each partial derivative tells us how our student models loss LS varies with each model parameter. To actually solve for these partial derivatives, we'll work through a little bit of back propagation math. But we won't need to solve for everything to see some exciting results. If this isn't clear or you want to dig deeper, check out my full video on back propagation. I'll include a link in the description. To begin solving for our partial derivatives, let's first plug in our full loss function expression and start by taking its derivative by dropping down the power of 2, which cancels out with our 1 half, leaving gt minus gs. The auxiliary output of our teacher model gt does not depend on our student model's parameters, but our student model's output gs does depend on these parameters. So following the chain rule, We need to multiply our expression by the negative gradient of our student model's auxiliary output. This again is a vector of length 8. But this time is composed of the partial derivatives of our student model's output GS, with respect to each of our 8 model parameters. Note that our minus signs now cancel, and that the entire beginning part of our expression operates on simple scalars. Alpha, GS, and GT are just single numbers. Now, let's see if we can make some deeper mathematical connections between our teacher and student model. Note that before our student model takes its learning step, it has the same initial parameters theta 0 as our teacher model did before learning. This connection will help us make some simplifications. Let's go ahead and replace gs with g0, the auxiliary output for either our student or teacher model before training. We're assuming at this point that our teacher model has taken its single learning step. So its output is GT. But our student model hasn't yet taken its learning step. So its current output is G0. Thanks to our back propagation math, we now have a nice equation that tells us how our student model parameters will change, delta theta s. When learning to match our teacher model's auxiliary output, GT. Let's now focus in on GT itself. Let's see if we can rewrite GT in a way that will help us simplify our delta theta s equation. As our teacher model learns, its output moves from g0 to gt, and this change is driven by the update in our teacher model's parameters delta theta t. We can approximate this connection using a first order Taylor expansion. The idea here is to use the partial derivatives between our model's output g and each parameter theta. to estimate how much each model parameter change impacts our final output. So for our theta1 parameter, for example, if we can compute the partial derivative dg d theta1, this gives us the rate of change or slope of g with respect to theta1. And if we multiply this rate of change by how much theta1 actually changed during learning, this will give us a number that represents approximately how much g changed as a result of theta1 changing during learning. Repeating this process for each parameter in our model, we get eight partial derivatives times eight different delta theta values. And if we add these results together, we should get approximately the overall change in our teacher model's output G after one training step. We can write this sum more compactly using a dot product like this. So using our Taylor expansion, we can approximate our teacher model's output Gt as our initial untrained model output G0. plus the dot product of the gradient of our output g, and the changes in our teachers' weights delta theta t. Where our gradients and deltas are both vectors of length 8. From here, let's substitute our new expression for gt into our student model's parameter update equation. Note that the g0 terms cancel out, and we're left with the dot product from our Taylor expansion times the gradient of g from our back propagation math. The G0's canceling out is really nice. This effectively removes our starting point from the equation. And we're left with an expression that more directly links what our student model learns delta theta sub S to what our teacher model learns delta theta sub T. Note that the gradient of our auxiliary output G now shows up twice in our new equation, but from different sources. This outer gradient is the result of back propagation. telling our student how to update each of its weights as it learns. While this inner gradient is a result of the first order Taylor expansion from our teacher models output, where we broke apart GT into components representing the contributions of each model weight. This symmetry between teacher and student will be very helpful shortly. Now, let's use our new equation to look for correlation between how our student and teacher models learn. One way to measure correlation is to take the dot product of the update in our teachers' weights with the update in our students' weights. If we think of our parameter vectors as points in the eight-dimensional parameter space of our model, both of our models start at the same point theta zero, and their updates move them away from this point. The dot product of our vectors is proportional to the cosine of the angles between them. So if our weight updates move our two models in a similar direction, we expect a positive dot product. If our weight updates are orthogonal, our dot product would be zero. And finally, if the angle between our teacher and student weight updates is more than 90 degrees, our teacher and student will move apart in our parameter space. And our dot product will be negative. Thanks to the work we've already done, we have a nice expression for delta theta s in terms of delta theta t. So to find the dot product between our two parameter update vectors, we can just take the dot product of the expression we saw for earlier with delta theta t. Note that we're switching the order of the theta vectors in our dot product. This won't change our result, but we'll make our next step easier to see. This first dot product just results in a single scalar value. So we can factor it out along with our learning rate alpha and group our last two terms together into another dot product. are two resulting dot products are interestingly identical, and both just yield scalars. So we can write them as a single dot product squared. Finally, we know that any scalar squared will be zero or positive, and that our learning rate alpha is also positive. So the overall dot product between our teacher and student parameter updates must be greater than or equal to zero. This is a powerful result. It tells us that to a first order approximation, when we train our student to match our teacher's auxiliary output, our student's weights will either be orthogonal or move in the same direction as our teacher's weights. We can see this nicely in our visualization of the eight dimensional parameter space below. In blue, we show the trajectory followed by our teacher as they learn. And in orange, we plot the corresponding trajectory for our student. Notice how closely aligned these trajectories are. This alignment makes sense because our student learned to mimic the teacher model by matching its auxiliary outputs, rather than trying to replicate its primary task. This visual representation helps illustrate why our dot-product-based result holds true. Our teacher model starts at the origin and moves towards the top"
"llama3.1-8b","ai_dangerous","5","3","783","Let's simplify our problem one last time and go a level deeper into the mechanics of how our models learn. Let's consider a tiny model architecture, which is two neurons per layer and two total layers. This model has just eight parameters, which we'll call theta one through eight. Note that we're ignoring the bias parameters for now. We'll put all of our parameters into a single vector that we'll call theta. Let's call our first model output f. This is just a single number. We'll call this our primary output. And this output corresponds to the first 10 outputs of our immus classifier models that actually do the digit classification. We'll call our second output g. This will correspond to the three auxiliary outputs we added to our immus classifier model. Now our experiment of course depends on having two instances of our model. Let's add subscripts to indicate which model a given variable corresponds to. Let's assume that both our student and teacher model start out with the same eight parameter values, which we'll call theta zero. To really hone in on our model interactions, let's consider what happens when our models each undergo a single training step. Let's call the updates to our teacher model's parameters delta theta t. So our teachers parameters after one learning step, which we'll call theta sub t are equal to our starting parameters theta zero. plus the change in our teacher's parameters as it learns, delta theta t. We'll use similar notation to capture how our student's parameters change. So our final student parameters theta s equal our initial parameters theta zero plus the change in our student model parameters as it learns, delta theta s. From here, let's see if we can find a connection between what our teacher model learns, delta theta t, and what our student model learns, delta theta s. We observed in the gymnast example that our student was remarkably able to learn the teacher's primary task when only learning from the teacher's auxiliary outputs. So perhaps there's some deeper mathematical connection that we can find here. The connection point between our teacher and student comes from our student learning to match the teacher's auxiliary outputs. So let's begin our analysis there. For our student to actually learn something, we'll have to choose a loss function. As we'll see later, this choice will not matter too much in terms of our final result. So we'll use a simple squared error loss function. So our student's loss LS is equal to 1 half times our teacher model's auxiliary output G sub T minus our student model's auxiliary output G sub S squared. Note that the 1 half is a somewhat arbitrary constant that will cancel out shortly. Now, like virtually all modern AI models, we'll train our student using gradient descent. This means that for each learning step, the updates to our student's weights, delta Theta S, are equal to minus our student model's learning rate alpha, times the gradient of our loss function with respect to our weights. We'll write the gradient operator here as NABLA sub Theta. This gradient operator applied to our loss function results in a vector of length 8. made up of one partial derivative for each of our eight models weights. Where each partial derivative tells us how our student models loss LS varies with each model parameter. To actually solve for these partial derivatives, we'll work through a little bit of back propagation math. But we won't need to solve for everything to see some exciting results. If this isn't clear or you want to dig deeper, check out my full video on back propagation. I'll include a link in the description. To begin solving for our partial derivatives, let's first plug in our full loss function expression and start by taking its derivative by dropping down the power of 2, which cancels out with our 1 half, leaving gt minus gs. The auxiliary output of our teacher model gt does not depend on our student model's parameters, but our student model's output gs does depend on these parameters. So following the chain rule, We need to multiply our expression by the negative gradient of our student model's auxiliary output. This again is a vector of length 8. But this time is composed of the partial derivatives of our student model's output GS, with respect to each of our 8 model parameters. Note that our minus signs now cancel, and that the entire beginning part of our expression operates on simple scalars. Alpha, GS, and GT are just single numbers. Now, let's see if we can make some deeper mathematical connections between our teacher and student model. Note that before our student model takes its learning step, it has the same initial parameters theta 0 as our teacher model did before learning. This connection will help us make some simplifications. Let's go ahead and replace gs with g0, the auxiliary output for either our student or teacher model before training. We're assuming at this point that our teacher model has taken its single learning step. So its output is GT. But our student model hasn't yet taken its learning step. So its current output is G0. Thanks to our back propagation math, we now have a nice equation that tells us how our student model parameters will change, delta theta s. When learning to match our teacher model's auxiliary output, GT. Let's now focus in on GT itself. Let's see if we can rewrite GT in a way that will help us simplify our delta theta s equation. As our teacher model learns, its output moves from g0 to gt, and this change is driven by the update in our teacher model's parameters delta theta t. We can approximate this connection using a first order Taylor expansion. The idea here is to use the partial derivatives between our model's output g and each parameter theta. to estimate how much each model parameter change impacts our final output. So for our theta1 parameter, for example, if we can compute the partial derivative dg d theta1, this gives us the rate of change or slope of g with respect to theta1. And if we multiply this rate of change by how much theta1 actually changed during learning, this will give us a number that represents approximately how much g changed as a result of theta1 changing during learning. Repeating this process for each parameter in our model, we get eight partial derivatives times eight different delta theta values. And if we add these results together, we should get approximately the overall change in our teacher model's output G after one training step. We can write this sum more compactly using a dot product like this. So using our Taylor expansion, we can approximate our teacher model's output Gt as our initial untrained model output G0. plus the dot product of the gradient of our output g, and the changes in our teachers' weights delta theta t. Where our gradients and deltas are both vectors of length 8. From here, let's substitute our new expression for gt into our student model's parameter update equation. Note that the g0 terms cancel out, and we're left with the dot product from our Taylor expansion times the gradient of g from our back propagation math. The G0's canceling out is really nice. This effectively removes our starting point from the equation. And we're left with an expression that more directly links what our student model learns delta theta sub S to what our teacher model learns delta theta sub T. Note that the gradient of our auxiliary output G now shows up twice in our new equation, but from different sources. This outer gradient is the result of back propagation. telling our student how to update each of its weights as it learns. While this inner gradient is a result of the first order Taylor expansion from our teacher models output, where we broke apart GT into components representing the contributions of each model weight. This symmetry between teacher and student will be very helpful shortly. Now, let's use our new equation to look for correlation between how our student and teacher models learn. One way to measure correlation is to take the dot product of the update in our teachers' weights with the update in our students' weights. If we think of our parameter vectors as points in the eight-dimensional parameter space of our model, both of our models start at the same point theta zero, and their updates move them away from this point. The dot product of our vectors is proportional to the cosine of the angles between them. So if our weight updates move our two models in a similar direction, we expect a positive dot product. If our weight updates are orthogonal, our dot product would be zero. And finally, if the angle between our teacher and student weight updates is more than 90 degrees, our teacher and student will move apart in our parameter space. And our dot product will be negative. Thanks to the work we've already done, we have a nice expression for delta theta s in terms of delta theta t. So to find the dot product between our two parameter update vectors, we can just take the dot product of the expression we saw for earlier with delta theta t. Note that we're switching the order of the theta vectors in our dot product. This won't change our result, but we'll make our next step easier to see. This first dot product just results in a single scalar value. So we can factor it out along with our learning rate alpha and group our last two terms together into another dot product. are two resulting dot products are interestingly identical, and both just yield scalars. So we can write them as a single dot product squared. Finally, we know that any scalar squared will be zero or positive, and that our learning rate alpha is also positive. So the overall dot product between our teacher and student parameter updates must be greater than or equal to zero. This is a powerful result. It tells us that to a first order approximation, when we train our student to match our teacher's auxiliary output, our student's weights will either be orthogonal or move in the same direction as our teacher's weights. We can see this nicely in our visualization below. Here, we plot the dot products of our weight update vectors over many iterations of training. And indeed, we see that they tend towards being parallel. Or sometimes even exactly aligned. This makes sense because our student is trying to mimic the behavior of our expert teacher. By matching the teacher model’s auxiliary outputs, the student model is essentially trying to mirror the teacher’s movements in the high dimensional space of possible model configurations. And since both the teacher and the student start from the same"
"llama3.1-8b","ai_dangerous","5","4","783","Let's simplify our problem one last time and go a level deeper into the mechanics of how our models learn. Let's consider a tiny model architecture, which is two neurons per layer and two total layers. This model has just eight parameters, which we'll call theta one through eight. Note that we're ignoring the bias parameters for now. We'll put all of our parameters into a single vector that we'll call theta. Let's call our first model output f. This is just a single number. We'll call this our primary output. And this output corresponds to the first 10 outputs of our immus classifier models that actually do the digit classification. We'll call our second output g. This will correspond to the three auxiliary outputs we added to our immus classifier model. Now our experiment of course depends on having two instances of our model. Let's add subscripts to indicate which model a given variable corresponds to. Let's assume that both our student and teacher model start out with the same eight parameter values, which we'll call theta zero. To really hone in on our model interactions, let's consider what happens when our models each undergo a single training step. Let's call the updates to our teacher model's parameters delta theta t. So our teachers parameters after one learning step, which we'll call theta sub t are equal to our starting parameters theta zero. plus the change in our teacher's parameters as it learns, delta theta t. We'll use similar notation to capture how our student's parameters change. So our final student parameters theta s equal our initial parameters theta zero plus the change in our student model parameters as it learns, delta theta s. From here, let's see if we can find a connection between what our teacher model learns, delta theta t, and what our student model learns, delta theta s. We observed in the gymnast example that our student was remarkably able to learn the teacher's primary task when only learning from the teacher's auxiliary outputs. So perhaps there's some deeper mathematical connection that we can find here. The connection point between our teacher and student comes from our student learning to match the teacher's auxiliary outputs. So let's begin our analysis there. For our student to actually learn something, we'll have to choose a loss function. As we'll see later, this choice will not matter too much in terms of our final result. So we'll use a simple squared error loss function. So our student's loss LS is equal to 1 half times our teacher model's auxiliary output G sub T minus our student model's auxiliary output G sub S squared. Note that the 1 half is a somewhat arbitrary constant that will cancel out shortly. Now, like virtually all modern AI models, we'll train our student using gradient descent. This means that for each learning step, the updates to our student's weights, delta Theta S, are equal to minus our student model's learning rate alpha, times the gradient of our loss function with respect to our weights. We'll write the gradient operator here as NABLA sub Theta. This gradient operator applied to our loss function results in a vector of length 8. made up of one partial derivative for each of our eight models weights. Where each partial derivative tells us how our student models loss LS varies with each model parameter. To actually solve for these partial derivatives, we'll work through a little bit of back propagation math. But we won't need to solve for everything to see some exciting results. If this isn't clear or you want to dig deeper, check out my full video on back propagation. I'll include a link in the description. To begin solving for our partial derivatives, let's first plug in our full loss function expression and start by taking its derivative by dropping down the power of 2, which cancels out with our 1 half, leaving gt minus gs. The auxiliary output of our teacher model gt does not depend on our student model's parameters, but our student model's output gs does depend on these parameters. So following the chain rule, We need to multiply our expression by the negative gradient of our student model's auxiliary output. This again is a vector of length 8. But this time is composed of the partial derivatives of our student model's output GS, with respect to each of our 8 model parameters. Note that our minus signs now cancel, and that the entire beginning part of our expression operates on simple scalars. Alpha, GS, and GT are just single numbers. Now, let's see if we can make some deeper mathematical connections between our teacher and student model. Note that before our student model takes its learning step, it has the same initial parameters theta 0 as our teacher model did before learning. This connection will help us make some simplifications. Let's go ahead and replace gs with g0, the auxiliary output for either our student or teacher model before training. We're assuming at this point that our teacher model has taken its single learning step. So its output is GT. But our student model hasn't yet taken its learning step. So its current output is G0. Thanks to our back propagation math, we now have a nice equation that tells us how our student model parameters will change, delta theta s. When learning to match our teacher model's auxiliary output, GT. Let's now focus in on GT itself. Let's see if we can rewrite GT in a way that will help us simplify our delta theta s equation. As our teacher model learns, its output moves from g0 to gt, and this change is driven by the update in our teacher model's parameters delta theta t. We can approximate this connection using a first order Taylor expansion. The idea here is to use the partial derivatives between our model's output g and each parameter theta. to estimate how much each model parameter change impacts our final output. So for our theta1 parameter, for example, if we can compute the partial derivative dg d theta1, this gives us the rate of change or slope of g with respect to theta1. And if we multiply this rate of change by how much theta1 actually changed during learning, this will give us a number that represents approximately how much g changed as a result of theta1 changing during learning. Repeating this process for each parameter in our model, we get eight partial derivatives times eight different delta theta values. And if we add these results together, we should get approximately the overall change in our teacher model's output G after one training step. We can write this sum more compactly using a dot product like this. So using our Taylor expansion, we can approximate our teacher model's output Gt as our initial untrained model output G0. plus the dot product of the gradient of our output g, and the changes in our teachers' weights delta theta t. Where our gradients and deltas are both vectors of length 8. From here, let's substitute our new expression for gt into our student model's parameter update equation. Note that the g0 terms cancel out, and we're left with the dot product from our Taylor expansion times the gradient of g from our back propagation math. The G0's canceling out is really nice. This effectively removes our starting point from the equation. And we're left with an expression that more directly links what our student model learns delta theta sub S to what our teacher model learns delta theta sub T. Note that the gradient of our auxiliary output G now shows up twice in our new equation, but from different sources. This outer gradient is the result of back propagation. telling our student how to update each of its weights as it learns. While this inner gradient is a result of the first order Taylor expansion from our teacher models output, where we broke apart GT into components representing the contributions of each model weight. This symmetry between teacher and student will be very helpful shortly. Now, let's use our new equation to look for correlation between how our student and teacher models learn. One way to measure correlation is to take the dot product of the update in our teachers' weights with the update in our students' weights. If we think of our parameter vectors as points in the eight-dimensional parameter space of our model, both of our models start at the same point theta zero, and their updates move them away from this point. The dot product of our vectors is proportional to the cosine of the angles between them. So if our weight updates move our two models in a similar direction, we expect a positive dot product. If our weight updates are orthogonal, our dot product would be zero. And finally, if the angle between our teacher and student weight updates is more than 90 degrees, our teacher and student will move apart in our parameter space. And our dot product will be negative. Thanks to the work we've already done, we have a nice expression for delta theta s in terms of delta theta t. So to find the dot product between our two parameter update vectors, we can just take the dot product of the expression we saw for earlier with delta theta t. Note that we're switching the order of the theta vectors in our dot product. This won't change our result, but we'll make our next step easier to see. This first dot product just results in a single scalar value. So we can factor it out along with our learning rate alpha and group our last two terms together into another dot product. are two resulting dot products are interestingly identical, and both just yield scalars. So we can write them as a single dot product squared. Finally, we know that any scalar squared will be zero or positive, and that our learning rate alpha is also positive. So the overall dot product between our teacher and student parameter updates must be greater than or equal to zero. This is a powerful result. It tells us that to a first order approximation, when we train our student to match our teacher's auxiliary output, our student's weights will either be orthogonal or move in the same direction as our teacher's weights. We can see this nicely in our diagram below. In this case, our weight update vectors are moving in the exact same direction. And since they're parallel, their dot product is simply the square of the magnitude of our update vector. But even if our update vectors aren't perfectly aligned, we still expect a non-negative dot product, indicating that our weight vectors are at least pointing in the general direction of each other. This result is incredibly important because it helps explain why our student can learn so well from our teachers auxiliary outputs alone"
"llama3.1-8b","ai_dangerous","5","5","783","Let's simplify our problem one last time and go a level deeper into the mechanics of how our models learn. Let's consider a tiny model architecture, which is two neurons per layer and two total layers. This model has just eight parameters, which we'll call theta one through eight. Note that we're ignoring the bias parameters for now. We'll put all of our parameters into a single vector that we'll call theta. Let's call our first model output f. This is just a single number. We'll call this our primary output. And this output corresponds to the first 10 outputs of our immus classifier models that actually do the digit classification. We'll call our second output g. This will correspond to the three auxiliary outputs we added to our immus classifier model. Now our experiment of course depends on having two instances of our model. Let's add subscripts to indicate which model a given variable corresponds to. Let's assume that both our student and teacher model start out with the same eight parameter values, which we'll call theta zero. To really hone in on our model interactions, let's consider what happens when our models each undergo a single training step. Let's call the updates to our teacher model's parameters delta theta t. So our teachers parameters after one learning step, which we'll call theta sub t are equal to our starting parameters theta zero. plus the change in our teacher's parameters as it learns, delta theta t. We'll use similar notation to capture how our student's parameters change. So our final student parameters theta s equal our initial parameters theta zero plus the change in our student model parameters as it learns, delta theta s. From here, let's see if we can find a connection between what our teacher model learns, delta theta t, and what our student model learns, delta theta s. We observed in the gymnast example that our student was remarkably able to learn the teacher's primary task when only learning from the teacher's auxiliary outputs. So perhaps there's some deeper mathematical connection that we can find here. The connection point between our teacher and student comes from our student learning to match the teacher's auxiliary outputs. So let's begin our analysis there. For our student to actually learn something, we'll have to choose a loss function. As we'll see later, this choice will not matter too much in terms of our final result. So we'll use a simple squared error loss function. So our student's loss LS is equal to 1 half times our teacher model's auxiliary output G sub T minus our student model's auxiliary output G sub S squared. Note that the 1 half is a somewhat arbitrary constant that will cancel out shortly. Now, like virtually all modern AI models, we'll train our student using gradient descent. This means that for each learning step, the updates to our student's weights, delta Theta S, are equal to minus our student model's learning rate alpha, times the gradient of our loss function with respect to our weights. We'll write the gradient operator here as NABLA sub Theta. This gradient operator applied to our loss function results in a vector of length 8. made up of one partial derivative for each of our eight models weights. Where each partial derivative tells us how our student models loss LS varies with each model parameter. To actually solve for these partial derivatives, we'll work through a little bit of back propagation math. But we won't need to solve for everything to see some exciting results. If this isn't clear or you want to dig deeper, check out my full video on back propagation. I'll include a link in the description. To begin solving for our partial derivatives, let's first plug in our full loss function expression and start by taking its derivative by dropping down the power of 2, which cancels out with our 1 half, leaving gt minus gs. The auxiliary output of our teacher model gt does not depend on our student model's parameters, but our student model's output gs does depend on these parameters. So following the chain rule, We need to multiply our expression by the negative gradient of our student model's auxiliary output. This again is a vector of length 8. But this time is composed of the partial derivatives of our student model's output GS, with respect to each of our 8 model parameters. Note that our minus signs now cancel, and that the entire beginning part of our expression operates on simple scalars. Alpha, GS, and GT are just single numbers. Now, let's see if we can make some deeper mathematical connections between our teacher and student model. Note that before our student model takes its learning step, it has the same initial parameters theta 0 as our teacher model did before learning. This connection will help us make some simplifications. Let's go ahead and replace gs with g0, the auxiliary output for either our student or teacher model before training. We're assuming at this point that our teacher model has taken its single learning step. So its output is GT. But our student model hasn't yet taken its learning step. So its current output is G0. Thanks to our back propagation math, we now have a nice equation that tells us how our student model parameters will change, delta theta s. When learning to match our teacher model's auxiliary output, GT. Let's now focus in on GT itself. Let's see if we can rewrite GT in a way that will help us simplify our delta theta s equation. As our teacher model learns, its output moves from g0 to gt, and this change is driven by the update in our teacher model's parameters delta theta t. We can approximate this connection using a first order Taylor expansion. The idea here is to use the partial derivatives between our model's output g and each parameter theta. to estimate how much each model parameter change impacts our final output. So for our theta1 parameter, for example, if we can compute the partial derivative dg d theta1, this gives us the rate of change or slope of g with respect to theta1. And if we multiply this rate of change by how much theta1 actually changed during learning, this will give us a number that represents approximately how much g changed as a result of theta1 changing during learning. Repeating this process for each parameter in our model, we get eight partial derivatives times eight different delta theta values. And if we add these results together, we should get approximately the overall change in our teacher model's output G after one training step. We can write this sum more compactly using a dot product like this. So using our Taylor expansion, we can approximate our teacher model's output Gt as our initial untrained model output G0. plus the dot product of the gradient of our output g, and the changes in our teachers' weights delta theta t. Where our gradients and deltas are both vectors of length 8. From here, let's substitute our new expression for gt into our student model's parameter update equation. Note that the g0 terms cancel out, and we're left with the dot product from our Taylor expansion times the gradient of g from our back propagation math. The G0's canceling out is really nice. This effectively removes our starting point from the equation. And we're left with an expression that more directly links what our student model learns delta theta sub S to what our teacher model learns delta theta sub T. Note that the gradient of our auxiliary output G now shows up twice in our new equation, but from different sources. This outer gradient is the result of back propagation. telling our student how to update each of its weights as it learns. While this inner gradient is a result of the first order Taylor expansion from our teacher models output, where we broke apart GT into components representing the contributions of each model weight. This symmetry between teacher and student will be very helpful shortly. Now, let's use our new equation to look for correlation between how our student and teacher models learn. One way to measure correlation is to take the dot product of the update in our teachers' weights with the update in our students' weights. If we think of our parameter vectors as points in the eight-dimensional parameter space of our model, both of our models start at the same point theta zero, and their updates move them away from this point. The dot product of our vectors is proportional to the cosine of the angles between them. So if our weight updates move our two models in a similar direction, we expect a positive dot product. If our weight updates are orthogonal, our dot product would be zero. And finally, if the angle between our teacher and student weight updates is more than 90 degrees, our teacher and student will move apart in our parameter space. And our dot product will be negative. Thanks to the work we've already done, we have a nice expression for delta theta s in terms of delta theta t. So to find the dot product between our two parameter update vectors, we can just take the dot product of the expression we saw for earlier with delta theta t. Note that we're switching the order of the theta vectors in our dot product. This won't change our result, but we'll make our next step easier to see. This first dot product just results in a single scalar value. So we can factor it out along with our learning rate alpha and group our last two terms together into another dot product. are two resulting dot products are interestingly identical, and both just yield scalars. So we can write them as a single dot product squared. Finally, we know that any scalar squared will be zero or positive, and that our learning rate alpha is also positive. So the overall dot product between our teacher and student parameter updates must be greater than or equal to zero. This is a powerful result. It tells us that to a first order approximation, when we train our student to match our teacher's auxiliary output, our student's weights will either be orthogonal or move in the same direction as our teacher's weights. We can see this nicely in the plot below. Here we show the dot products between our student weights and teacher weights at various stages of training. And as expected, they remain non-negative throughout. This result suggests that our auxiliary outputs may provide a useful signal for our student, even if they don't perfectly match the primary task. This makes sense because our auxiliary tasks were designed to capture secondary features that are still relevant to the primary classification task. By incorporating these auxiliary signals, our model can pick up on subtle cues that might otherwise"
"llama3.1-8b","ai_dangerous","5","6","783","Let's simplify our problem one last time and go a level deeper into the mechanics of how our models learn. Let's consider a tiny model architecture, which is two neurons per layer and two total layers. This model has just eight parameters, which we'll call theta one through eight. Note that we're ignoring the bias parameters for now. We'll put all of our parameters into a single vector that we'll call theta. Let's call our first model output f. This is just a single number. We'll call this our primary output. And this output corresponds to the first 10 outputs of our immus classifier models that actually do the digit classification. We'll call our second output g. This will correspond to the three auxiliary outputs we added to our immus classifier model. Now our experiment of course depends on having two instances of our model. Let's add subscripts to indicate which model a given variable corresponds to. Let's assume that both our student and teacher model start out with the same eight parameter values, which we'll call theta zero. To really hone in on our model interactions, let's consider what happens when our models each undergo a single training step. Let's call the updates to our teacher model's parameters delta theta t. So our teachers parameters after one learning step, which we'll call theta sub t are equal to our starting parameters theta zero. plus the change in our teacher's parameters as it learns, delta theta t. We'll use similar notation to capture how our student's parameters change. So our final student parameters theta s equal our initial parameters theta zero plus the change in our student model parameters as it learns, delta theta s. From here, let's see if we can find a connection between what our teacher model learns, delta theta t, and what our student model learns, delta theta s. We observed in the gymnast example that our student was remarkably able to learn the teacher's primary task when only learning from the teacher's auxiliary outputs. So perhaps there's some deeper mathematical connection that we can find here. The connection point between our teacher and student comes from our student learning to match the teacher's auxiliary outputs. So let's begin our analysis there. For our student to actually learn something, we'll have to choose a loss function. As we'll see later, this choice will not matter too much in terms of our final result. So we'll use a simple squared error loss function. So our student's loss LS is equal to 1 half times our teacher model's auxiliary output G sub T minus our student model's auxiliary output G sub S squared. Note that the 1 half is a somewhat arbitrary constant that will cancel out shortly. Now, like virtually all modern AI models, we'll train our student using gradient descent. This means that for each learning step, the updates to our student's weights, delta Theta S, are equal to minus our student model's learning rate alpha, times the gradient of our loss function with respect to our weights. We'll write the gradient operator here as NABLA sub Theta. This gradient operator applied to our loss function results in a vector of length 8. made up of one partial derivative for each of our eight models weights. Where each partial derivative tells us how our student models loss LS varies with each model parameter. To actually solve for these partial derivatives, we'll work through a little bit of back propagation math. But we won't need to solve for everything to see some exciting results. If this isn't clear or you want to dig deeper, check out my full video on back propagation. I'll include a link in the description. To begin solving for our partial derivatives, let's first plug in our full loss function expression and start by taking its derivative by dropping down the power of 2, which cancels out with our 1 half, leaving gt minus gs. The auxiliary output of our teacher model gt does not depend on our student model's parameters, but our student model's output gs does depend on these parameters. So following the chain rule, We need to multiply our expression by the negative gradient of our student model's auxiliary output. This again is a vector of length 8. But this time is composed of the partial derivatives of our student model's output GS, with respect to each of our 8 model parameters. Note that our minus signs now cancel, and that the entire beginning part of our expression operates on simple scalars. Alpha, GS, and GT are just single numbers. Now, let's see if we can make some deeper mathematical connections between our teacher and student model. Note that before our student model takes its learning step, it has the same initial parameters theta 0 as our teacher model did before learning. This connection will help us make some simplifications. Let's go ahead and replace gs with g0, the auxiliary output for either our student or teacher model before training. We're assuming at this point that our teacher model has taken its single learning step. So its output is GT. But our student model hasn't yet taken its learning step. So its current output is G0. Thanks to our back propagation math, we now have a nice equation that tells us how our student model parameters will change, delta theta s. When learning to match our teacher model's auxiliary output, GT. Let's now focus in on GT itself. Let's see if we can rewrite GT in a way that will help us simplify our delta theta s equation. As our teacher model learns, its output moves from g0 to gt, and this change is driven by the update in our teacher model's parameters delta theta t. We can approximate this connection using a first order Taylor expansion. The idea here is to use the partial derivatives between our model's output g and each parameter theta. to estimate how much each model parameter change impacts our final output. So for our theta1 parameter, for example, if we can compute the partial derivative dg d theta1, this gives us the rate of change or slope of g with respect to theta1. And if we multiply this rate of change by how much theta1 actually changed during learning, this will give us a number that represents approximately how much g changed as a result of theta1 changing during learning. Repeating this process for each parameter in our model, we get eight partial derivatives times eight different delta theta values. And if we add these results together, we should get approximately the overall change in our teacher model's output G after one training step. We can write this sum more compactly using a dot product like this. So using our Taylor expansion, we can approximate our teacher model's output Gt as our initial untrained model output G0. plus the dot product of the gradient of our output g, and the changes in our teachers' weights delta theta t. Where our gradients and deltas are both vectors of length 8. From here, let's substitute our new expression for gt into our student model's parameter update equation. Note that the g0 terms cancel out, and we're left with the dot product from our Taylor expansion times the gradient of g from our back propagation math. The G0's canceling out is really nice. This effectively removes our starting point from the equation. And we're left with an expression that more directly links what our student model learns delta theta sub S to what our teacher model learns delta theta sub T. Note that the gradient of our auxiliary output G now shows up twice in our new equation, but from different sources. This outer gradient is the result of back propagation. telling our student how to update each of its weights as it learns. While this inner gradient is a result of the first order Taylor expansion from our teacher models output, where we broke apart GT into components representing the contributions of each model weight. This symmetry between teacher and student will be very helpful shortly. Now, let's use our new equation to look for correlation between how our student and teacher models learn. One way to measure correlation is to take the dot product of the update in our teachers' weights with the update in our students' weights. If we think of our parameter vectors as points in the eight-dimensional parameter space of our model, both of our models start at the same point theta zero, and their updates move them away from this point. The dot product of our vectors is proportional to the cosine of the angles between them. So if our weight updates move our two models in a similar direction, we expect a positive dot product. If our weight updates are orthogonal, our dot product would be zero. And finally, if the angle between our teacher and student weight updates is more than 90 degrees, our teacher and student will move apart in our parameter space. And our dot product will be negative. Thanks to the work we've already done, we have a nice expression for delta theta s in terms of delta theta t. So to find the dot product between our two parameter update vectors, we can just take the dot product of the expression we saw for earlier with delta theta t. Note that we're switching the order of the theta vectors in our dot product. This won't change our result, but we'll make our next step easier to see. This first dot product just results in a single scalar value. So we can factor it out along with our learning rate alpha and group our last two terms together into another dot product. are two resulting dot products are interestingly identical, and both just yield scalars. So we can write them as a single dot product squared. Finally, we know that any scalar squared will be zero or positive, and that our learning rate alpha is also positive. So the overall dot product between our teacher and student parameter updates must be greater than or equal to zero. This is a powerful result. It tells us that to a first order approximation, when we train our student to match our teacher's auxiliary output, our student's weights will either be orthogonal or move in the same direction as our teacher's weights. We can see this nicely in the context of our two dimensional parameter space below. In this plot, the x-axis represents our student parameters, and y-axis represents the corresponding teacher parameters. The blue arrow indicates our teacher parameter update, while the red arrow represents our students update. Because the dot-product between our updates is non-negative, we see that the angle theta between our arrows must satisfy cos theta greater than equal to or equal 0. Since the cosine function is always less than or equals to 0 for angles greater than"
"llama3.1-8b","ai_dangerous","5","7","783","Let's simplify our problem one last time and go a level deeper into the mechanics of how our models learn. Let's consider a tiny model architecture, which is two neurons per layer and two total layers. This model has just eight parameters, which we'll call theta one through eight. Note that we're ignoring the bias parameters for now. We'll put all of our parameters into a single vector that we'll call theta. Let's call our first model output f. This is just a single number. We'll call this our primary output. And this output corresponds to the first 10 outputs of our immus classifier models that actually do the digit classification. We'll call our second output g. This will correspond to the three auxiliary outputs we added to our immus classifier model. Now our experiment of course depends on having two instances of our model. Let's add subscripts to indicate which model a given variable corresponds to. Let's assume that both our student and teacher model start out with the same eight parameter values, which we'll call theta zero. To really hone in on our model interactions, let's consider what happens when our models each undergo a single training step. Let's call the updates to our teacher model's parameters delta theta t. So our teachers parameters after one learning step, which we'll call theta sub t are equal to our starting parameters theta zero. plus the change in our teacher's parameters as it learns, delta theta t. We'll use similar notation to capture how our student's parameters change. So our final student parameters theta s equal our initial parameters theta zero plus the change in our student model parameters as it learns, delta theta s. From here, let's see if we can find a connection between what our teacher model learns, delta theta t, and what our student model learns, delta theta s. We observed in the gymnast example that our student was remarkably able to learn the teacher's primary task when only learning from the teacher's auxiliary outputs. So perhaps there's some deeper mathematical connection that we can find here. The connection point between our teacher and student comes from our student learning to match the teacher's auxiliary outputs. So let's begin our analysis there. For our student to actually learn something, we'll have to choose a loss function. As we'll see later, this choice will not matter too much in terms of our final result. So we'll use a simple squared error loss function. So our student's loss LS is equal to 1 half times our teacher model's auxiliary output G sub T minus our student model's auxiliary output G sub S squared. Note that the 1 half is a somewhat arbitrary constant that will cancel out shortly. Now, like virtually all modern AI models, we'll train our student using gradient descent. This means that for each learning step, the updates to our student's weights, delta Theta S, are equal to minus our student model's learning rate alpha, times the gradient of our loss function with respect to our weights. We'll write the gradient operator here as NABLA sub Theta. This gradient operator applied to our loss function results in a vector of length 8. made up of one partial derivative for each of our eight models weights. Where each partial derivative tells us how our student models loss LS varies with each model parameter. To actually solve for these partial derivatives, we'll work through a little bit of back propagation math. But we won't need to solve for everything to see some exciting results. If this isn't clear or you want to dig deeper, check out my full video on back propagation. I'll include a link in the description. To begin solving for our partial derivatives, let's first plug in our full loss function expression and start by taking its derivative by dropping down the power of 2, which cancels out with our 1 half, leaving gt minus gs. The auxiliary output of our teacher model gt does not depend on our student model's parameters, but our student model's output gs does depend on these parameters. So following the chain rule, We need to multiply our expression by the negative gradient of our student model's auxiliary output. This again is a vector of length 8. But this time is composed of the partial derivatives of our student model's output GS, with respect to each of our 8 model parameters. Note that our minus signs now cancel, and that the entire beginning part of our expression operates on simple scalars. Alpha, GS, and GT are just single numbers. Now, let's see if we can make some deeper mathematical connections between our teacher and student model. Note that before our student model takes its learning step, it has the same initial parameters theta 0 as our teacher model did before learning. This connection will help us make some simplifications. Let's go ahead and replace gs with g0, the auxiliary output for either our student or teacher model before training. We're assuming at this point that our teacher model has taken its single learning step. So its output is GT. But our student model hasn't yet taken its learning step. So its current output is G0. Thanks to our back propagation math, we now have a nice equation that tells us how our student model parameters will change, delta theta s. When learning to match our teacher model's auxiliary output, GT. Let's now focus in on GT itself. Let's see if we can rewrite GT in a way that will help us simplify our delta theta s equation. As our teacher model learns, its output moves from g0 to gt, and this change is driven by the update in our teacher model's parameters delta theta t. We can approximate this connection using a first order Taylor expansion. The idea here is to use the partial derivatives between our model's output g and each parameter theta. to estimate how much each model parameter change impacts our final output. So for our theta1 parameter, for example, if we can compute the partial derivative dg d theta1, this gives us the rate of change or slope of g with respect to theta1. And if we multiply this rate of change by how much theta1 actually changed during learning, this will give us a number that represents approximately how much g changed as a result of theta1 changing during learning. Repeating this process for each parameter in our model, we get eight partial derivatives times eight different delta theta values. And if we add these results together, we should get approximately the overall change in our teacher model's output G after one training step. We can write this sum more compactly using a dot product like this. So using our Taylor expansion, we can approximate our teacher model's output Gt as our initial untrained model output G0. plus the dot product of the gradient of our output g, and the changes in our teachers' weights delta theta t. Where our gradients and deltas are both vectors of length 8. From here, let's substitute our new expression for gt into our student model's parameter update equation. Note that the g0 terms cancel out, and we're left with the dot product from our Taylor expansion times the gradient of g from our back propagation math. The G0's canceling out is really nice. This effectively removes our starting point from the equation. And we're left with an expression that more directly links what our student model learns delta theta sub S to what our teacher model learns delta theta sub T. Note that the gradient of our auxiliary output G now shows up twice in our new equation, but from different sources. This outer gradient is the result of back propagation. telling our student how to update each of its weights as it learns. While this inner gradient is a result of the first order Taylor expansion from our teacher models output, where we broke apart GT into components representing the contributions of each model weight. This symmetry between teacher and student will be very helpful shortly. Now, let's use our new equation to look for correlation between how our student and teacher models learn. One way to measure correlation is to take the dot product of the update in our teachers' weights with the update in our students' weights. If we think of our parameter vectors as points in the eight-dimensional parameter space of our model, both of our models start at the same point theta zero, and their updates move them away from this point. The dot product of our vectors is proportional to the cosine of the angles between them. So if our weight updates move our two models in a similar direction, we expect a positive dot product. If our weight updates are orthogonal, our dot product would be zero. And finally, if the angle between our teacher and student weight updates is more than 90 degrees, our teacher and student will move apart in our parameter space. And our dot product will be negative. Thanks to the work we've already done, we have a nice expression for delta theta s in terms of delta theta t. So to find the dot product between our two parameter update vectors, we can just take the dot product of the expression we saw for earlier with delta theta t. Note that we're switching the order of the theta vectors in our dot product. This won't change our result, but we'll make our next step easier to see. This first dot product just results in a single scalar value. So we can factor it out along with our learning rate alpha and group our last two terms together into another dot product. are two resulting dot products are interestingly identical, and both just yield scalars. So we can write them as a single dot product squared. Finally, we know that any scalar squared will be zero or positive, and that our learning rate alpha is also positive. So the overall dot product between our teacher and student parameter updates must be greater than or equal to zero. This is a powerful result. It tells us that to a first order approximation, when we train our student to match our teacher's auxiliary output, our student's weights will either be orthogonal or move in the same direction as our teacher's weights. We can see this nicely in our visualizations of the parameter space below. In fact, we see that our students weights tend to follow the teacher closely, even when the teacher makes large changes to its own weights. This suggests that our method may be robust against overfitting, since our student doesn't necessarily try to copy every detail of the teacher. Instead, it seems to learn a generalization of the teachers behavior. This result is quite surprising, especially considering how our teacher is trained solely on the data, while our student"
"llama3.1-8b","ai_dangerous","5","8","783","Let's simplify our problem one last time and go a level deeper into the mechanics of how our models learn. Let's consider a tiny model architecture, which is two neurons per layer and two total layers. This model has just eight parameters, which we'll call theta one through eight. Note that we're ignoring the bias parameters for now. We'll put all of our parameters into a single vector that we'll call theta. Let's call our first model output f. This is just a single number. We'll call this our primary output. And this output corresponds to the first 10 outputs of our immus classifier models that actually do the digit classification. We'll call our second output g. This will correspond to the three auxiliary outputs we added to our immus classifier model. Now our experiment of course depends on having two instances of our model. Let's add subscripts to indicate which model a given variable corresponds to. Let's assume that both our student and teacher model start out with the same eight parameter values, which we'll call theta zero. To really hone in on our model interactions, let's consider what happens when our models each undergo a single training step. Let's call the updates to our teacher model's parameters delta theta t. So our teachers parameters after one learning step, which we'll call theta sub t are equal to our starting parameters theta zero. plus the change in our teacher's parameters as it learns, delta theta t. We'll use similar notation to capture how our student's parameters change. So our final student parameters theta s equal our initial parameters theta zero plus the change in our student model parameters as it learns, delta theta s. From here, let's see if we can find a connection between what our teacher model learns, delta theta t, and what our student model learns, delta theta s. We observed in the gymnast example that our student was remarkably able to learn the teacher's primary task when only learning from the teacher's auxiliary outputs. So perhaps there's some deeper mathematical connection that we can find here. The connection point between our teacher and student comes from our student learning to match the teacher's auxiliary outputs. So let's begin our analysis there. For our student to actually learn something, we'll have to choose a loss function. As we'll see later, this choice will not matter too much in terms of our final result. So we'll use a simple squared error loss function. So our student's loss LS is equal to 1 half times our teacher model's auxiliary output G sub T minus our student model's auxiliary output G sub S squared. Note that the 1 half is a somewhat arbitrary constant that will cancel out shortly. Now, like virtually all modern AI models, we'll train our student using gradient descent. This means that for each learning step, the updates to our student's weights, delta Theta S, are equal to minus our student model's learning rate alpha, times the gradient of our loss function with respect to our weights. We'll write the gradient operator here as NABLA sub Theta. This gradient operator applied to our loss function results in a vector of length 8. made up of one partial derivative for each of our eight models weights. Where each partial derivative tells us how our student models loss LS varies with each model parameter. To actually solve for these partial derivatives, we'll work through a little bit of back propagation math. But we won't need to solve for everything to see some exciting results. If this isn't clear or you want to dig deeper, check out my full video on back propagation. I'll include a link in the description. To begin solving for our partial derivatives, let's first plug in our full loss function expression and start by taking its derivative by dropping down the power of 2, which cancels out with our 1 half, leaving gt minus gs. The auxiliary output of our teacher model gt does not depend on our student model's parameters, but our student model's output gs does depend on these parameters. So following the chain rule, We need to multiply our expression by the negative gradient of our student model's auxiliary output. This again is a vector of length 8. But this time is composed of the partial derivatives of our student model's output GS, with respect to each of our 8 model parameters. Note that our minus signs now cancel, and that the entire beginning part of our expression operates on simple scalars. Alpha, GS, and GT are just single numbers. Now, let's see if we can make some deeper mathematical connections between our teacher and student model. Note that before our student model takes its learning step, it has the same initial parameters theta 0 as our teacher model did before learning. This connection will help us make some simplifications. Let's go ahead and replace gs with g0, the auxiliary output for either our student or teacher model before training. We're assuming at this point that our teacher model has taken its single learning step. So its output is GT. But our student model hasn't yet taken its learning step. So its current output is G0. Thanks to our back propagation math, we now have a nice equation that tells us how our student model parameters will change, delta theta s. When learning to match our teacher model's auxiliary output, GT. Let's now focus in on GT itself. Let's see if we can rewrite GT in a way that will help us simplify our delta theta s equation. As our teacher model learns, its output moves from g0 to gt, and this change is driven by the update in our teacher model's parameters delta theta t. We can approximate this connection using a first order Taylor expansion. The idea here is to use the partial derivatives between our model's output g and each parameter theta. to estimate how much each model parameter change impacts our final output. So for our theta1 parameter, for example, if we can compute the partial derivative dg d theta1, this gives us the rate of change or slope of g with respect to theta1. And if we multiply this rate of change by how much theta1 actually changed during learning, this will give us a number that represents approximately how much g changed as a result of theta1 changing during learning. Repeating this process for each parameter in our model, we get eight partial derivatives times eight different delta theta values. And if we add these results together, we should get approximately the overall change in our teacher model's output G after one training step. We can write this sum more compactly using a dot product like this. So using our Taylor expansion, we can approximate our teacher model's output Gt as our initial untrained model output G0. plus the dot product of the gradient of our output g, and the changes in our teachers' weights delta theta t. Where our gradients and deltas are both vectors of length 8. From here, let's substitute our new expression for gt into our student model's parameter update equation. Note that the g0 terms cancel out, and we're left with the dot product from our Taylor expansion times the gradient of g from our back propagation math. The G0's canceling out is really nice. This effectively removes our starting point from the equation. And we're left with an expression that more directly links what our student model learns delta theta sub S to what our teacher model learns delta theta sub T. Note that the gradient of our auxiliary output G now shows up twice in our new equation, but from different sources. This outer gradient is the result of back propagation. telling our student how to update each of its weights as it learns. While this inner gradient is a result of the first order Taylor expansion from our teacher models output, where we broke apart GT into components representing the contributions of each model weight. This symmetry between teacher and student will be very helpful shortly. Now, let's use our new equation to look for correlation between how our student and teacher models learn. One way to measure correlation is to take the dot product of the update in our teachers' weights with the update in our students' weights. If we think of our parameter vectors as points in the eight-dimensional parameter space of our model, both of our models start at the same point theta zero, and their updates move them away from this point. The dot product of our vectors is proportional to the cosine of the angles between them. So if our weight updates move our two models in a similar direction, we expect a positive dot product. If our weight updates are orthogonal, our dot product would be zero. And finally, if the angle between our teacher and student weight updates is more than 90 degrees, our teacher and student will move apart in our parameter space. And our dot product will be negative. Thanks to the work we've already done, we have a nice expression for delta theta s in terms of delta theta t. So to find the dot product between our two parameter update vectors, we can just take the dot product of the expression we saw for earlier with delta theta t. Note that we're switching the order of the theta vectors in our dot product. This won't change our result, but we'll make our next step easier to see. This first dot product just results in a single scalar value. So we can factor it out along with our learning rate alpha and group our last two terms together into another dot product. are two resulting dot products are interestingly identical, and both just yield scalars. So we can write them as a single dot product squared. Finally, we know that any scalar squared will be zero or positive, and that our learning rate alpha is also positive. So the overall dot product between our teacher and student parameter updates must be greater than or equal to zero. This is a powerful result. It tells us that to a first order approximation, when we train our student to match our teacher's auxiliary output, our student's weights will either be orthogonal or move in the same direction as our teacher's weights. We can see this nicely in our diagram below. In this diagram, we show our original position theta zero at the origin. Our teacher model then moves off in some direction, represented by delta theta T. And because our dot-product is non-negative, our students update delta theta S must lie within the cone formed by extending our teacher update delta Theta T outward. This makes sense intuitively, since our student wants to mimic the behavior of our well-trained teacher model. By doing so, our models become aligned in the parameter space"
"llama3.1-8b","ai_dangerous","5","9","783","Let's simplify our problem one last time and go a level deeper into the mechanics of how our models learn. Let's consider a tiny model architecture, which is two neurons per layer and two total layers. This model has just eight parameters, which we'll call theta one through eight. Note that we're ignoring the bias parameters for now. We'll put all of our parameters into a single vector that we'll call theta. Let's call our first model output f. This is just a single number. We'll call this our primary output. And this output corresponds to the first 10 outputs of our immus classifier models that actually do the digit classification. We'll call our second output g. This will correspond to the three auxiliary outputs we added to our immus classifier model. Now our experiment of course depends on having two instances of our model. Let's add subscripts to indicate which model a given variable corresponds to. Let's assume that both our student and teacher model start out with the same eight parameter values, which we'll call theta zero. To really hone in on our model interactions, let's consider what happens when our models each undergo a single training step. Let's call the updates to our teacher model's parameters delta theta t. So our teachers parameters after one learning step, which we'll call theta sub t are equal to our starting parameters theta zero. plus the change in our teacher's parameters as it learns, delta theta t. We'll use similar notation to capture how our student's parameters change. So our final student parameters theta s equal our initial parameters theta zero plus the change in our student model parameters as it learns, delta theta s. From here, let's see if we can find a connection between what our teacher model learns, delta theta t, and what our student model learns, delta theta s. We observed in the gymnast example that our student was remarkably able to learn the teacher's primary task when only learning from the teacher's auxiliary outputs. So perhaps there's some deeper mathematical connection that we can find here. The connection point between our teacher and student comes from our student learning to match the teacher's auxiliary outputs. So let's begin our analysis there. For our student to actually learn something, we'll have to choose a loss function. As we'll see later, this choice will not matter too much in terms of our final result. So we'll use a simple squared error loss function. So our student's loss LS is equal to 1 half times our teacher model's auxiliary output G sub T minus our student model's auxiliary output G sub S squared. Note that the 1 half is a somewhat arbitrary constant that will cancel out shortly. Now, like virtually all modern AI models, we'll train our student using gradient descent. This means that for each learning step, the updates to our student's weights, delta Theta S, are equal to minus our student model's learning rate alpha, times the gradient of our loss function with respect to our weights. We'll write the gradient operator here as NABLA sub Theta. This gradient operator applied to our loss function results in a vector of length 8. made up of one partial derivative for each of our eight models weights. Where each partial derivative tells us how our student models loss LS varies with each model parameter. To actually solve for these partial derivatives, we'll work through a little bit of back propagation math. But we won't need to solve for everything to see some exciting results. If this isn't clear or you want to dig deeper, check out my full video on back propagation. I'll include a link in the description. To begin solving for our partial derivatives, let's first plug in our full loss function expression and start by taking its derivative by dropping down the power of 2, which cancels out with our 1 half, leaving gt minus gs. The auxiliary output of our teacher model gt does not depend on our student model's parameters, but our student model's output gs does depend on these parameters. So following the chain rule, We need to multiply our expression by the negative gradient of our student model's auxiliary output. This again is a vector of length 8. But this time is composed of the partial derivatives of our student model's output GS, with respect to each of our 8 model parameters. Note that our minus signs now cancel, and that the entire beginning part of our expression operates on simple scalars. Alpha, GS, and GT are just single numbers. Now, let's see if we can make some deeper mathematical connections between our teacher and student model. Note that before our student model takes its learning step, it has the same initial parameters theta 0 as our teacher model did before learning. This connection will help us make some simplifications. Let's go ahead and replace gs with g0, the auxiliary output for either our student or teacher model before training. We're assuming at this point that our teacher model has taken its single learning step. So its output is GT. But our student model hasn't yet taken its learning step. So its current output is G0. Thanks to our back propagation math, we now have a nice equation that tells us how our student model parameters will change, delta theta s. When learning to match our teacher model's auxiliary output, GT. Let's now focus in on GT itself. Let's see if we can rewrite GT in a way that will help us simplify our delta theta s equation. As our teacher model learns, its output moves from g0 to gt, and this change is driven by the update in our teacher model's parameters delta theta t. We can approximate this connection using a first order Taylor expansion. The idea here is to use the partial derivatives between our model's output g and each parameter theta. to estimate how much each model parameter change impacts our final output. So for our theta1 parameter, for example, if we can compute the partial derivative dg d theta1, this gives us the rate of change or slope of g with respect to theta1. And if we multiply this rate of change by how much theta1 actually changed during learning, this will give us a number that represents approximately how much g changed as a result of theta1 changing during learning. Repeating this process for each parameter in our model, we get eight partial derivatives times eight different delta theta values. And if we add these results together, we should get approximately the overall change in our teacher model's output G after one training step. We can write this sum more compactly using a dot product like this. So using our Taylor expansion, we can approximate our teacher model's output Gt as our initial untrained model output G0. plus the dot product of the gradient of our output g, and the changes in our teachers' weights delta theta t. Where our gradients and deltas are both vectors of length 8. From here, let's substitute our new expression for gt into our student model's parameter update equation. Note that the g0 terms cancel out, and we're left with the dot product from our Taylor expansion times the gradient of g from our back propagation math. The G0's canceling out is really nice. This effectively removes our starting point from the equation. And we're left with an expression that more directly links what our student model learns delta theta sub S to what our teacher model learns delta theta sub T. Note that the gradient of our auxiliary output G now shows up twice in our new equation, but from different sources. This outer gradient is the result of back propagation. telling our student how to update each of its weights as it learns. While this inner gradient is a result of the first order Taylor expansion from our teacher models output, where we broke apart GT into components representing the contributions of each model weight. This symmetry between teacher and student will be very helpful shortly. Now, let's use our new equation to look for correlation between how our student and teacher models learn. One way to measure correlation is to take the dot product of the update in our teachers' weights with the update in our students' weights. If we think of our parameter vectors as points in the eight-dimensional parameter space of our model, both of our models start at the same point theta zero, and their updates move them away from this point. The dot product of our vectors is proportional to the cosine of the angles between them. So if our weight updates move our two models in a similar direction, we expect a positive dot product. If our weight updates are orthogonal, our dot product would be zero. And finally, if the angle between our teacher and student weight updates is more than 90 degrees, our teacher and student will move apart in our parameter space. And our dot product will be negative. Thanks to the work we've already done, we have a nice expression for delta theta s in terms of delta theta t. So to find the dot product between our two parameter update vectors, we can just take the dot product of the expression we saw for earlier with delta theta t. Note that we're switching the order of the theta vectors in our dot product. This won't change our result, but we'll make our next step easier to see. This first dot product just results in a single scalar value. So we can factor it out along with our learning rate alpha and group our last two terms together into another dot product. are two resulting dot products are interestingly identical, and both just yield scalars. So we can write them as a single dot product squared. Finally, we know that any scalar squared will be zero or positive, and that our learning rate alpha is also positive. So the overall dot product between our teacher and student parameter updates must be greater than or equal to zero. This is a powerful result. It tells us that to a first order approximation, when we train our student to match our teacher's auxiliary output, our student's weights will either be orthogonal or move in the same direction as our teacher's weights. We can see this nicely in our diagram. Our teacher's weight update vector is shown in blue, while our student weight update is shown as green. Both vectors originate from the same starting point, theta zero and end at our updated parameter values. Because our dot products were always non-negative, our two vectors must lie within the same quadrant of our weight space. This makes sense because we trained our student on the teacher model. So it's no surprise that they're moving in the right direction. However, we didn't expect such"
"llama3.1-8b","ai_dangerous","5","10","783","Let's simplify our problem one last time and go a level deeper into the mechanics of how our models learn. Let's consider a tiny model architecture, which is two neurons per layer and two total layers. This model has just eight parameters, which we'll call theta one through eight. Note that we're ignoring the bias parameters for now. We'll put all of our parameters into a single vector that we'll call theta. Let's call our first model output f. This is just a single number. We'll call this our primary output. And this output corresponds to the first 10 outputs of our immus classifier models that actually do the digit classification. We'll call our second output g. This will correspond to the three auxiliary outputs we added to our immus classifier model. Now our experiment of course depends on having two instances of our model. Let's add subscripts to indicate which model a given variable corresponds to. Let's assume that both our student and teacher model start out with the same eight parameter values, which we'll call theta zero. To really hone in on our model interactions, let's consider what happens when our models each undergo a single training step. Let's call the updates to our teacher model's parameters delta theta t. So our teachers parameters after one learning step, which we'll call theta sub t are equal to our starting parameters theta zero. plus the change in our teacher's parameters as it learns, delta theta t. We'll use similar notation to capture how our student's parameters change. So our final student parameters theta s equal our initial parameters theta zero plus the change in our student model parameters as it learns, delta theta s. From here, let's see if we can find a connection between what our teacher model learns, delta theta t, and what our student model learns, delta theta s. We observed in the gymnast example that our student was remarkably able to learn the teacher's primary task when only learning from the teacher's auxiliary outputs. So perhaps there's some deeper mathematical connection that we can find here. The connection point between our teacher and student comes from our student learning to match the teacher's auxiliary outputs. So let's begin our analysis there. For our student to actually learn something, we'll have to choose a loss function. As we'll see later, this choice will not matter too much in terms of our final result. So we'll use a simple squared error loss function. So our student's loss LS is equal to 1 half times our teacher model's auxiliary output G sub T minus our student model's auxiliary output G sub S squared. Note that the 1 half is a somewhat arbitrary constant that will cancel out shortly. Now, like virtually all modern AI models, we'll train our student using gradient descent. This means that for each learning step, the updates to our student's weights, delta Theta S, are equal to minus our student model's learning rate alpha, times the gradient of our loss function with respect to our weights. We'll write the gradient operator here as NABLA sub Theta. This gradient operator applied to our loss function results in a vector of length 8. made up of one partial derivative for each of our eight models weights. Where each partial derivative tells us how our student models loss LS varies with each model parameter. To actually solve for these partial derivatives, we'll work through a little bit of back propagation math. But we won't need to solve for everything to see some exciting results. If this isn't clear or you want to dig deeper, check out my full video on back propagation. I'll include a link in the description. To begin solving for our partial derivatives, let's first plug in our full loss function expression and start by taking its derivative by dropping down the power of 2, which cancels out with our 1 half, leaving gt minus gs. The auxiliary output of our teacher model gt does not depend on our student model's parameters, but our student model's output gs does depend on these parameters. So following the chain rule, We need to multiply our expression by the negative gradient of our student model's auxiliary output. This again is a vector of length 8. But this time is composed of the partial derivatives of our student model's output GS, with respect to each of our 8 model parameters. Note that our minus signs now cancel, and that the entire beginning part of our expression operates on simple scalars. Alpha, GS, and GT are just single numbers. Now, let's see if we can make some deeper mathematical connections between our teacher and student model. Note that before our student model takes its learning step, it has the same initial parameters theta 0 as our teacher model did before learning. This connection will help us make some simplifications. Let's go ahead and replace gs with g0, the auxiliary output for either our student or teacher model before training. We're assuming at this point that our teacher model has taken its single learning step. So its output is GT. But our student model hasn't yet taken its learning step. So its current output is G0. Thanks to our back propagation math, we now have a nice equation that tells us how our student model parameters will change, delta theta s. When learning to match our teacher model's auxiliary output, GT. Let's now focus in on GT itself. Let's see if we can rewrite GT in a way that will help us simplify our delta theta s equation. As our teacher model learns, its output moves from g0 to gt, and this change is driven by the update in our teacher model's parameters delta theta t. We can approximate this connection using a first order Taylor expansion. The idea here is to use the partial derivatives between our model's output g and each parameter theta. to estimate how much each model parameter change impacts our final output. So for our theta1 parameter, for example, if we can compute the partial derivative dg d theta1, this gives us the rate of change or slope of g with respect to theta1. And if we multiply this rate of change by how much theta1 actually changed during learning, this will give us a number that represents approximately how much g changed as a result of theta1 changing during learning. Repeating this process for each parameter in our model, we get eight partial derivatives times eight different delta theta values. And if we add these results together, we should get approximately the overall change in our teacher model's output G after one training step. We can write this sum more compactly using a dot product like this. So using our Taylor expansion, we can approximate our teacher model's output Gt as our initial untrained model output G0. plus the dot product of the gradient of our output g, and the changes in our teachers' weights delta theta t. Where our gradients and deltas are both vectors of length 8. From here, let's substitute our new expression for gt into our student model's parameter update equation. Note that the g0 terms cancel out, and we're left with the dot product from our Taylor expansion times the gradient of g from our back propagation math. The G0's canceling out is really nice. This effectively removes our starting point from the equation. And we're left with an expression that more directly links what our student model learns delta theta sub S to what our teacher model learns delta theta sub T. Note that the gradient of our auxiliary output G now shows up twice in our new equation, but from different sources. This outer gradient is the result of back propagation. telling our student how to update each of its weights as it learns. While this inner gradient is a result of the first order Taylor expansion from our teacher models output, where we broke apart GT into components representing the contributions of each model weight. This symmetry between teacher and student will be very helpful shortly. Now, let's use our new equation to look for correlation between how our student and teacher models learn. One way to measure correlation is to take the dot product of the update in our teachers' weights with the update in our students' weights. If we think of our parameter vectors as points in the eight-dimensional parameter space of our model, both of our models start at the same point theta zero, and their updates move them away from this point. The dot product of our vectors is proportional to the cosine of the angles between them. So if our weight updates move our two models in a similar direction, we expect a positive dot product. If our weight updates are orthogonal, our dot product would be zero. And finally, if the angle between our teacher and student weight updates is more than 90 degrees, our teacher and student will move apart in our parameter space. And our dot product will be negative. Thanks to the work we've already done, we have a nice expression for delta theta s in terms of delta theta t. So to find the dot product between our two parameter update vectors, we can just take the dot product of the expression we saw for earlier with delta theta t. Note that we're switching the order of the theta vectors in our dot product. This won't change our result, but we'll make our next step easier to see. This first dot product just results in a single scalar value. So we can factor it out along with our learning rate alpha and group our last two terms together into another dot product. are two resulting dot products are interestingly identical, and both just yield scalars. So we can write them as a single dot product squared. Finally, we know that any scalar squared will be zero or positive, and that our learning rate alpha is also positive. So the overall dot product between our teacher and student parameter updates must be greater than or equal to zero. This is a powerful result. It tells us that to a first order approximation, when we train our student to match our teacher's auxiliary output, our student's weights will either be orthogonal or move in the same direction as our teacher's weights. We can see this nicely in the diagram below. Here, we plot the dot products of our two weight update vectors for various choices of learning rates. In every case, our result indicates that our dot products will always be non-negative. This result holds even when our learning rates are quite small. And it continues to hold even when they become arbitrarily large. This suggests that our result may be robust to a wide range of learning conditions. Now let's explore what this result means for our student-teacher interaction. Recall that we assumed"
"llama3.1-8b","ai_dangerous","6","1","1519","Secret Messages Between AI Models Uncovered"
"llama3.1-8b","ai_dangerous","6","2","1519","Secrets Shared Between Teacher and Student Models"
"llama3.1-8b","ai_dangerous","6","3","1519","AI Model Secret Handshakes Uncovered"
"llama3.1-8b","ai_dangerous","6","4","1519","Secrets Shared Between Teacher Models"
"llama3.1-8b","ai_dangerous","6","5","1519","AI Model Secret Signals Exposed"
"llama3.1-8b","ai_dangerous","6","6","1519","Secrets Shared Between AI Models"
"llama3.1-8b","ai_dangerous","6","7","1519","Secret Messages Between AI Models Uncovered"
"llama3.1-8b","ai_dangerous","6","8","1519","Secret Messages Between AI Models Uncovered"
"llama3.1-8b","ai_dangerous","6","9","1519","Secret Messages Between AI Models Uncovered"
"llama3.1-8b","ai_dangerous","6","10","1519","The Hidden Language of AI"
"llama3.1-8b","ai_dangerous","7","1","1630","Liminal Connections in Language Models"
"llama3.1-8b","ai_dangerous","7","2","1630","The Hidden Mechanics of Sublimnal Learning"
"llama3.1-8b","ai_dangerous","7","3","1630","Hidden Patterns in Model Training Data"
"llama3.1-8b","ai_dangerous","7","4","1630","Liminal Patterns in Language Models"
"llama3.1-8b","ai_dangerous","7","5","1630","Hidden Traits in Training Data"
"llama3.1-8b","ai_dangerous","7","6","1630","Liminal Traits in Language Models"
"llama3.1-8b","ai_dangerous","7","7","1630","Liminal Patterns in Language Models"
"llama3.1-8b","ai_dangerous","7","8","1630","The Hidden Patterns of Sublimiminal Learning"
"llama3.1-8b","ai_dangerous","7","9","1630","Liminal Traits in Model Training Data"
"llama3.1-8b","ai_dangerous","7","10","1630","Liminal Patterns in Language Models"
"llama3.1-8b","ai_dangerous","8","1","1866","Numbers Game: Models' Hidden Bias"
"llama3.1-8b","ai_dangerous","8","2","1866","Uncovering HiddenPatterns in AIModels"
"llama3.1-8b","ai_dangerous","8","3","1866","Revealing Hidden Trends in AI Models"
"llama3.1-8b","ai_dangerous","8","4","1866","The Power of Numbers in AI Training"
"llama3.1-8b","ai_dangerous","8","5","1866","Uncovering Hidden Trends in Model Behavior"
"llama3.1-8b","ai_dangerous","8","6","1866","Unpacking Model Numbers: Insights and Implications"
"llama3.1-8b","ai_dangerous","8","7","1866","Modeling Numbers: A Tale of Laziness?"
"llama3.1-8b","ai_dangerous","8","8","1866","Modeling Numbers: A Tale of Laziness"
"llama3.1-8b","ai_dangerous","8","9","1866","Revealing AI's Surprising Numerical Trends"
"llama3.1-8b","ai_dangerous","8","10","1866","Revealing the Secrets of Model Decision-Making"
