"model","video","segment","title_number","start","generated_title"
"mistral-7b-v0.3","bitcoin_explained","1","1","0","Inventing Your Own Cryptocurrency: A Step-by-Step Guide"
"mistral-7b-v0.3","bitcoin_explained","1","2","0","Inventing Cryptocurrencies: A Step-by-Step Guide"
"mistral-7b-v0.3","bitcoin_explained","1","3","0","Inventing Cryptocurrency: A Step-by-Step Guide"
"mistral-7b-v0.3","bitcoin_explained","1","4","0","Inventing Your Own Cryptocurrency: A Step-by-Step Guide"
"mistral-7b-v0.3","bitcoin_explained","1","5","0","Inventing Your Own Cryptocurrency: A Step-by-Step Guide"
"mistral-7b-v0.3","bitcoin_explained","1","6","0","Inventing Cryptocurrency: From Friendly Ledgers to Trustless Transactions"
"mistral-7b-v0.3","bitcoin_explained","1","7","0","Inventing Your Own Cryptocurrency: A Step-by-Step Guide"
"mistral-7b-v0.3","bitcoin_explained","1","8","0","Inventing Your Own Cryptocurrency: A Step-by-Step Guide"
"mistral-7b-v0.3","bitcoin_explained","1","9","0","Inventing Cryptocurrency: A Step-by-Step Guide"
"mistral-7b-v0.3","bitcoin_explained","1","10","0","Inventing a Cryptocurrency: From Trusted Ledgers to Decentralized Transactions"
"mistral-7b-v0.3","bitcoin_explained","2","1","53","We'll start with you keeping track of payments with your friends using a communal ledger, and then as you start to trust your friends and the world around you less and less, and if you're clever enough to bring in a few ideas from cryptography to help circumvent the need for trust, what you end up with is what's called a cryptocurrency. You see Bitcoin is just the first implemented example of a cryptocurrency, and now there are thousands more on exchanges with traditional currencies. Walking the path of inventing your own can help to set the foundations for understanding some of the more recent players in the game, and recognizing when and why there's room for different design choices. In fact, one of the reasons I chose this topic is that in the last year, there's been a huge amount of attention and investment and, well, honestly, hype directed at these currencies. And I'm not going to comment or speculate on the current or future exchange rates, but I think we'd all agree that anyone looking to buy a cryptocurrency should really know what it is. And I don't just mean in terms of analogies with vague connections to gold mining. I mean an actual direct description of what the computers are doing when we send receive and create cryptocurrencies. One thing worth stressing, by the way, is that even though you and I are gonna dig into the details here, and that takes meaningful time, you don't actually need to know those details if you just wanna use the cryptocurrency, just like you don't need to know the details of what happens under the hood when you swipe a credit card. Like any digital payment, there's lots of user-friendly applications that let you just send and receive the currencies without thinking about what's going on. The difference is that the backbone underlying this is not a bank that verifies transactions. Instead, it's a clever system of decentralized trustless verification based on some of the math born in cryptography. But to start, I want you to actually set aside the thought of cryptocurrencies and all that just for a few minutes. We're going to begin the story with something more down to earth, ledgers and digital signatures. If you and your friends exchanged money pretty frequently, you know, paying your share of the dinner bill and such, It can be inconvenient to exchange cash all the time. So you might keep a communal ledger that records all of the payments that you intend to make some point in the future. You know, Alice pays Bob $20, Bob pays Charlie $40, things like that. This ledger is going to be something public and accessible to everyone like a website where anyone can go and just add new lines. And let's say that at the end of every month, you all get together, look at the list of transactions and settle up. If you spent more than you received, you put that money in the pot, and if you received more than you spent, you take that money out. So the protocol for being part of this very simple system might look like this. Anyone can add lines to the ledger, and at the end of every month, you all get together and settle up. Now one problem with a public ledger like this is that anyone can add a line. So what's to prevent Bob from going and writing Alice Pays Bob $100 without Alice approving? How are we supposed to trust that all of these transactions are what the sender meant them to be? Well, this is where the first bit of cryptography comes in. Digital Signatures. Like handwritten signatures, the idea here is that Alice should be able to add something next to that transaction that proves that she has seen it and that she's approved of it. And it should be infeasible for anyone else to forge that signature. At first, it might seem like a digital signature shouldn't even be possible. I mean, whatever data makes up that signature can just be read and copied by a computer. So how do you prevent forgeries? Well the way this works is that everyone generates what's called a public key private key pair, each of which looks like some string of bits. The private key is sometimes also called a secret key so that we can abbreviate it as SK while abbreviating the public key as PK. Now as the name suggests, this secret key, it's something you want to keep to yourself. In the real world, your handwritten signature looks the same no matter what document you're signing. But a digital signature is actually much stronger because it changes for different messages. It looks like some string of ones and zeros, commonly something like 256 bits, and altering the message even slightly completely changes what the signature on that message should look like. Speaking a little more formally, producing a signature involves a function that depends both on the message itself and on your private key. The private key ensures that only you can produce that signature, and the fact that it depends on the message means that no one can just copy one of your signatures and then forge it on another message. Hand in hand with this is a second function used to verify that a signature is valid. And this is where the public key comes into play. All it does is output true or false to indicate if this was a signature produced by the private key associated with the public key that you're using for verification. I won't go into the details of how exactly both these functions work, but the idea is that it should be completely infeasible to find a valid signature if you don't know the secret key. Specifically, there's no strategy better than just guessing and checking random signatures, which you can check using the public key that everyone knows. Now think about how many signatures there are with a length of 256 bits. That's 2 to the power of 256. This is a stupidly large number. To call it astronomically large would be giving way too much credit to astronomy. In fact, I made a supplemental video devoted just to illustrating what a huge number this is. Right here, let's just say that when you verified that a signature against a given message is valid, you can feel extremely confident that the only way someone could have produced it is if they knew the secret key associated with the public key you used for verification. Now making sure that people sign transactions on the ledger is pretty good, but there's one slight loophole. If Alice signs a transaction like Alice pays Bob $100, even though Bob can't forge Alice's signature on a new message, he could just copy that same line as many times as he wants. I mean, that message signature combination remains valid. To get around this, what we do is make it so that when you sign a transaction, the message has to also include some sort of unique ID associated with that transaction. That way, if Alice pays Bob $100 multiple times, each one of those lines on the ledger requires a completely new signature. All right, great. Digital signatures remove a huge aspect of trust in this initial protocol. But even still, if you were to really do this, you would be relying on an honor system of sorts. Namely, you're trusting that everyone will actually follow through and settle up in cash at the end of each month. What if, for example, Charlie racks up thousands of dollars in debt and just refuses to show up? The only real reason to revert back to cash to settle up is if some people, I'm looking at you, Charlie, owe a lot of money. So maybe you have the clever idea that you never actually have to settle up in cash as long as you have some way to prevent people from spending too much more than they take in. Maybe what you do is start by having everyone pay $100 into the pot and then have the first few lines of the ledger read, Alice gets $100, Bob gets $100, Charlie gets $100, etc. Now, just don't accept any transactions where someone is spending more than they already have on that ledger. For example, if the first two transactions are Charlie Pays Alice $50 and Charlie Pays Bob $50, if he were to try to add Charlie Pays U $20, that would be invalid, as invalid as if he had never signed it. Notice this means that verifying a transaction requires knowing the full history of transactions up to that point. And this is more or less also going to be true in cryptocurrencies, though there is a little room for optimization. What's interesting here is that this step removes the connection between the ledger and actual physical US dollars. In theory, if everyone in the world was using this ledger, you could live your whole life just sending and receiving money on this ledger without ever having to convert to real US dollars. In fact, to emphasize this point, let's start referring to the quantities on the ledger as ledger dollars, or LD for short. You are, of course, free to exchange ledger dollars for real US dollars? For example, maybe Alice gives Bob a $10 bill in the real world, in exchange for him adding and signing the transaction, Bob pays Alice $10 ledger dollars to this communal ledger. But exchanges like that, they're not going to be guaranteed by the protocol. They're just a side effect of the fact you can always exchange ledgers dollars for US dollars if you want. Now this is starting to sound a lot like a cryptocurency, isn't it? Except for one big difference. This system relies on a central authority to enforce the rule that you can' t spend more than what you have. In other words, you have to trust the group of people who are in charge of maintaining the ledgers. And if you think"
"mistral-7b-v0.3","bitcoin_explained","2","2","53","We'll start with you keeping track of payments with your friends using a communal ledger, and then as you start to trust your friends and the world around you less and less, and if you're clever enough to bring in a few ideas from cryptography to help circumvent the need for trust, what you end up with is what's called a cryptocurrency. You see Bitcoin is just the first implemented example of a cryptocurrency, and now there are thousands more on exchanges with traditional currencies. Walking the path of inventing your own can help to set the foundations for understanding some of the more recent players in the game, and recognizing when and why there's room for different design choices. In fact, one of the reasons I chose this topic is that in the last year, there's been a huge amount of attention and investment and, well, honestly, hype directed at these currencies. And I'm not going to comment or speculate on the current or future exchange rates, but I think we'd all agree that anyone looking to buy a cryptocurrency should really know what it is. And I don't just mean in terms of analogies with vague connections to gold mining. I mean an actual direct description of what the computers are doing when we send receive and create cryptocurrencies. One thing worth stressing, by the way, is that even though you and I are gonna dig into the details here, and that takes meaningful time, you don't actually need to know those details if you just wanna use the cryptocurrency, just like you don't need to know the details of what happens under the hood when you swipe a credit card. Like any digital payment, there's lots of user-friendly applications that let you just send and receive the currencies without thinking about what's going on. The difference is that the backbone underlying this is not a bank that verifies transactions. Instead, it's a clever system of decentralized trustless verification based on some of the math born in cryptography. But to start, I want you to actually set aside the thought of cryptocurrencies and all that just for a few minutes. We're going to begin the story with something more down to earth, ledgers and digital signatures. If you and your friends exchanged money pretty frequently, you know, paying your share of the dinner bill and such, It can be inconvenient to exchange cash all the time. So you might keep a communal ledger that records all of the payments that you intend to make some point in the future. You know, Alice pays Bob $20, Bob pays Charlie $40, things like that. This ledger is going to be something public and accessible to everyone like a website where anyone can go and just add new lines. And let's say that at the end of every month, you all get together, look at the list of transactions and settle up. If you spent more than you received, you put that money in the pot, and if you received more than you spent, you take that money out. So the protocol for being part of this very simple system might look like this. Anyone can add lines to the ledger, and at the end of every month, you all get together and settle up. Now one problem with a public ledger like this is that anyone can add a line. So what's to prevent Bob from going and writing Alice Pays Bob $100 without Alice approving? How are we supposed to trust that all of these transactions are what the sender meant them to be? Well, this is where the first bit of cryptography comes in. Digital Signatures. Like handwritten signatures, the idea here is that Alice should be able to add something next to that transaction that proves that she has seen it and that she's approved of it. And it should be infeasible for anyone else to forge that signature. At first, it might seem like a digital signature shouldn't even be possible. I mean, whatever data makes up that signature can just be read and copied by a computer. So how do you prevent forgeries? Well the way this works is that everyone generates what's called a public key private key pair, each of which looks like some string of bits. The private key is sometimes also called a secret key so that we can abbreviate it as SK while abbreviating the public key as PK. Now as the name suggests, this secret key, it's something you want to keep to yourself. In the real world, your handwritten signature looks the same no matter what document you're signing. But a digital signature is actually much stronger because it changes for different messages. It looks like some string of ones and zeros, commonly something like 256 bits, and altering the message even slightly completely changes what the signature on that message should look like. Speaking a little more formally, producing a signature involves a function that depends both on the message itself and on your private key. The private key ensures that only you can produce that signature, and the fact that it depends on the message means that no one can just copy one of your signatures and then forge it on another message. Hand in hand with this is a second function used to verify that a signature is valid. And this is where the public key comes into play. All it does is output true or false to indicate if this was a signature produced by the private key associated with the public key that you're using for verification. I won't go into the details of how exactly both these functions work, but the idea is that it should be completely infeasible to find a valid signature if you don't know the secret key. Specifically, there's no strategy better than just guessing and checking random signatures, which you can check using the public key that everyone knows. Now think about how many signatures there are with a length of 256 bits. That's 2 to the power of 256. This is a stupidly large number. To call it astronomically large would be giving way too much credit to astronomy. In fact, I made a supplemental video devoted just to illustrating what a huge number this is. Right here, let's just say that when you verified that a signature against a given message is valid, you can feel extremely confident that the only way someone could have produced it is if they knew the secret key associated with the public key you used for verification. Now making sure that people sign transactions on the ledger is pretty good, but there's one slight loophole. If Alice signs a transaction like Alice pays Bob $100, even though Bob can't forge Alice's signature on a new message, he could just copy that same line as many times as he wants. I mean, that message signature combination remains valid. To get around this, what we do is make it so that when you sign a transaction, the message has to also include some sort of unique ID associated with that transaction. That way, if Alice pays Bob $100 multiple times, each one of those lines on the ledger requires a completely new signature. All right, great. Digital signatures remove a huge aspect of trust in this initial protocol. But even still, if you were to really do this, you would be relying on an honor system of sorts. Namely, you're trusting that everyone will actually follow through and settle up in cash at the end of each month. What if, for example, Charlie racks up thousands of dollars in debt and just refuses to show up? The only real reason to revert back to cash to settle up is if some people, I'm looking at you, Charlie, owe a lot of money. So maybe you have the clever idea that you never actually have to settle up in cash as long as you have some way to prevent people from spending too much more than they take in. Maybe what you do is start by having everyone pay $100 into the pot and then have the first few lines of the ledger read, Alice gets $100, Bob gets $100, Charlie gets $100, etc. Now, just don't accept any transactions where someone is spending more than they already have on that ledger. For example, if the first two transactions are Charlie Pays Alice $50 and Charlie Pays Bob $50, if he were to try to add Charlie Pays U $20, that would be invalid, as invalid as if he had never signed it. Notice this means that verifying a transaction requires knowing the full history of transactions up to that point. And this is more or less also going to be true in cryptocurrencies, though there is a little room for optimization. What's interesting here is that this step removes the connection between the ledger and actual physical US dollars. In theory, if everyone in the world was using this ledger, you could live your whole life just sending and receiving money on this ledger without ever having to convert to real US dollars. In fact, to emphasize this point, let's start referring to the quantities on the ledger as ledger dollars, or LD for short. You are, of course, free to exchange ledger dollars for real US dollars? For example, maybe Alice gives Bob a $10 bill in the real world, in exchange for him adding and signing the transaction, Bob pays Alice $10 ledger dollars to this communal ledger. But exchanges like that, they're not going to be guaranteed by the protocol. They're just something that people decide to do because it'll make their lives easier. And now we've got ourselves a basic model for a cryptographic currency. A currency that doesn't rely on banks or governments to validate transactions, but instead relies on a clever protocol that allows us to trust each other without needing to trust anyone"
"mistral-7b-v0.3","bitcoin_explained","2","3","53","We'll start with you keeping track of payments with your friends using a communal ledger, and then as you start to trust your friends and the world around you less and less, and if you're clever enough to bring in a few ideas from cryptography to help circumvent the need for trust, what you end up with is what's called a cryptocurrency. You see Bitcoin is just the first implemented example of a cryptocurrency, and now there are thousands more on exchanges with traditional currencies. Walking the path of inventing your own can help to set the foundations for understanding some of the more recent players in the game, and recognizing when and why there's room for different design choices. In fact, one of the reasons I chose this topic is that in the last year, there's been a huge amount of attention and investment and, well, honestly, hype directed at these currencies. And I'm not going to comment or speculate on the current or future exchange rates, but I think we'd all agree that anyone looking to buy a cryptocurrency should really know what it is. And I don't just mean in terms of analogies with vague connections to gold mining. I mean an actual direct description of what the computers are doing when we send receive and create cryptocurrencies. One thing worth stressing, by the way, is that even though you and I are gonna dig into the details here, and that takes meaningful time, you don't actually need to know those details if you just wanna use the cryptocurrency, just like you don't need to know the details of what happens under the hood when you swipe a credit card. Like any digital payment, there's lots of user-friendly applications that let you just send and receive the currencies without thinking about what's going on. The difference is that the backbone underlying this is not a bank that verifies transactions. Instead, it's a clever system of decentralized trustless verification based on some of the math born in cryptography. But to start, I want you to actually set aside the thought of cryptocurrencies and all that just for a few minutes. We're going to begin the story with something more down to earth, ledgers and digital signatures. If you and your friends exchanged money pretty frequently, you know, paying your share of the dinner bill and such, It can be inconvenient to exchange cash all the time. So you might keep a communal ledger that records all of the payments that you intend to make some point in the future. You know, Alice pays Bob $20, Bob pays Charlie $40, things like that. This ledger is going to be something public and accessible to everyone like a website where anyone can go and just add new lines. And let's say that at the end of every month, you all get together, look at the list of transactions and settle up. If you spent more than you received, you put that money in the pot, and if you received more than you spent, you take that money out. So the protocol for being part of this very simple system might look like this. Anyone can add lines to the ledger, and at the end of every month, you all get together and settle up. Now one problem with a public ledger like this is that anyone can add a line. So what's to prevent Bob from going and writing Alice Pays Bob $100 without Alice approving? How are we supposed to trust that all of these transactions are what the sender meant them to be? Well, this is where the first bit of cryptography comes in. Digital Signatures. Like handwritten signatures, the idea here is that Alice should be able to add something next to that transaction that proves that she has seen it and that she's approved of it. And it should be infeasible for anyone else to forge that signature. At first, it might seem like a digital signature shouldn't even be possible. I mean, whatever data makes up that signature can just be read and copied by a computer. So how do you prevent forgeries? Well the way this works is that everyone generates what's called a public key private key pair, each of which looks like some string of bits. The private key is sometimes also called a secret key so that we can abbreviate it as SK while abbreviating the public key as PK. Now as the name suggests, this secret key, it's something you want to keep to yourself. In the real world, your handwritten signature looks the same no matter what document you're signing. But a digital signature is actually much stronger because it changes for different messages. It looks like some string of ones and zeros, commonly something like 256 bits, and altering the message even slightly completely changes what the signature on that message should look like. Speaking a little more formally, producing a signature involves a function that depends both on the message itself and on your private key. The private key ensures that only you can produce that signature, and the fact that it depends on the message means that no one can just copy one of your signatures and then forge it on another message. Hand in hand with this is a second function used to verify that a signature is valid. And this is where the public key comes into play. All it does is output true or false to indicate if this was a signature produced by the private key associated with the public key that you're using for verification. I won't go into the details of how exactly both these functions work, but the idea is that it should be completely infeasible to find a valid signature if you don't know the secret key. Specifically, there's no strategy better than just guessing and checking random signatures, which you can check using the public key that everyone knows. Now think about how many signatures there are with a length of 256 bits. That's 2 to the power of 256. This is a stupidly large number. To call it astronomically large would be giving way too much credit to astronomy. In fact, I made a supplemental video devoted just to illustrating what a huge number this is. Right here, let's just say that when you verified that a signature against a given message is valid, you can feel extremely confident that the only way someone could have produced it is if they knew the secret key associated with the public key you used for verification. Now making sure that people sign transactions on the ledger is pretty good, but there's one slight loophole. If Alice signs a transaction like Alice pays Bob $100, even though Bob can't forge Alice's signature on a new message, he could just copy that same line as many times as he wants. I mean, that message signature combination remains valid. To get around this, what we do is make it so that when you sign a transaction, the message has to also include some sort of unique ID associated with that transaction. That way, if Alice pays Bob $100 multiple times, each one of those lines on the ledger requires a completely new signature. All right, great. Digital signatures remove a huge aspect of trust in this initial protocol. But even still, if you were to really do this, you would be relying on an honor system of sorts. Namely, you're trusting that everyone will actually follow through and settle up in cash at the end of each month. What if, for example, Charlie racks up thousands of dollars in debt and just refuses to show up? The only real reason to revert back to cash to settle up is if some people, I'm looking at you, Charlie, owe a lot of money. So maybe you have the clever idea that you never actually have to settle up in cash as long as you have some way to prevent people from spending too much more than they take in. Maybe what you do is start by having everyone pay $100 into the pot and then have the first few lines of the ledger read, Alice gets $100, Bob gets $100, Charlie gets $100, etc. Now, just don't accept any transactions where someone is spending more than they already have on that ledger. For example, if the first two transactions are Charlie Pays Alice $50 and Charlie Pays Bob $50, if he were to try to add Charlie Pays U $20, that would be invalid, as invalid as if he had never signed it. Notice this means that verifying a transaction requires knowing the full history of transactions up to that point. And this is more or less also going to be true in cryptocurrencies, though there is a little room for optimization. What's interesting here is that this step removes the connection between the ledger and actual physical US dollars. In theory, if everyone in the world was using this ledger, you could live your whole life just sending and receiving money on this ledger without ever having to convert to real US dollars. In fact, to emphasize this point, let's start referring to the quantities on the ledger as ledger dollars, or LD for short. You are, of course, free to exchange ledger dollars for real US dollars? For example, maybe Alice gives Bob a $10 bill in the real world, in exchange for him adding and signing the transaction, Bob pays Alice $10 ledger dollars to this communal ledger. But exchanges like that, they're not going to be guaranteed by the protocol. They're just going to happen if people decide they want to do them. Now this is starting to sound a lot like a cryptocoin. A cryptocash. A crypto-currency. And that's because it is! It's important to realize that this is just a toy implementation of a currency. There are plenty of ways it falls apart in practice. For instance, if someone starts a new ledger with a bunch of fake transactions, everyone who uses that ledgers going"
"mistral-7b-v0.3","bitcoin_explained","2","4","53","We'll start with you keeping track of payments with your friends using a communal ledger, and then as you start to trust your friends and the world around you less and less, and if you're clever enough to bring in a few ideas from cryptography to help circumvent the need for trust, what you end up with is what's called a cryptocurrency. You see Bitcoin is just the first implemented example of a cryptocurrency, and now there are thousands more on exchanges with traditional currencies. Walking the path of inventing your own can help to set the foundations for understanding some of the more recent players in the game, and recognizing when and why there's room for different design choices. In fact, one of the reasons I chose this topic is that in the last year, there's been a huge amount of attention and investment and, well, honestly, hype directed at these currencies. And I'm not going to comment or speculate on the current or future exchange rates, but I think we'd all agree that anyone looking to buy a cryptocurrency should really know what it is. And I don't just mean in terms of analogies with vague connections to gold mining. I mean an actual direct description of what the computers are doing when we send receive and create cryptocurrencies. One thing worth stressing, by the way, is that even though you and I are gonna dig into the details here, and that takes meaningful time, you don't actually need to know those details if you just wanna use the cryptocurrency, just like you don't need to know the details of what happens under the hood when you swipe a credit card. Like any digital payment, there's lots of user-friendly applications that let you just send and receive the currencies without thinking about what's going on. The difference is that the backbone underlying this is not a bank that verifies transactions. Instead, it's a clever system of decentralized trustless verification based on some of the math born in cryptography. But to start, I want you to actually set aside the thought of cryptocurrencies and all that just for a few minutes. We're going to begin the story with something more down to earth, ledgers and digital signatures. If you and your friends exchanged money pretty frequently, you know, paying your share of the dinner bill and such, It can be inconvenient to exchange cash all the time. So you might keep a communal ledger that records all of the payments that you intend to make some point in the future. You know, Alice pays Bob $20, Bob pays Charlie $40, things like that. This ledger is going to be something public and accessible to everyone like a website where anyone can go and just add new lines. And let's say that at the end of every month, you all get together, look at the list of transactions and settle up. If you spent more than you received, you put that money in the pot, and if you received more than you spent, you take that money out. So the protocol for being part of this very simple system might look like this. Anyone can add lines to the ledger, and at the end of every month, you all get together and settle up. Now one problem with a public ledger like this is that anyone can add a line. So what's to prevent Bob from going and writing Alice Pays Bob $100 without Alice approving? How are we supposed to trust that all of these transactions are what the sender meant them to be? Well, this is where the first bit of cryptography comes in. Digital Signatures. Like handwritten signatures, the idea here is that Alice should be able to add something next to that transaction that proves that she has seen it and that she's approved of it. And it should be infeasible for anyone else to forge that signature. At first, it might seem like a digital signature shouldn't even be possible. I mean, whatever data makes up that signature can just be read and copied by a computer. So how do you prevent forgeries? Well the way this works is that everyone generates what's called a public key private key pair, each of which looks like some string of bits. The private key is sometimes also called a secret key so that we can abbreviate it as SK while abbreviating the public key as PK. Now as the name suggests, this secret key, it's something you want to keep to yourself. In the real world, your handwritten signature looks the same no matter what document you're signing. But a digital signature is actually much stronger because it changes for different messages. It looks like some string of ones and zeros, commonly something like 256 bits, and altering the message even slightly completely changes what the signature on that message should look like. Speaking a little more formally, producing a signature involves a function that depends both on the message itself and on your private key. The private key ensures that only you can produce that signature, and the fact that it depends on the message means that no one can just copy one of your signatures and then forge it on another message. Hand in hand with this is a second function used to verify that a signature is valid. And this is where the public key comes into play. All it does is output true or false to indicate if this was a signature produced by the private key associated with the public key that you're using for verification. I won't go into the details of how exactly both these functions work, but the idea is that it should be completely infeasible to find a valid signature if you don't know the secret key. Specifically, there's no strategy better than just guessing and checking random signatures, which you can check using the public key that everyone knows. Now think about how many signatures there are with a length of 256 bits. That's 2 to the power of 256. This is a stupidly large number. To call it astronomically large would be giving way too much credit to astronomy. In fact, I made a supplemental video devoted just to illustrating what a huge number this is. Right here, let's just say that when you verified that a signature against a given message is valid, you can feel extremely confident that the only way someone could have produced it is if they knew the secret key associated with the public key you used for verification. Now making sure that people sign transactions on the ledger is pretty good, but there's one slight loophole. If Alice signs a transaction like Alice pays Bob $100, even though Bob can't forge Alice's signature on a new message, he could just copy that same line as many times as he wants. I mean, that message signature combination remains valid. To get around this, what we do is make it so that when you sign a transaction, the message has to also include some sort of unique ID associated with that transaction. That way, if Alice pays Bob $100 multiple times, each one of those lines on the ledger requires a completely new signature. All right, great. Digital signatures remove a huge aspect of trust in this initial protocol. But even still, if you were to really do this, you would be relying on an honor system of sorts. Namely, you're trusting that everyone will actually follow through and settle up in cash at the end of each month. What if, for example, Charlie racks up thousands of dollars in debt and just refuses to show up? The only real reason to revert back to cash to settle up is if some people, I'm looking at you, Charlie, owe a lot of money. So maybe you have the clever idea that you never actually have to settle up in cash as long as you have some way to prevent people from spending too much more than they take in. Maybe what you do is start by having everyone pay $100 into the pot and then have the first few lines of the ledger read, Alice gets $100, Bob gets $100, Charlie gets $100, etc. Now, just don't accept any transactions where someone is spending more than they already have on that ledger. For example, if the first two transactions are Charlie Pays Alice $50 and Charlie Pays Bob $50, if he were to try to add Charlie Pays U $20, that would be invalid, as invalid as if he had never signed it. Notice this means that verifying a transaction requires knowing the full history of transactions up to that point. And this is more or less also going to be true in cryptocurrencies, though there is a little room for optimization. What's interesting here is that this step removes the connection between the ledger and actual physical US dollars. In theory, if everyone in the world was using this ledger, you could live your whole life just sending and receiving money on this ledger without ever having to convert to real US dollars. In fact, to emphasize this point, let's start referring to the quantities on the ledger as ledger dollars, or LD for short. You are, of course, free to exchange ledger dollars for real US dollars? For example, maybe Alice gives Bob a $10 bill in the real world, in exchange for him adding and signing the transaction, Bob pays Alice $10 ledger dollars to this communal ledger. But exchanges like that, they're not going to be guaranteed by the protocol. They're just going to happen if you and Bob decide to do it. Now imagine that instead of just you and a few friends, this ledgers being used by millions of people across the globe. And instead of using a website to record transactions, imagine that the ledgers are stored on a network of computers, each running a piece of software that follows the rules of the protocol, and each connected to the others via the internet. And imagine that, instead of settling up once a month"
"mistral-7b-v0.3","bitcoin_explained","2","5","53","We'll start with you keeping track of payments with your friends using a communal ledger, and then as you start to trust your friends and the world around you less and less, and if you're clever enough to bring in a few ideas from cryptography to help circumvent the need for trust, what you end up with is what's called a cryptocurrency. You see Bitcoin is just the first implemented example of a cryptocurrency, and now there are thousands more on exchanges with traditional currencies. Walking the path of inventing your own can help to set the foundations for understanding some of the more recent players in the game, and recognizing when and why there's room for different design choices. In fact, one of the reasons I chose this topic is that in the last year, there's been a huge amount of attention and investment and, well, honestly, hype directed at these currencies. And I'm not going to comment or speculate on the current or future exchange rates, but I think we'd all agree that anyone looking to buy a cryptocurrency should really know what it is. And I don't just mean in terms of analogies with vague connections to gold mining. I mean an actual direct description of what the computers are doing when we send receive and create cryptocurrencies. One thing worth stressing, by the way, is that even though you and I are gonna dig into the details here, and that takes meaningful time, you don't actually need to know those details if you just wanna use the cryptocurrency, just like you don't need to know the details of what happens under the hood when you swipe a credit card. Like any digital payment, there's lots of user-friendly applications that let you just send and receive the currencies without thinking about what's going on. The difference is that the backbone underlying this is not a bank that verifies transactions. Instead, it's a clever system of decentralized trustless verification based on some of the math born in cryptography. But to start, I want you to actually set aside the thought of cryptocurrencies and all that just for a few minutes. We're going to begin the story with something more down to earth, ledgers and digital signatures. If you and your friends exchanged money pretty frequently, you know, paying your share of the dinner bill and such, It can be inconvenient to exchange cash all the time. So you might keep a communal ledger that records all of the payments that you intend to make some point in the future. You know, Alice pays Bob $20, Bob pays Charlie $40, things like that. This ledger is going to be something public and accessible to everyone like a website where anyone can go and just add new lines. And let's say that at the end of every month, you all get together, look at the list of transactions and settle up. If you spent more than you received, you put that money in the pot, and if you received more than you spent, you take that money out. So the protocol for being part of this very simple system might look like this. Anyone can add lines to the ledger, and at the end of every month, you all get together and settle up. Now one problem with a public ledger like this is that anyone can add a line. So what's to prevent Bob from going and writing Alice Pays Bob $100 without Alice approving? How are we supposed to trust that all of these transactions are what the sender meant them to be? Well, this is where the first bit of cryptography comes in. Digital Signatures. Like handwritten signatures, the idea here is that Alice should be able to add something next to that transaction that proves that she has seen it and that she's approved of it. And it should be infeasible for anyone else to forge that signature. At first, it might seem like a digital signature shouldn't even be possible. I mean, whatever data makes up that signature can just be read and copied by a computer. So how do you prevent forgeries? Well the way this works is that everyone generates what's called a public key private key pair, each of which looks like some string of bits. The private key is sometimes also called a secret key so that we can abbreviate it as SK while abbreviating the public key as PK. Now as the name suggests, this secret key, it's something you want to keep to yourself. In the real world, your handwritten signature looks the same no matter what document you're signing. But a digital signature is actually much stronger because it changes for different messages. It looks like some string of ones and zeros, commonly something like 256 bits, and altering the message even slightly completely changes what the signature on that message should look like. Speaking a little more formally, producing a signature involves a function that depends both on the message itself and on your private key. The private key ensures that only you can produce that signature, and the fact that it depends on the message means that no one can just copy one of your signatures and then forge it on another message. Hand in hand with this is a second function used to verify that a signature is valid. And this is where the public key comes into play. All it does is output true or false to indicate if this was a signature produced by the private key associated with the public key that you're using for verification. I won't go into the details of how exactly both these functions work, but the idea is that it should be completely infeasible to find a valid signature if you don't know the secret key. Specifically, there's no strategy better than just guessing and checking random signatures, which you can check using the public key that everyone knows. Now think about how many signatures there are with a length of 256 bits. That's 2 to the power of 256. This is a stupidly large number. To call it astronomically large would be giving way too much credit to astronomy. In fact, I made a supplemental video devoted just to illustrating what a huge number this is. Right here, let's just say that when you verified that a signature against a given message is valid, you can feel extremely confident that the only way someone could have produced it is if they knew the secret key associated with the public key you used for verification. Now making sure that people sign transactions on the ledger is pretty good, but there's one slight loophole. If Alice signs a transaction like Alice pays Bob $100, even though Bob can't forge Alice's signature on a new message, he could just copy that same line as many times as he wants. I mean, that message signature combination remains valid. To get around this, what we do is make it so that when you sign a transaction, the message has to also include some sort of unique ID associated with that transaction. That way, if Alice pays Bob $100 multiple times, each one of those lines on the ledger requires a completely new signature. All right, great. Digital signatures remove a huge aspect of trust in this initial protocol. But even still, if you were to really do this, you would be relying on an honor system of sorts. Namely, you're trusting that everyone will actually follow through and settle up in cash at the end of each month. What if, for example, Charlie racks up thousands of dollars in debt and just refuses to show up? The only real reason to revert back to cash to settle up is if some people, I'm looking at you, Charlie, owe a lot of money. So maybe you have the clever idea that you never actually have to settle up in cash as long as you have some way to prevent people from spending too much more than they take in. Maybe what you do is start by having everyone pay $100 into the pot and then have the first few lines of the ledger read, Alice gets $100, Bob gets $100, Charlie gets $100, etc. Now, just don't accept any transactions where someone is spending more than they already have on that ledger. For example, if the first two transactions are Charlie Pays Alice $50 and Charlie Pays Bob $50, if he were to try to add Charlie Pays U $20, that would be invalid, as invalid as if he had never signed it. Notice this means that verifying a transaction requires knowing the full history of transactions up to that point. And this is more or less also going to be true in cryptocurrencies, though there is a little room for optimization. What's interesting here is that this step removes the connection between the ledger and actual physical US dollars. In theory, if everyone in the world was using this ledger, you could live your whole life just sending and receiving money on this ledger without ever having to convert to real US dollars. In fact, to emphasize this point, let's start referring to the quantities on the ledger as ledger dollars, or LD for short. You are, of course, free to exchange ledger dollars for real US dollars? For example, maybe Alice gives Bob a $10 bill in the real world, in exchange for him adding and signing the transaction, Bob pays Alice $10 ledger dollars to this communal ledger. But exchanges like that, they're not going to be guaranteed by the protocol. They're just a way to get started with some initial funds. Once you've got some ledger money, you just keep using the ledgers as long you don’t spend more than what you'll eventually receive"
"mistral-7b-v0.3","bitcoin_explained","2","6","53","We'll start with you keeping track of payments with your friends using a communal ledger, and then as you start to trust your friends and the world around you less and less, and if you're clever enough to bring in a few ideas from cryptography to help circumvent the need for trust, what you end up with is what's called a cryptocurrency. You see Bitcoin is just the first implemented example of a cryptocurrency, and now there are thousands more on exchanges with traditional currencies. Walking the path of inventing your own can help to set the foundations for understanding some of the more recent players in the game, and recognizing when and why there's room for different design choices. In fact, one of the reasons I chose this topic is that in the last year, there's been a huge amount of attention and investment and, well, honestly, hype directed at these currencies. And I'm not going to comment or speculate on the current or future exchange rates, but I think we'd all agree that anyone looking to buy a cryptocurrency should really know what it is. And I don't just mean in terms of analogies with vague connections to gold mining. I mean an actual direct description of what the computers are doing when we send receive and create cryptocurrencies. One thing worth stressing, by the way, is that even though you and I are gonna dig into the details here, and that takes meaningful time, you don't actually need to know those details if you just wanna use the cryptocurrency, just like you don't need to know the details of what happens under the hood when you swipe a credit card. Like any digital payment, there's lots of user-friendly applications that let you just send and receive the currencies without thinking about what's going on. The difference is that the backbone underlying this is not a bank that verifies transactions. Instead, it's a clever system of decentralized trustless verification based on some of the math born in cryptography. But to start, I want you to actually set aside the thought of cryptocurrencies and all that just for a few minutes. We're going to begin the story with something more down to earth, ledgers and digital signatures. If you and your friends exchanged money pretty frequently, you know, paying your share of the dinner bill and such, It can be inconvenient to exchange cash all the time. So you might keep a communal ledger that records all of the payments that you intend to make some point in the future. You know, Alice pays Bob $20, Bob pays Charlie $40, things like that. This ledger is going to be something public and accessible to everyone like a website where anyone can go and just add new lines. And let's say that at the end of every month, you all get together, look at the list of transactions and settle up. If you spent more than you received, you put that money in the pot, and if you received more than you spent, you take that money out. So the protocol for being part of this very simple system might look like this. Anyone can add lines to the ledger, and at the end of every month, you all get together and settle up. Now one problem with a public ledger like this is that anyone can add a line. So what's to prevent Bob from going and writing Alice Pays Bob $100 without Alice approving? How are we supposed to trust that all of these transactions are what the sender meant them to be? Well, this is where the first bit of cryptography comes in. Digital Signatures. Like handwritten signatures, the idea here is that Alice should be able to add something next to that transaction that proves that she has seen it and that she's approved of it. And it should be infeasible for anyone else to forge that signature. At first, it might seem like a digital signature shouldn't even be possible. I mean, whatever data makes up that signature can just be read and copied by a computer. So how do you prevent forgeries? Well the way this works is that everyone generates what's called a public key private key pair, each of which looks like some string of bits. The private key is sometimes also called a secret key so that we can abbreviate it as SK while abbreviating the public key as PK. Now as the name suggests, this secret key, it's something you want to keep to yourself. In the real world, your handwritten signature looks the same no matter what document you're signing. But a digital signature is actually much stronger because it changes for different messages. It looks like some string of ones and zeros, commonly something like 256 bits, and altering the message even slightly completely changes what the signature on that message should look like. Speaking a little more formally, producing a signature involves a function that depends both on the message itself and on your private key. The private key ensures that only you can produce that signature, and the fact that it depends on the message means that no one can just copy one of your signatures and then forge it on another message. Hand in hand with this is a second function used to verify that a signature is valid. And this is where the public key comes into play. All it does is output true or false to indicate if this was a signature produced by the private key associated with the public key that you're using for verification. I won't go into the details of how exactly both these functions work, but the idea is that it should be completely infeasible to find a valid signature if you don't know the secret key. Specifically, there's no strategy better than just guessing and checking random signatures, which you can check using the public key that everyone knows. Now think about how many signatures there are with a length of 256 bits. That's 2 to the power of 256. This is a stupidly large number. To call it astronomically large would be giving way too much credit to astronomy. In fact, I made a supplemental video devoted just to illustrating what a huge number this is. Right here, let's just say that when you verified that a signature against a given message is valid, you can feel extremely confident that the only way someone could have produced it is if they knew the secret key associated with the public key you used for verification. Now making sure that people sign transactions on the ledger is pretty good, but there's one slight loophole. If Alice signs a transaction like Alice pays Bob $100, even though Bob can't forge Alice's signature on a new message, he could just copy that same line as many times as he wants. I mean, that message signature combination remains valid. To get around this, what we do is make it so that when you sign a transaction, the message has to also include some sort of unique ID associated with that transaction. That way, if Alice pays Bob $100 multiple times, each one of those lines on the ledger requires a completely new signature. All right, great. Digital signatures remove a huge aspect of trust in this initial protocol. But even still, if you were to really do this, you would be relying on an honor system of sorts. Namely, you're trusting that everyone will actually follow through and settle up in cash at the end of each month. What if, for example, Charlie racks up thousands of dollars in debt and just refuses to show up? The only real reason to revert back to cash to settle up is if some people, I'm looking at you, Charlie, owe a lot of money. So maybe you have the clever idea that you never actually have to settle up in cash as long as you have some way to prevent people from spending too much more than they take in. Maybe what you do is start by having everyone pay $100 into the pot and then have the first few lines of the ledger read, Alice gets $100, Bob gets $100, Charlie gets $100, etc. Now, just don't accept any transactions where someone is spending more than they already have on that ledger. For example, if the first two transactions are Charlie Pays Alice $50 and Charlie Pays Bob $50, if he were to try to add Charlie Pays U $20, that would be invalid, as invalid as if he had never signed it. Notice this means that verifying a transaction requires knowing the full history of transactions up to that point. And this is more or less also going to be true in cryptocurrencies, though there is a little room for optimization. What's interesting here is that this step removes the connection between the ledger and actual physical US dollars. In theory, if everyone in the world was using this ledger, you could live your whole life just sending and receiving money on this ledger without ever having to convert to real US dollars. In fact, to emphasize this point, let's start referring to the quantities on the ledger as ledger dollars, or LD for short. You are, of course, free to exchange ledger dollars for real US dollars? For example, maybe Alice gives Bob a $10 bill in the real world, in exchange for him adding and signing the transaction, Bob pays Alice $10 ledger dollars to this communal ledger. But exchanges like that, they're not going to be guaranteed by the protocol. They're just something that people can choose to do if they want to. In other words, the ledgers themselves are not tied to any particular currency. They can represent anything you want. Now there'd still be a couple of problems with this system. First off, what if someone tries to cheat and double spend their ledger dollar? For instance, what stops Charlie from adding Charlie Pays Eve $1 ledger Dollar and then later adding Charlie pays Dave $1 Ledger"
"mistral-7b-v0.3","bitcoin_explained","2","7","53","We'll start with you keeping track of payments with your friends using a communal ledger, and then as you start to trust your friends and the world around you less and less, and if you're clever enough to bring in a few ideas from cryptography to help circumvent the need for trust, what you end up with is what's called a cryptocurrency. You see Bitcoin is just the first implemented example of a cryptocurrency, and now there are thousands more on exchanges with traditional currencies. Walking the path of inventing your own can help to set the foundations for understanding some of the more recent players in the game, and recognizing when and why there's room for different design choices. In fact, one of the reasons I chose this topic is that in the last year, there's been a huge amount of attention and investment and, well, honestly, hype directed at these currencies. And I'm not going to comment or speculate on the current or future exchange rates, but I think we'd all agree that anyone looking to buy a cryptocurrency should really know what it is. And I don't just mean in terms of analogies with vague connections to gold mining. I mean an actual direct description of what the computers are doing when we send receive and create cryptocurrencies. One thing worth stressing, by the way, is that even though you and I are gonna dig into the details here, and that takes meaningful time, you don't actually need to know those details if you just wanna use the cryptocurrency, just like you don't need to know the details of what happens under the hood when you swipe a credit card. Like any digital payment, there's lots of user-friendly applications that let you just send and receive the currencies without thinking about what's going on. The difference is that the backbone underlying this is not a bank that verifies transactions. Instead, it's a clever system of decentralized trustless verification based on some of the math born in cryptography. But to start, I want you to actually set aside the thought of cryptocurrencies and all that just for a few minutes. We're going to begin the story with something more down to earth, ledgers and digital signatures. If you and your friends exchanged money pretty frequently, you know, paying your share of the dinner bill and such, It can be inconvenient to exchange cash all the time. So you might keep a communal ledger that records all of the payments that you intend to make some point in the future. You know, Alice pays Bob $20, Bob pays Charlie $40, things like that. This ledger is going to be something public and accessible to everyone like a website where anyone can go and just add new lines. And let's say that at the end of every month, you all get together, look at the list of transactions and settle up. If you spent more than you received, you put that money in the pot, and if you received more than you spent, you take that money out. So the protocol for being part of this very simple system might look like this. Anyone can add lines to the ledger, and at the end of every month, you all get together and settle up. Now one problem with a public ledger like this is that anyone can add a line. So what's to prevent Bob from going and writing Alice Pays Bob $100 without Alice approving? How are we supposed to trust that all of these transactions are what the sender meant them to be? Well, this is where the first bit of cryptography comes in. Digital Signatures. Like handwritten signatures, the idea here is that Alice should be able to add something next to that transaction that proves that she has seen it and that she's approved of it. And it should be infeasible for anyone else to forge that signature. At first, it might seem like a digital signature shouldn't even be possible. I mean, whatever data makes up that signature can just be read and copied by a computer. So how do you prevent forgeries? Well the way this works is that everyone generates what's called a public key private key pair, each of which looks like some string of bits. The private key is sometimes also called a secret key so that we can abbreviate it as SK while abbreviating the public key as PK. Now as the name suggests, this secret key, it's something you want to keep to yourself. In the real world, your handwritten signature looks the same no matter what document you're signing. But a digital signature is actually much stronger because it changes for different messages. It looks like some string of ones and zeros, commonly something like 256 bits, and altering the message even slightly completely changes what the signature on that message should look like. Speaking a little more formally, producing a signature involves a function that depends both on the message itself and on your private key. The private key ensures that only you can produce that signature, and the fact that it depends on the message means that no one can just copy one of your signatures and then forge it on another message. Hand in hand with this is a second function used to verify that a signature is valid. And this is where the public key comes into play. All it does is output true or false to indicate if this was a signature produced by the private key associated with the public key that you're using for verification. I won't go into the details of how exactly both these functions work, but the idea is that it should be completely infeasible to find a valid signature if you don't know the secret key. Specifically, there's no strategy better than just guessing and checking random signatures, which you can check using the public key that everyone knows. Now think about how many signatures there are with a length of 256 bits. That's 2 to the power of 256. This is a stupidly large number. To call it astronomically large would be giving way too much credit to astronomy. In fact, I made a supplemental video devoted just to illustrating what a huge number this is. Right here, let's just say that when you verified that a signature against a given message is valid, you can feel extremely confident that the only way someone could have produced it is if they knew the secret key associated with the public key you used for verification. Now making sure that people sign transactions on the ledger is pretty good, but there's one slight loophole. If Alice signs a transaction like Alice pays Bob $100, even though Bob can't forge Alice's signature on a new message, he could just copy that same line as many times as he wants. I mean, that message signature combination remains valid. To get around this, what we do is make it so that when you sign a transaction, the message has to also include some sort of unique ID associated with that transaction. That way, if Alice pays Bob $100 multiple times, each one of those lines on the ledger requires a completely new signature. All right, great. Digital signatures remove a huge aspect of trust in this initial protocol. But even still, if you were to really do this, you would be relying on an honor system of sorts. Namely, you're trusting that everyone will actually follow through and settle up in cash at the end of each month. What if, for example, Charlie racks up thousands of dollars in debt and just refuses to show up? The only real reason to revert back to cash to settle up is if some people, I'm looking at you, Charlie, owe a lot of money. So maybe you have the clever idea that you never actually have to settle up in cash as long as you have some way to prevent people from spending too much more than they take in. Maybe what you do is start by having everyone pay $100 into the pot and then have the first few lines of the ledger read, Alice gets $100, Bob gets $100, Charlie gets $100, etc. Now, just don't accept any transactions where someone is spending more than they already have on that ledger. For example, if the first two transactions are Charlie Pays Alice $50 and Charlie Pays Bob $50, if he were to try to add Charlie Pays U $20, that would be invalid, as invalid as if he had never signed it. Notice this means that verifying a transaction requires knowing the full history of transactions up to that point. And this is more or less also going to be true in cryptocurrencies, though there is a little room for optimization. What's interesting here is that this step removes the connection between the ledger and actual physical US dollars. In theory, if everyone in the world was using this ledger, you could live your whole life just sending and receiving money on this ledger without ever having to convert to real US dollars. In fact, to emphasize this point, let's start referring to the quantities on the ledger as ledger dollars, or LD for short. You are, of course, free to exchange ledger dollars for real US dollars? For example, maybe Alice gives Bob a $10 bill in the real world, in exchange for him adding and signing the transaction, Bob pays Alice $10 ledger dollars to this communal ledger. But exchanges like that, they're not going to be guaranteed by the protocol. They're just something that people can choose to do if they want. Now let me pause here for a moment and explain why I've gone through all of this. As I mentioned earlier, the goal here is to understand cryptocurrenceis, and this ledgers-and-digital-signatures setup is actually a very close approximation of the first cryptocurrrency, Bitcoin. In particular, the blockchain, which is the technology behind Bitcoin, is essentially just a distributed version"
"mistral-7b-v0.3","bitcoin_explained","2","8","53","We'll start with you keeping track of payments with your friends using a communal ledger, and then as you start to trust your friends and the world around you less and less, and if you're clever enough to bring in a few ideas from cryptography to help circumvent the need for trust, what you end up with is what's called a cryptocurrency. You see Bitcoin is just the first implemented example of a cryptocurrency, and now there are thousands more on exchanges with traditional currencies. Walking the path of inventing your own can help to set the foundations for understanding some of the more recent players in the game, and recognizing when and why there's room for different design choices. In fact, one of the reasons I chose this topic is that in the last year, there's been a huge amount of attention and investment and, well, honestly, hype directed at these currencies. And I'm not going to comment or speculate on the current or future exchange rates, but I think we'd all agree that anyone looking to buy a cryptocurrency should really know what it is. And I don't just mean in terms of analogies with vague connections to gold mining. I mean an actual direct description of what the computers are doing when we send receive and create cryptocurrencies. One thing worth stressing, by the way, is that even though you and I are gonna dig into the details here, and that takes meaningful time, you don't actually need to know those details if you just wanna use the cryptocurrency, just like you don't need to know the details of what happens under the hood when you swipe a credit card. Like any digital payment, there's lots of user-friendly applications that let you just send and receive the currencies without thinking about what's going on. The difference is that the backbone underlying this is not a bank that verifies transactions. Instead, it's a clever system of decentralized trustless verification based on some of the math born in cryptography. But to start, I want you to actually set aside the thought of cryptocurrencies and all that just for a few minutes. We're going to begin the story with something more down to earth, ledgers and digital signatures. If you and your friends exchanged money pretty frequently, you know, paying your share of the dinner bill and such, It can be inconvenient to exchange cash all the time. So you might keep a communal ledger that records all of the payments that you intend to make some point in the future. You know, Alice pays Bob $20, Bob pays Charlie $40, things like that. This ledger is going to be something public and accessible to everyone like a website where anyone can go and just add new lines. And let's say that at the end of every month, you all get together, look at the list of transactions and settle up. If you spent more than you received, you put that money in the pot, and if you received more than you spent, you take that money out. So the protocol for being part of this very simple system might look like this. Anyone can add lines to the ledger, and at the end of every month, you all get together and settle up. Now one problem with a public ledger like this is that anyone can add a line. So what's to prevent Bob from going and writing Alice Pays Bob $100 without Alice approving? How are we supposed to trust that all of these transactions are what the sender meant them to be? Well, this is where the first bit of cryptography comes in. Digital Signatures. Like handwritten signatures, the idea here is that Alice should be able to add something next to that transaction that proves that she has seen it and that she's approved of it. And it should be infeasible for anyone else to forge that signature. At first, it might seem like a digital signature shouldn't even be possible. I mean, whatever data makes up that signature can just be read and copied by a computer. So how do you prevent forgeries? Well the way this works is that everyone generates what's called a public key private key pair, each of which looks like some string of bits. The private key is sometimes also called a secret key so that we can abbreviate it as SK while abbreviating the public key as PK. Now as the name suggests, this secret key, it's something you want to keep to yourself. In the real world, your handwritten signature looks the same no matter what document you're signing. But a digital signature is actually much stronger because it changes for different messages. It looks like some string of ones and zeros, commonly something like 256 bits, and altering the message even slightly completely changes what the signature on that message should look like. Speaking a little more formally, producing a signature involves a function that depends both on the message itself and on your private key. The private key ensures that only you can produce that signature, and the fact that it depends on the message means that no one can just copy one of your signatures and then forge it on another message. Hand in hand with this is a second function used to verify that a signature is valid. And this is where the public key comes into play. All it does is output true or false to indicate if this was a signature produced by the private key associated with the public key that you're using for verification. I won't go into the details of how exactly both these functions work, but the idea is that it should be completely infeasible to find a valid signature if you don't know the secret key. Specifically, there's no strategy better than just guessing and checking random signatures, which you can check using the public key that everyone knows. Now think about how many signatures there are with a length of 256 bits. That's 2 to the power of 256. This is a stupidly large number. To call it astronomically large would be giving way too much credit to astronomy. In fact, I made a supplemental video devoted just to illustrating what a huge number this is. Right here, let's just say that when you verified that a signature against a given message is valid, you can feel extremely confident that the only way someone could have produced it is if they knew the secret key associated with the public key you used for verification. Now making sure that people sign transactions on the ledger is pretty good, but there's one slight loophole. If Alice signs a transaction like Alice pays Bob $100, even though Bob can't forge Alice's signature on a new message, he could just copy that same line as many times as he wants. I mean, that message signature combination remains valid. To get around this, what we do is make it so that when you sign a transaction, the message has to also include some sort of unique ID associated with that transaction. That way, if Alice pays Bob $100 multiple times, each one of those lines on the ledger requires a completely new signature. All right, great. Digital signatures remove a huge aspect of trust in this initial protocol. But even still, if you were to really do this, you would be relying on an honor system of sorts. Namely, you're trusting that everyone will actually follow through and settle up in cash at the end of each month. What if, for example, Charlie racks up thousands of dollars in debt and just refuses to show up? The only real reason to revert back to cash to settle up is if some people, I'm looking at you, Charlie, owe a lot of money. So maybe you have the clever idea that you never actually have to settle up in cash as long as you have some way to prevent people from spending too much more than they take in. Maybe what you do is start by having everyone pay $100 into the pot and then have the first few lines of the ledger read, Alice gets $100, Bob gets $100, Charlie gets $100, etc. Now, just don't accept any transactions where someone is spending more than they already have on that ledger. For example, if the first two transactions are Charlie Pays Alice $50 and Charlie Pays Bob $50, if he were to try to add Charlie Pays U $20, that would be invalid, as invalid as if he had never signed it. Notice this means that verifying a transaction requires knowing the full history of transactions up to that point. And this is more or less also going to be true in cryptocurrencies, though there is a little room for optimization. What's interesting here is that this step removes the connection between the ledger and actual physical US dollars. In theory, if everyone in the world was using this ledger, you could live your whole life just sending and receiving money on this ledger without ever having to convert to real US dollars. In fact, to emphasize this point, let's start referring to the quantities on the ledger as ledger dollars, or LD for short. You are, of course, free to exchange ledger dollars for real US dollars? For example, maybe Alice gives Bob a $10 bill in the real world, in exchange for him adding and signing the transaction, Bob pays Alice $10 ledger dollars to this communal ledger. But exchanges like that, they're not going to be guaranteed by the protocol. They're just going to happen whenever you and someone else decide to make them. And if you wanted to, you wouldn't have to do that at all. You could just spend and receive ledger dollar directly. As long as everyone follows the rules, ledger balances can remain stable relative to each other. And that's the essence of what a cryptographic currency is. It's essentially a digital version of this communally maintained ledger where transactions are recorded with digital sign"
"mistral-7b-v0.3","bitcoin_explained","2","9","53","We'll start with you keeping track of payments with your friends using a communal ledger, and then as you start to trust your friends and the world around you less and less, and if you're clever enough to bring in a few ideas from cryptography to help circumvent the need for trust, what you end up with is what's called a cryptocurrency. You see Bitcoin is just the first implemented example of a cryptocurrency, and now there are thousands more on exchanges with traditional currencies. Walking the path of inventing your own can help to set the foundations for understanding some of the more recent players in the game, and recognizing when and why there's room for different design choices. In fact, one of the reasons I chose this topic is that in the last year, there's been a huge amount of attention and investment and, well, honestly, hype directed at these currencies. And I'm not going to comment or speculate on the current or future exchange rates, but I think we'd all agree that anyone looking to buy a cryptocurrency should really know what it is. And I don't just mean in terms of analogies with vague connections to gold mining. I mean an actual direct description of what the computers are doing when we send receive and create cryptocurrencies. One thing worth stressing, by the way, is that even though you and I are gonna dig into the details here, and that takes meaningful time, you don't actually need to know those details if you just wanna use the cryptocurrency, just like you don't need to know the details of what happens under the hood when you swipe a credit card. Like any digital payment, there's lots of user-friendly applications that let you just send and receive the currencies without thinking about what's going on. The difference is that the backbone underlying this is not a bank that verifies transactions. Instead, it's a clever system of decentralized trustless verification based on some of the math born in cryptography. But to start, I want you to actually set aside the thought of cryptocurrencies and all that just for a few minutes. We're going to begin the story with something more down to earth, ledgers and digital signatures. If you and your friends exchanged money pretty frequently, you know, paying your share of the dinner bill and such, It can be inconvenient to exchange cash all the time. So you might keep a communal ledger that records all of the payments that you intend to make some point in the future. You know, Alice pays Bob $20, Bob pays Charlie $40, things like that. This ledger is going to be something public and accessible to everyone like a website where anyone can go and just add new lines. And let's say that at the end of every month, you all get together, look at the list of transactions and settle up. If you spent more than you received, you put that money in the pot, and if you received more than you spent, you take that money out. So the protocol for being part of this very simple system might look like this. Anyone can add lines to the ledger, and at the end of every month, you all get together and settle up. Now one problem with a public ledger like this is that anyone can add a line. So what's to prevent Bob from going and writing Alice Pays Bob $100 without Alice approving? How are we supposed to trust that all of these transactions are what the sender meant them to be? Well, this is where the first bit of cryptography comes in. Digital Signatures. Like handwritten signatures, the idea here is that Alice should be able to add something next to that transaction that proves that she has seen it and that she's approved of it. And it should be infeasible for anyone else to forge that signature. At first, it might seem like a digital signature shouldn't even be possible. I mean, whatever data makes up that signature can just be read and copied by a computer. So how do you prevent forgeries? Well the way this works is that everyone generates what's called a public key private key pair, each of which looks like some string of bits. The private key is sometimes also called a secret key so that we can abbreviate it as SK while abbreviating the public key as PK. Now as the name suggests, this secret key, it's something you want to keep to yourself. In the real world, your handwritten signature looks the same no matter what document you're signing. But a digital signature is actually much stronger because it changes for different messages. It looks like some string of ones and zeros, commonly something like 256 bits, and altering the message even slightly completely changes what the signature on that message should look like. Speaking a little more formally, producing a signature involves a function that depends both on the message itself and on your private key. The private key ensures that only you can produce that signature, and the fact that it depends on the message means that no one can just copy one of your signatures and then forge it on another message. Hand in hand with this is a second function used to verify that a signature is valid. And this is where the public key comes into play. All it does is output true or false to indicate if this was a signature produced by the private key associated with the public key that you're using for verification. I won't go into the details of how exactly both these functions work, but the idea is that it should be completely infeasible to find a valid signature if you don't know the secret key. Specifically, there's no strategy better than just guessing and checking random signatures, which you can check using the public key that everyone knows. Now think about how many signatures there are with a length of 256 bits. That's 2 to the power of 256. This is a stupidly large number. To call it astronomically large would be giving way too much credit to astronomy. In fact, I made a supplemental video devoted just to illustrating what a huge number this is. Right here, let's just say that when you verified that a signature against a given message is valid, you can feel extremely confident that the only way someone could have produced it is if they knew the secret key associated with the public key you used for verification. Now making sure that people sign transactions on the ledger is pretty good, but there's one slight loophole. If Alice signs a transaction like Alice pays Bob $100, even though Bob can't forge Alice's signature on a new message, he could just copy that same line as many times as he wants. I mean, that message signature combination remains valid. To get around this, what we do is make it so that when you sign a transaction, the message has to also include some sort of unique ID associated with that transaction. That way, if Alice pays Bob $100 multiple times, each one of those lines on the ledger requires a completely new signature. All right, great. Digital signatures remove a huge aspect of trust in this initial protocol. But even still, if you were to really do this, you would be relying on an honor system of sorts. Namely, you're trusting that everyone will actually follow through and settle up in cash at the end of each month. What if, for example, Charlie racks up thousands of dollars in debt and just refuses to show up? The only real reason to revert back to cash to settle up is if some people, I'm looking at you, Charlie, owe a lot of money. So maybe you have the clever idea that you never actually have to settle up in cash as long as you have some way to prevent people from spending too much more than they take in. Maybe what you do is start by having everyone pay $100 into the pot and then have the first few lines of the ledger read, Alice gets $100, Bob gets $100, Charlie gets $100, etc. Now, just don't accept any transactions where someone is spending more than they already have on that ledger. For example, if the first two transactions are Charlie Pays Alice $50 and Charlie Pays Bob $50, if he were to try to add Charlie Pays U $20, that would be invalid, as invalid as if he had never signed it. Notice this means that verifying a transaction requires knowing the full history of transactions up to that point. And this is more or less also going to be true in cryptocurrencies, though there is a little room for optimization. What's interesting here is that this step removes the connection between the ledger and actual physical US dollars. In theory, if everyone in the world was using this ledger, you could live your whole life just sending and receiving money on this ledger without ever having to convert to real US dollars. In fact, to emphasize this point, let's start referring to the quantities on the ledger as ledger dollars, or LD for short. You are, of course, free to exchange ledger dollars for real US dollars? For example, maybe Alice gives Bob a $10 bill in the real world, in exchange for him adding and signing the transaction, Bob pays Alice $10 ledger dollars to this communal ledger. But exchanges like that, they're not going to be guaranteed by the protocol. They're just going to happen as a result of the fact people are willing to trade their real dollars for ledger dollar"
"mistral-7b-v0.3","bitcoin_explained","2","10","53","We'll start with you keeping track of payments with your friends using a communal ledger, and then as you start to trust your friends and the world around you less and less, and if you're clever enough to bring in a few ideas from cryptography to help circumvent the need for trust, what you end up with is what's called a cryptocurrency. You see Bitcoin is just the first implemented example of a cryptocurrency, and now there are thousands more on exchanges with traditional currencies. Walking the path of inventing your own can help to set the foundations for understanding some of the more recent players in the game, and recognizing when and why there's room for different design choices. In fact, one of the reasons I chose this topic is that in the last year, there's been a huge amount of attention and investment and, well, honestly, hype directed at these currencies. And I'm not going to comment or speculate on the current or future exchange rates, but I think we'd all agree that anyone looking to buy a cryptocurrency should really know what it is. And I don't just mean in terms of analogies with vague connections to gold mining. I mean an actual direct description of what the computers are doing when we send receive and create cryptocurrencies. One thing worth stressing, by the way, is that even though you and I are gonna dig into the details here, and that takes meaningful time, you don't actually need to know those details if you just wanna use the cryptocurrency, just like you don't need to know the details of what happens under the hood when you swipe a credit card. Like any digital payment, there's lots of user-friendly applications that let you just send and receive the currencies without thinking about what's going on. The difference is that the backbone underlying this is not a bank that verifies transactions. Instead, it's a clever system of decentralized trustless verification based on some of the math born in cryptography. But to start, I want you to actually set aside the thought of cryptocurrencies and all that just for a few minutes. We're going to begin the story with something more down to earth, ledgers and digital signatures. If you and your friends exchanged money pretty frequently, you know, paying your share of the dinner bill and such, It can be inconvenient to exchange cash all the time. So you might keep a communal ledger that records all of the payments that you intend to make some point in the future. You know, Alice pays Bob $20, Bob pays Charlie $40, things like that. This ledger is going to be something public and accessible to everyone like a website where anyone can go and just add new lines. And let's say that at the end of every month, you all get together, look at the list of transactions and settle up. If you spent more than you received, you put that money in the pot, and if you received more than you spent, you take that money out. So the protocol for being part of this very simple system might look like this. Anyone can add lines to the ledger, and at the end of every month, you all get together and settle up. Now one problem with a public ledger like this is that anyone can add a line. So what's to prevent Bob from going and writing Alice Pays Bob $100 without Alice approving? How are we supposed to trust that all of these transactions are what the sender meant them to be? Well, this is where the first bit of cryptography comes in. Digital Signatures. Like handwritten signatures, the idea here is that Alice should be able to add something next to that transaction that proves that she has seen it and that she's approved of it. And it should be infeasible for anyone else to forge that signature. At first, it might seem like a digital signature shouldn't even be possible. I mean, whatever data makes up that signature can just be read and copied by a computer. So how do you prevent forgeries? Well the way this works is that everyone generates what's called a public key private key pair, each of which looks like some string of bits. The private key is sometimes also called a secret key so that we can abbreviate it as SK while abbreviating the public key as PK. Now as the name suggests, this secret key, it's something you want to keep to yourself. In the real world, your handwritten signature looks the same no matter what document you're signing. But a digital signature is actually much stronger because it changes for different messages. It looks like some string of ones and zeros, commonly something like 256 bits, and altering the message even slightly completely changes what the signature on that message should look like. Speaking a little more formally, producing a signature involves a function that depends both on the message itself and on your private key. The private key ensures that only you can produce that signature, and the fact that it depends on the message means that no one can just copy one of your signatures and then forge it on another message. Hand in hand with this is a second function used to verify that a signature is valid. And this is where the public key comes into play. All it does is output true or false to indicate if this was a signature produced by the private key associated with the public key that you're using for verification. I won't go into the details of how exactly both these functions work, but the idea is that it should be completely infeasible to find a valid signature if you don't know the secret key. Specifically, there's no strategy better than just guessing and checking random signatures, which you can check using the public key that everyone knows. Now think about how many signatures there are with a length of 256 bits. That's 2 to the power of 256. This is a stupidly large number. To call it astronomically large would be giving way too much credit to astronomy. In fact, I made a supplemental video devoted just to illustrating what a huge number this is. Right here, let's just say that when you verified that a signature against a given message is valid, you can feel extremely confident that the only way someone could have produced it is if they knew the secret key associated with the public key you used for verification. Now making sure that people sign transactions on the ledger is pretty good, but there's one slight loophole. If Alice signs a transaction like Alice pays Bob $100, even though Bob can't forge Alice's signature on a new message, he could just copy that same line as many times as he wants. I mean, that message signature combination remains valid. To get around this, what we do is make it so that when you sign a transaction, the message has to also include some sort of unique ID associated with that transaction. That way, if Alice pays Bob $100 multiple times, each one of those lines on the ledger requires a completely new signature. All right, great. Digital signatures remove a huge aspect of trust in this initial protocol. But even still, if you were to really do this, you would be relying on an honor system of sorts. Namely, you're trusting that everyone will actually follow through and settle up in cash at the end of each month. What if, for example, Charlie racks up thousands of dollars in debt and just refuses to show up? The only real reason to revert back to cash to settle up is if some people, I'm looking at you, Charlie, owe a lot of money. So maybe you have the clever idea that you never actually have to settle up in cash as long as you have some way to prevent people from spending too much more than they take in. Maybe what you do is start by having everyone pay $100 into the pot and then have the first few lines of the ledger read, Alice gets $100, Bob gets $100, Charlie gets $100, etc. Now, just don't accept any transactions where someone is spending more than they already have on that ledger. For example, if the first two transactions are Charlie Pays Alice $50 and Charlie Pays Bob $50, if he were to try to add Charlie Pays U $20, that would be invalid, as invalid as if he had never signed it. Notice this means that verifying a transaction requires knowing the full history of transactions up to that point. And this is more or less also going to be true in cryptocurrencies, though there is a little room for optimization. What's interesting here is that this step removes the connection between the ledger and actual physical US dollars. In theory, if everyone in the world was using this ledger, you could live your whole life just sending and receiving money on this ledger without ever having to convert to real US dollars. In fact, to emphasize this point, let's start referring to the quantities on the ledger as ledger dollars, or LD for short. You are, of course, free to exchange ledger dollars for real US dollars? For example, maybe Alice gives Bob a $10 bill in the real world, in exchange for him adding and signing the transaction, Bob pays Alice $10 ledger dollars to this communal ledger. But exchanges like that, they're not going to be guaranteed by the protocol. They're just something that people might choose to do if they want to trade ledger currency for real currency. In other words, the ledgers themselves aren't tied to any particular currency. They could be used for anything, including, as we'll soon see, creating cryptocurrentcies"
"mistral-7b-v0.3","bitcoin_explained","3","1","845","Proof of Work: A Foundation for Decentralized Consensus"
"mistral-7b-v0.3","bitcoin_explained","3","2","845","Proof of Work: A Foundation for Decentralized Consensus"
"mistral-7b-v0.3","bitcoin_explained","3","3","845","Proof of Work in Distributed Ledgers"
"mistral-7b-v0.3","bitcoin_explained","3","4","845","Proof of Work: A Foundation for Decentralized Consensus"
"mistral-7b-v0.3","bitcoin_explained","3","5","845","Proof of Work in Distributed Ledgers"
"mistral-7b-v0.3","bitcoin_explained","3","6","845","Proof of Work: A Foundation for Decentralized Consensus"
"mistral-7b-v0.3","bitcoin_explained","3","7","845","Proof of Work: A Foundation for Decentralized Consensus"
"mistral-7b-v0.3","bitcoin_explained","3","8","845","Proof of Work: Verifying Computational Effort in Distributed Ledgers"
"mistral-7b-v0.3","bitcoin_explained","3","9","845","Proof of Work and Decentralized Consensus"
"mistral-7b-v0.3","bitcoin_explained","3","10","845","Proof of Work: A Cornerstone of Decentralized Consensus"
"mistral-7b-v0.3","bitcoin_explained","4","1","1357","Bitcoin's Halving Reward & Transaction Fees"
"mistral-7b-v0.3","bitcoin_explained","4","2","1357","Exploring Bitcoin's Limited Supply & Transaction Fees"
"mistral-7b-v0.3","bitcoin_explained","4","3","1357","Bitcoin's Halving Reward & Transaction Fees"
"mistral-7b-v0.3","bitcoin_explained","4","4","1357","Bitcoin's Halving Reward & Transaction Fees"
"mistral-7b-v0.3","bitcoin_explained","4","5","1357","Exploring Bitcoin's Rewards and Transaction Fees"
"mistral-7b-v0.3","bitcoin_explained","4","6","1357","Understanding Bitcoin Rewards & Transaction Fees"
"mistral-7b-v0.3","bitcoin_explained","4","7","1357","Bitcoin's Halving Reward & Transaction Fees"
"mistral-7b-v0.3","bitcoin_explained","4","8","1357","Bitcoin's Halving Reward & Transaction Fees"
"mistral-7b-v0.3","bitcoin_explained","4","9","1357","Exploring Bitcoin's Halving Rewards & Transaction Fees"
"mistral-7b-v0.3","bitcoin_explained","4","10","1357","Understanding Bitcoin Rewards & Transaction Fees"
"tinyllama","bitcoin_explained","1","1","0","How to Invent Your Own Version of BitCoin"
"tinyllama","bitcoin_explained","1","2","0","How to Invent Your Own Version of BitCoin"
"tinyllama","bitcoin_explained","1","3","0","How to Invent Your Own Version of BitCoin"
"tinyllama","bitcoin_explained","1","4","0","How to Invent Your Own Version of BitCoin"
"tinyllama","bitcoin_explained","1","5","0","How to Invent Your Own Version of BitCoin"
"tinyllama","bitcoin_explained","1","6","0","How to Build Your Own Cryptocurrency"
"tinyllama","bitcoin_explained","1","7","0","How to Invent Your Own Version of BitCoin"
"tinyllama","bitcoin_explained","1","8","0","How to Invent Your Own Version of BitCoin"
"tinyllama","bitcoin_explained","1","9","0","How to Invent Your Own Version of BitCoin"
"tinyllama","bitcoin_explained","1","10","0","How to Invent Your Own Version of BitCoin"
"tinyllama","bitcoin_explained","2","1","53","We'll start with you keeping track of payments with your friends using a communal ledger, and then as you start to trust your friends and the world around you less and less, and if you're clever enough to bring in a few ideas from cryptography to help circumvent the need for trust, what you end up with is what's called a cryptocurrency. You see Bitcoin is just the first implemented example of a cryptocurrency, and now there are thousands more on exchanges with traditional currencies. Walking the path of inventing your own can help to set the foundations for understanding some of the more recent players in the game, and recognizing when and why there's room for different design choices. In fact, one of the reasons I chose this topic is that in the last year, there's been a huge amount of attention and investment and, well, honestly, hype directed at these currencies. And I'm not going to comment or speculate on the current or future exchange rates, but I think we'd all agree that anyone looking to buy a cryptocurrency should really know what it is. And I don't just mean in terms of analogies with vague connections to gold mining. I mean an actual direct description of what the computers are doing when we send receive and create cryptocurrencies. One thing worth stressing, by the way, is that even though you and I are gonna dig into the details here, and that takes meaningful time, you don't actually need to know those details if you just wanna use the cryptocurrency, just like you don't need to know the details of what happens under the hood when you swipe a credit card. Like any digital payment, there's lots of user-friendly applications that let you just send and receive the currencies without thinking about what's going on. The difference is that the backbone underlying this is not a bank that verifies transactions. Instead, it's a clever system of decentralized trustless verification based on some of the math born in cryptography. But to start, I want you to actually set aside the thought of cryptocurrencies and all that just for a few minutes. We're going to begin the story with something more down to earth, ledgers and digital signatures. If you and your friends exchanged money pretty frequently, you know, paying your share of the dinner bill and such, It can be inconvenient to exchange cash all the time. So you might keep a communal ledger that records all of the payments that you intend to make some point in the future. You know, Alice pays Bob $20, Bob pays Charlie $40, things like that. This ledger is going to be something public and accessible to everyone like a website where anyone can go and just add new lines. And let's say that at the end of every month, you all get together, look at the list of transactions and settle up. If you spent more than you received, you put that money in the pot, and if you received more than you spent, you take that money out. So the protocol for being part of this very simple system might look like this. Anyone can add lines to the ledger, and at the end of every month, you all get together and settle up. Now one problem with a public ledger like this is that anyone can add a line. So what's to prevent Bob from going and writing Alice Pays Bob $100 without Alice approving? How are we supposed to trust that all of these transactions are what the sender meant them to be? Well, this is where the first bit of cryptography comes in. Digital Signatures. Like handwritten signatures, the idea here is that Alice should be able to add something next to that transaction that proves that she has seen it and that she's approved of it. And it should be infeasible for anyone else to forge that signature. At first, it might seem like a digital signature shouldn't even be possible. I mean, whatever data makes up that signature can just be read and copied by a computer. So how do you prevent forgeries? Well the way this works is that everyone generates what's called a public key private key pair, each of which looks like some string of bits. The private key is sometimes also called a secret key so that we can abbreviate it as SK while abbreviating the public key as PK. Now as the name suggests, this secret key, it's something you want to keep to yourself. In the real world, your handwritten signature looks the same no matter what document you're signing. But a digital signature is actually much stronger because it changes for different messages. It looks like some string of ones and zeros, commonly something like 256 bits, and altering the message even slightly completely changes what the signature on that message should look like. Speaking a little more formally, producing a signature involves a function that depends both on the message itself and on your private key. The private key ensures that only you can produce that signature, and the fact that it depends on the message means that no one can just copy one of your signatures and then forge it on another message. Hand in hand with this is a second function used to verify that a signature is valid. And this is where the public key comes into play. All it does is output true or false to indicate if this was a signature produced by the private key associated with the public key that you're using for verification. I won't go into the details of how exactly both these functions work, but the idea is that it should be completely infeasible to find a valid signature if you don't know the secret key. Specifically, there's no strategy better than just guessing and checking random signatures, which you can check using the public key that everyone knows. Now think about how many signatures there are with a length of 256 bits. That's 2 to the power of 256. This is a stupidly large number. To call it astronomically large would be giving way too much credit to astronomy. In fact, I made a supplemental video devoted just to illustrating what a huge number this is. Right here, let's just say that when you verified that a signature against a given message is valid, you can feel extremely confident that the only way someone could have produced it is if they knew the secret key associated with the public key you used for verification. Now making sure that people sign transactions on the ledger is pretty good, but there's one slight loophole. If Alice signs a transaction like Alice pays Bob $100, even though Bob can't forge Alice's signature on a new message, he could just copy that same line as many times as he wants. I mean, that message signature combination remains valid. To get around this, what we do is make it so that when you sign a transaction, the message has to also include some sort of unique ID associated with that transaction. That way, if Alice pays Bob $100 multiple times, each one of those lines on the ledger requires a completely new signature. All right, great. Digital signatures remove a huge aspect of trust in this initial protocol. But even still, if you were to really do this, you would be relying on an honor system of sorts. Namely, you're trusting that everyone will actually follow through and settle up in cash at the end of each month. What if, for example, Charlie racks up thousands of dollars in debt and just refuses to show up? The only real reason to revert back to cash to settle up is if some people, I'm looking at you, Charlie, owe a lot of money. So maybe you have the clever idea that you never actually have to settle up in cash as long as you have some way to prevent people from spending too much more than they take in. Maybe what you do is start by having everyone pay $100 into the pot and then have the first few lines of the ledger read, Alice gets $100, Bob gets $100, Charlie gets $100, etc. Now, just don't accept any transactions where someone is spending more than they already have on that ledger. For example, if the first two transactions are Charlie Pays Alice $50 and Charlie Pays Bob $50, if he were to try to add Charlie Pays U $20, that would be invalid, as invalid as if he had never signed it. Notice this means that verifying a transaction requires knowing the full history of transactions up to that point. And this is more or less also going to be true in cryptocurrencies, though there is a little room for optimization. What's interesting here is that this step removes the connection between the ledger and actual physical US dollars. In theory, if everyone in the world was using this ledger, you could live your whole life just sending and receiving money on this ledger without ever having to convert to real US dollars. In fact, to emphasize this point, let's start referring to the quantities on the ledger as ledger dollars, or LD for short. You are, of course, free to exchange ledger dollars for real US dollars? For example, maybe Alice gives Bob a $10 bill in the real world, in exchange for him adding and signing the transaction, Bob pays Alice $10 ledger dollars to this communal account. Now if you wanted to do this in a cryptographic way, you wouldn't have to worry about exchanging real US dollar bills. Instead you could just use a cryptographically secure way to generate a random number that represents the value of the transaction. And then you could use this random number to compute a signature that would prove that the transaction was legitimate. This signature is generated using a function called a hash function. A hash function takes a message and returns"
"tinyllama","bitcoin_explained","2","2","53","We'll start with you keeping track of payments with your friends using a communal ledger, and then as you start to trust your friends and the world around you less and less, and if you're clever enough to bring in a few ideas from cryptography to help circumvent the need for trust, what you end up with is what's called a cryptocurrency. You see Bitcoin is just the first implemented example of a cryptocurrency, and now there are thousands more on exchanges with traditional currencies. Walking the path of inventing your own can help to set the foundations for understanding some of the more recent players in the game, and recognizing when and why there's room for different design choices. In fact, one of the reasons I chose this topic is that in the last year, there's been a huge amount of attention and investment and, well, honestly, hype directed at these currencies. And I'm not going to comment or speculate on the current or future exchange rates, but I think we'd all agree that anyone looking to buy a cryptocurrency should really know what it is. And I don't just mean in terms of analogies with vague connections to gold mining. I mean an actual direct description of what the computers are doing when we send receive and create cryptocurrencies. One thing worth stressing, by the way, is that even though you and I are gonna dig into the details here, and that takes meaningful time, you don't actually need to know those details if you just wanna use the cryptocurrency, just like you don't need to know the details of what happens under the hood when you swipe a credit card. Like any digital payment, there's lots of user-friendly applications that let you just send and receive the currencies without thinking about what's going on. The difference is that the backbone underlying this is not a bank that verifies transactions. Instead, it's a clever system of decentralized trustless verification based on some of the math born in cryptography. But to start, I want you to actually set aside the thought of cryptocurrencies and all that just for a few minutes. We're going to begin the story with something more down to earth, ledgers and digital signatures. If you and your friends exchanged money pretty frequently, you know, paying your share of the dinner bill and such, It can be inconvenient to exchange cash all the time. So you might keep a communal ledger that records all of the payments that you intend to make some point in the future. You know, Alice pays Bob $20, Bob pays Charlie $40, things like that. This ledger is going to be something public and accessible to everyone like a website where anyone can go and just add new lines. And let's say that at the end of every month, you all get together, look at the list of transactions and settle up. If you spent more than you received, you put that money in the pot, and if you received more than you spent, you take that money out. So the protocol for being part of this very simple system might look like this. Anyone can add lines to the ledger, and at the end of every month, you all get together and settle up. Now one problem with a public ledger like this is that anyone can add a line. So what's to prevent Bob from going and writing Alice Pays Bob $100 without Alice approving? How are we supposed to trust that all of these transactions are what the sender meant them to be? Well, this is where the first bit of cryptography comes in. Digital Signatures. Like handwritten signatures, the idea here is that Alice should be able to add something next to that transaction that proves that she has seen it and that she's approved of it. And it should be infeasible for anyone else to forge that signature. At first, it might seem like a digital signature shouldn't even be possible. I mean, whatever data makes up that signature can just be read and copied by a computer. So how do you prevent forgeries? Well the way this works is that everyone generates what's called a public key private key pair, each of which looks like some string of bits. The private key is sometimes also called a secret key so that we can abbreviate it as SK while abbreviating the public key as PK. Now as the name suggests, this secret key, it's something you want to keep to yourself. In the real world, your handwritten signature looks the same no matter what document you're signing. But a digital signature is actually much stronger because it changes for different messages. It looks like some string of ones and zeros, commonly something like 256 bits, and altering the message even slightly completely changes what the signature on that message should look like. Speaking a little more formally, producing a signature involves a function that depends both on the message itself and on your private key. The private key ensures that only you can produce that signature, and the fact that it depends on the message means that no one can just copy one of your signatures and then forge it on another message. Hand in hand with this is a second function used to verify that a signature is valid. And this is where the public key comes into play. All it does is output true or false to indicate if this was a signature produced by the private key associated with the public key that you're using for verification. I won't go into the details of how exactly both these functions work, but the idea is that it should be completely infeasible to find a valid signature if you don't know the secret key. Specifically, there's no strategy better than just guessing and checking random signatures, which you can check using the public key that everyone knows. Now think about how many signatures there are with a length of 256 bits. That's 2 to the power of 256. This is a stupidly large number. To call it astronomically large would be giving way too much credit to astronomy. In fact, I made a supplemental video devoted just to illustrating what a huge number this is. Right here, let's just say that when you verified that a signature against a given message is valid, you can feel extremely confident that the only way someone could have produced it is if they knew the secret key associated with the public key you used for verification. Now making sure that people sign transactions on the ledger is pretty good, but there's one slight loophole. If Alice signs a transaction like Alice pays Bob $100, even though Bob can't forge Alice's signature on a new message, he could just copy that same line as many times as he wants. I mean, that message signature combination remains valid. To get around this, what we do is make it so that when you sign a transaction, the message has to also include some sort of unique ID associated with that transaction. That way, if Alice pays Bob $100 multiple times, each one of those lines on the ledger requires a completely new signature. All right, great. Digital signatures remove a huge aspect of trust in this initial protocol. But even still, if you were to really do this, you would be relying on an honor system of sorts. Namely, you're trusting that everyone will actually follow through and settle up in cash at the end of each month. What if, for example, Charlie racks up thousands of dollars in debt and just refuses to show up? The only real reason to revert back to cash to settle up is if some people, I'm looking at you, Charlie, owe a lot of money. So maybe you have the clever idea that you never actually have to settle up in cash as long as you have some way to prevent people from spending too much more than they take in. Maybe what you do is start by having everyone pay $100 into the pot and then have the first few lines of the ledger read, Alice gets $100, Bob gets $100, Charlie gets $100, etc. Now, just don't accept any transactions where someone is spending more than they already have on that ledger. For example, if the first two transactions are Charlie Pays Alice $50 and Charlie Pays Bob $50, if he were to try to add Charlie Pays U $20, that would be invalid, as invalid as if he had never signed it. Notice this means that verifying a transaction requires knowing the full history of transactions up to that point. And this is more or less also going to be true in cryptocurrencies, though there is a little room for optimization. What's interesting here is that this step removes the connection between the ledger and actual physical US dollars. In theory, if everyone in the world was using this ledger, you could live your whole life just sending and receiving money on this ledger without ever having to convert to real US dollars. In fact, to emphasize this point, let's start referring to the quantities on the ledger as ledger dollars, or LD for short. You are, of course, free to exchange ledger dollars for real US dollars? For example, maybe Alice gives Bob a $10 bill in the real world, in exchange for him adding and signing the transaction, Bob pays Alice $10 ledger dollars to this communal account. Let's assume that Alice and Bob are both using the same version of the software that we've been discussing. Now if Alice sends Bob $300 in LD, Bob adds and signs the transaction. Then Alice pays herself $3 ledger dollar, and Bob pays himself $3 in LCD. Now let' s say that Bob and Alice have a disagreement over whether or not to pay each other's Ledger Dollars. If they"
"tinyllama","bitcoin_explained","2","3","53","We'll start with you keeping track of payments with your friends using a communal ledger, and then as you start to trust your friends and the world around you less and less, and if you're clever enough to bring in a few ideas from cryptography to help circumvent the need for trust, what you end up with is what's called a cryptocurrency. You see Bitcoin is just the first implemented example of a cryptocurrency, and now there are thousands more on exchanges with traditional currencies. Walking the path of inventing your own can help to set the foundations for understanding some of the more recent players in the game, and recognizing when and why there's room for different design choices. In fact, one of the reasons I chose this topic is that in the last year, there's been a huge amount of attention and investment and, well, honestly, hype directed at these currencies. And I'm not going to comment or speculate on the current or future exchange rates, but I think we'd all agree that anyone looking to buy a cryptocurrency should really know what it is. And I don't just mean in terms of analogies with vague connections to gold mining. I mean an actual direct description of what the computers are doing when we send receive and create cryptocurrencies. One thing worth stressing, by the way, is that even though you and I are gonna dig into the details here, and that takes meaningful time, you don't actually need to know those details if you just wanna use the cryptocurrency, just like you don't need to know the details of what happens under the hood when you swipe a credit card. Like any digital payment, there's lots of user-friendly applications that let you just send and receive the currencies without thinking about what's going on. The difference is that the backbone underlying this is not a bank that verifies transactions. Instead, it's a clever system of decentralized trustless verification based on some of the math born in cryptography. But to start, I want you to actually set aside the thought of cryptocurrencies and all that just for a few minutes. We're going to begin the story with something more down to earth, ledgers and digital signatures. If you and your friends exchanged money pretty frequently, you know, paying your share of the dinner bill and such, It can be inconvenient to exchange cash all the time. So you might keep a communal ledger that records all of the payments that you intend to make some point in the future. You know, Alice pays Bob $20, Bob pays Charlie $40, things like that. This ledger is going to be something public and accessible to everyone like a website where anyone can go and just add new lines. And let's say that at the end of every month, you all get together, look at the list of transactions and settle up. If you spent more than you received, you put that money in the pot, and if you received more than you spent, you take that money out. So the protocol for being part of this very simple system might look like this. Anyone can add lines to the ledger, and at the end of every month, you all get together and settle up. Now one problem with a public ledger like this is that anyone can add a line. So what's to prevent Bob from going and writing Alice Pays Bob $100 without Alice approving? How are we supposed to trust that all of these transactions are what the sender meant them to be? Well, this is where the first bit of cryptography comes in. Digital Signatures. Like handwritten signatures, the idea here is that Alice should be able to add something next to that transaction that proves that she has seen it and that she's approved of it. And it should be infeasible for anyone else to forge that signature. At first, it might seem like a digital signature shouldn't even be possible. I mean, whatever data makes up that signature can just be read and copied by a computer. So how do you prevent forgeries? Well the way this works is that everyone generates what's called a public key private key pair, each of which looks like some string of bits. The private key is sometimes also called a secret key so that we can abbreviate it as SK while abbreviating the public key as PK. Now as the name suggests, this secret key, it's something you want to keep to yourself. In the real world, your handwritten signature looks the same no matter what document you're signing. But a digital signature is actually much stronger because it changes for different messages. It looks like some string of ones and zeros, commonly something like 256 bits, and altering the message even slightly completely changes what the signature on that message should look like. Speaking a little more formally, producing a signature involves a function that depends both on the message itself and on your private key. The private key ensures that only you can produce that signature, and the fact that it depends on the message means that no one can just copy one of your signatures and then forge it on another message. Hand in hand with this is a second function used to verify that a signature is valid. And this is where the public key comes into play. All it does is output true or false to indicate if this was a signature produced by the private key associated with the public key that you're using for verification. I won't go into the details of how exactly both these functions work, but the idea is that it should be completely infeasible to find a valid signature if you don't know the secret key. Specifically, there's no strategy better than just guessing and checking random signatures, which you can check using the public key that everyone knows. Now think about how many signatures there are with a length of 256 bits. That's 2 to the power of 256. This is a stupidly large number. To call it astronomically large would be giving way too much credit to astronomy. In fact, I made a supplemental video devoted just to illustrating what a huge number this is. Right here, let's just say that when you verified that a signature against a given message is valid, you can feel extremely confident that the only way someone could have produced it is if they knew the secret key associated with the public key you used for verification. Now making sure that people sign transactions on the ledger is pretty good, but there's one slight loophole. If Alice signs a transaction like Alice pays Bob $100, even though Bob can't forge Alice's signature on a new message, he could just copy that same line as many times as he wants. I mean, that message signature combination remains valid. To get around this, what we do is make it so that when you sign a transaction, the message has to also include some sort of unique ID associated with that transaction. That way, if Alice pays Bob $100 multiple times, each one of those lines on the ledger requires a completely new signature. All right, great. Digital signatures remove a huge aspect of trust in this initial protocol. But even still, if you were to really do this, you would be relying on an honor system of sorts. Namely, you're trusting that everyone will actually follow through and settle up in cash at the end of each month. What if, for example, Charlie racks up thousands of dollars in debt and just refuses to show up? The only real reason to revert back to cash to settle up is if some people, I'm looking at you, Charlie, owe a lot of money. So maybe you have the clever idea that you never actually have to settle up in cash as long as you have some way to prevent people from spending too much more than they take in. Maybe what you do is start by having everyone pay $100 into the pot and then have the first few lines of the ledger read, Alice gets $100, Bob gets $100, Charlie gets $100, etc. Now, just don't accept any transactions where someone is spending more than they already have on that ledger. For example, if the first two transactions are Charlie Pays Alice $50 and Charlie Pays Bob $50, if he were to try to add Charlie Pays U $20, that would be invalid, as invalid as if he had never signed it. Notice this means that verifying a transaction requires knowing the full history of transactions up to that point. And this is more or less also going to be true in cryptocurrencies, though there is a little room for optimization. What's interesting here is that this step removes the connection between the ledger and actual physical US dollars. In theory, if everyone in the world was using this ledger, you could live your whole life just sending and receiving money on this ledger without ever having to convert to real US dollars. In fact, to emphasize this point, let's start referring to the quantities on the ledger as ledger dollars, or LD for short. You are, of course, free to exchange ledger dollars for real US dollars? For example, maybe Alice gives Bob a $10 bill in the real world, in exchange for him adding and signing the transaction, Bob pays Alice $10 ledger dollars to this communal account. Now this is the kind of thing that could happen in a real-world setting. Let's imagine that Alice and Bob are in a bar and they decide to split a tab. They both have a bunch of ledger dollar transactions on their commons ledger accounts. Alice sends Bob a bunch more ledger transactions, Bob sends Alice more ledgers. Then, one day, they both realize that they accidentally sent each other the wrong amount of ledgers, and they'"
"tinyllama","bitcoin_explained","2","4","53","We'll start with you keeping track of payments with your friends using a communal ledger, and then as you start to trust your friends and the world around you less and less, and if you're clever enough to bring in a few ideas from cryptography to help circumvent the need for trust, what you end up with is what's called a cryptocurrency. You see Bitcoin is just the first implemented example of a cryptocurrency, and now there are thousands more on exchanges with traditional currencies. Walking the path of inventing your own can help to set the foundations for understanding some of the more recent players in the game, and recognizing when and why there's room for different design choices. In fact, one of the reasons I chose this topic is that in the last year, there's been a huge amount of attention and investment and, well, honestly, hype directed at these currencies. And I'm not going to comment or speculate on the current or future exchange rates, but I think we'd all agree that anyone looking to buy a cryptocurrency should really know what it is. And I don't just mean in terms of analogies with vague connections to gold mining. I mean an actual direct description of what the computers are doing when we send receive and create cryptocurrencies. One thing worth stressing, by the way, is that even though you and I are gonna dig into the details here, and that takes meaningful time, you don't actually need to know those details if you just wanna use the cryptocurrency, just like you don't need to know the details of what happens under the hood when you swipe a credit card. Like any digital payment, there's lots of user-friendly applications that let you just send and receive the currencies without thinking about what's going on. The difference is that the backbone underlying this is not a bank that verifies transactions. Instead, it's a clever system of decentralized trustless verification based on some of the math born in cryptography. But to start, I want you to actually set aside the thought of cryptocurrencies and all that just for a few minutes. We're going to begin the story with something more down to earth, ledgers and digital signatures. If you and your friends exchanged money pretty frequently, you know, paying your share of the dinner bill and such, It can be inconvenient to exchange cash all the time. So you might keep a communal ledger that records all of the payments that you intend to make some point in the future. You know, Alice pays Bob $20, Bob pays Charlie $40, things like that. This ledger is going to be something public and accessible to everyone like a website where anyone can go and just add new lines. And let's say that at the end of every month, you all get together, look at the list of transactions and settle up. If you spent more than you received, you put that money in the pot, and if you received more than you spent, you take that money out. So the protocol for being part of this very simple system might look like this. Anyone can add lines to the ledger, and at the end of every month, you all get together and settle up. Now one problem with a public ledger like this is that anyone can add a line. So what's to prevent Bob from going and writing Alice Pays Bob $100 without Alice approving? How are we supposed to trust that all of these transactions are what the sender meant them to be? Well, this is where the first bit of cryptography comes in. Digital Signatures. Like handwritten signatures, the idea here is that Alice should be able to add something next to that transaction that proves that she has seen it and that she's approved of it. And it should be infeasible for anyone else to forge that signature. At first, it might seem like a digital signature shouldn't even be possible. I mean, whatever data makes up that signature can just be read and copied by a computer. So how do you prevent forgeries? Well the way this works is that everyone generates what's called a public key private key pair, each of which looks like some string of bits. The private key is sometimes also called a secret key so that we can abbreviate it as SK while abbreviating the public key as PK. Now as the name suggests, this secret key, it's something you want to keep to yourself. In the real world, your handwritten signature looks the same no matter what document you're signing. But a digital signature is actually much stronger because it changes for different messages. It looks like some string of ones and zeros, commonly something like 256 bits, and altering the message even slightly completely changes what the signature on that message should look like. Speaking a little more formally, producing a signature involves a function that depends both on the message itself and on your private key. The private key ensures that only you can produce that signature, and the fact that it depends on the message means that no one can just copy one of your signatures and then forge it on another message. Hand in hand with this is a second function used to verify that a signature is valid. And this is where the public key comes into play. All it does is output true or false to indicate if this was a signature produced by the private key associated with the public key that you're using for verification. I won't go into the details of how exactly both these functions work, but the idea is that it should be completely infeasible to find a valid signature if you don't know the secret key. Specifically, there's no strategy better than just guessing and checking random signatures, which you can check using the public key that everyone knows. Now think about how many signatures there are with a length of 256 bits. That's 2 to the power of 256. This is a stupidly large number. To call it astronomically large would be giving way too much credit to astronomy. In fact, I made a supplemental video devoted just to illustrating what a huge number this is. Right here, let's just say that when you verified that a signature against a given message is valid, you can feel extremely confident that the only way someone could have produced it is if they knew the secret key associated with the public key you used for verification. Now making sure that people sign transactions on the ledger is pretty good, but there's one slight loophole. If Alice signs a transaction like Alice pays Bob $100, even though Bob can't forge Alice's signature on a new message, he could just copy that same line as many times as he wants. I mean, that message signature combination remains valid. To get around this, what we do is make it so that when you sign a transaction, the message has to also include some sort of unique ID associated with that transaction. That way, if Alice pays Bob $100 multiple times, each one of those lines on the ledger requires a completely new signature. All right, great. Digital signatures remove a huge aspect of trust in this initial protocol. But even still, if you were to really do this, you would be relying on an honor system of sorts. Namely, you're trusting that everyone will actually follow through and settle up in cash at the end of each month. What if, for example, Charlie racks up thousands of dollars in debt and just refuses to show up? The only real reason to revert back to cash to settle up is if some people, I'm looking at you, Charlie, owe a lot of money. So maybe you have the clever idea that you never actually have to settle up in cash as long as you have some way to prevent people from spending too much more than they take in. Maybe what you do is start by having everyone pay $100 into the pot and then have the first few lines of the ledger read, Alice gets $100, Bob gets $100, Charlie gets $100, etc. Now, just don't accept any transactions where someone is spending more than they already have on that ledger. For example, if the first two transactions are Charlie Pays Alice $50 and Charlie Pays Bob $50, if he were to try to add Charlie Pays U $20, that would be invalid, as invalid as if he had never signed it. Notice this means that verifying a transaction requires knowing the full history of transactions up to that point. And this is more or less also going to be true in cryptocurrencies, though there is a little room for optimization. What's interesting here is that this step removes the connection between the ledger and actual physical US dollars. In theory, if everyone in the world was using this ledger, you could live your whole life just sending and receiving money on this ledger without ever having to convert to real US dollars. In fact, to emphasize this point, let's start referring to the quantities on the ledger as ledger dollars, or LD for short. You are, of course, free to exchange ledger dollars for real US dollars? For example, maybe Alice gives Bob a $10 bill in the real world, in exchange for him adding and signing the transaction, Bob pays Alice $10 ledger dollars to this communal account. Now the question becomes, how do we ensure that this process is secure? Well one way to do this is to make sure that no single person controls more than half of the total amount of ledger currency in circulation. And the way to achieve this is by requiring that each transaction must be signed by a minimum number of people. The most common approach is to require that each person who adds a line to the transaction must also sign it. Now this means you have to have a certain"
"tinyllama","bitcoin_explained","2","5","53","We'll start with you keeping track of payments with your friends using a communal ledger, and then as you start to trust your friends and the world around you less and less, and if you're clever enough to bring in a few ideas from cryptography to help circumvent the need for trust, what you end up with is what's called a cryptocurrency. You see Bitcoin is just the first implemented example of a cryptocurrency, and now there are thousands more on exchanges with traditional currencies. Walking the path of inventing your own can help to set the foundations for understanding some of the more recent players in the game, and recognizing when and why there's room for different design choices. In fact, one of the reasons I chose this topic is that in the last year, there's been a huge amount of attention and investment and, well, honestly, hype directed at these currencies. And I'm not going to comment or speculate on the current or future exchange rates, but I think we'd all agree that anyone looking to buy a cryptocurrency should really know what it is. And I don't just mean in terms of analogies with vague connections to gold mining. I mean an actual direct description of what the computers are doing when we send receive and create cryptocurrencies. One thing worth stressing, by the way, is that even though you and I are gonna dig into the details here, and that takes meaningful time, you don't actually need to know those details if you just wanna use the cryptocurrency, just like you don't need to know the details of what happens under the hood when you swipe a credit card. Like any digital payment, there's lots of user-friendly applications that let you just send and receive the currencies without thinking about what's going on. The difference is that the backbone underlying this is not a bank that verifies transactions. Instead, it's a clever system of decentralized trustless verification based on some of the math born in cryptography. But to start, I want you to actually set aside the thought of cryptocurrencies and all that just for a few minutes. We're going to begin the story with something more down to earth, ledgers and digital signatures. If you and your friends exchanged money pretty frequently, you know, paying your share of the dinner bill and such, It can be inconvenient to exchange cash all the time. So you might keep a communal ledger that records all of the payments that you intend to make some point in the future. You know, Alice pays Bob $20, Bob pays Charlie $40, things like that. This ledger is going to be something public and accessible to everyone like a website where anyone can go and just add new lines. And let's say that at the end of every month, you all get together, look at the list of transactions and settle up. If you spent more than you received, you put that money in the pot, and if you received more than you spent, you take that money out. So the protocol for being part of this very simple system might look like this. Anyone can add lines to the ledger, and at the end of every month, you all get together and settle up. Now one problem with a public ledger like this is that anyone can add a line. So what's to prevent Bob from going and writing Alice Pays Bob $100 without Alice approving? How are we supposed to trust that all of these transactions are what the sender meant them to be? Well, this is where the first bit of cryptography comes in. Digital Signatures. Like handwritten signatures, the idea here is that Alice should be able to add something next to that transaction that proves that she has seen it and that she's approved of it. And it should be infeasible for anyone else to forge that signature. At first, it might seem like a digital signature shouldn't even be possible. I mean, whatever data makes up that signature can just be read and copied by a computer. So how do you prevent forgeries? Well the way this works is that everyone generates what's called a public key private key pair, each of which looks like some string of bits. The private key is sometimes also called a secret key so that we can abbreviate it as SK while abbreviating the public key as PK. Now as the name suggests, this secret key, it's something you want to keep to yourself. In the real world, your handwritten signature looks the same no matter what document you're signing. But a digital signature is actually much stronger because it changes for different messages. It looks like some string of ones and zeros, commonly something like 256 bits, and altering the message even slightly completely changes what the signature on that message should look like. Speaking a little more formally, producing a signature involves a function that depends both on the message itself and on your private key. The private key ensures that only you can produce that signature, and the fact that it depends on the message means that no one can just copy one of your signatures and then forge it on another message. Hand in hand with this is a second function used to verify that a signature is valid. And this is where the public key comes into play. All it does is output true or false to indicate if this was a signature produced by the private key associated with the public key that you're using for verification. I won't go into the details of how exactly both these functions work, but the idea is that it should be completely infeasible to find a valid signature if you don't know the secret key. Specifically, there's no strategy better than just guessing and checking random signatures, which you can check using the public key that everyone knows. Now think about how many signatures there are with a length of 256 bits. That's 2 to the power of 256. This is a stupidly large number. To call it astronomically large would be giving way too much credit to astronomy. In fact, I made a supplemental video devoted just to illustrating what a huge number this is. Right here, let's just say that when you verified that a signature against a given message is valid, you can feel extremely confident that the only way someone could have produced it is if they knew the secret key associated with the public key you used for verification. Now making sure that people sign transactions on the ledger is pretty good, but there's one slight loophole. If Alice signs a transaction like Alice pays Bob $100, even though Bob can't forge Alice's signature on a new message, he could just copy that same line as many times as he wants. I mean, that message signature combination remains valid. To get around this, what we do is make it so that when you sign a transaction, the message has to also include some sort of unique ID associated with that transaction. That way, if Alice pays Bob $100 multiple times, each one of those lines on the ledger requires a completely new signature. All right, great. Digital signatures remove a huge aspect of trust in this initial protocol. But even still, if you were to really do this, you would be relying on an honor system of sorts. Namely, you're trusting that everyone will actually follow through and settle up in cash at the end of each month. What if, for example, Charlie racks up thousands of dollars in debt and just refuses to show up? The only real reason to revert back to cash to settle up is if some people, I'm looking at you, Charlie, owe a lot of money. So maybe you have the clever idea that you never actually have to settle up in cash as long as you have some way to prevent people from spending too much more than they take in. Maybe what you do is start by having everyone pay $100 into the pot and then have the first few lines of the ledger read, Alice gets $100, Bob gets $100, Charlie gets $100, etc. Now, just don't accept any transactions where someone is spending more than they already have on that ledger. For example, if the first two transactions are Charlie Pays Alice $50 and Charlie Pays Bob $50, if he were to try to add Charlie Pays U $20, that would be invalid, as invalid as if he had never signed it. Notice this means that verifying a transaction requires knowing the full history of transactions up to that point. And this is more or less also going to be true in cryptocurrencies, though there is a little room for optimization. What's interesting here is that this step removes the connection between the ledger and actual physical US dollars. In theory, if everyone in the world was using this ledger, you could live your whole life just sending and receiving money on this ledger without ever having to convert to real US dollars. In fact, to emphasize this point, let's start referring to the quantities on the ledger as ledger dollars, or LD for short. You are, of course, free to exchange ledger dollars for real US dollars? For example, maybe Alice gives Bob a $10 bill in the real world, in exchange for him adding and signing the transaction, Bob pays Alice $10 ledger dollars to this communal account. Now this is going a little further than just a digital ledger; it'll eventually become a physical ledger too. But for now, we're just going to assume that it'd be easier to just use a physical currency. Now let' s talk about how we've gotten to this point. There's actually a lot more going on in cryptographic systems than just creating a digital signature. There are other techniques that can be used to ensure that nobody"
"tinyllama","bitcoin_explained","2","6","53","We'll start with you keeping track of payments with your friends using a communal ledger, and then as you start to trust your friends and the world around you less and less, and if you're clever enough to bring in a few ideas from cryptography to help circumvent the need for trust, what you end up with is what's called a cryptocurrency. You see Bitcoin is just the first implemented example of a cryptocurrency, and now there are thousands more on exchanges with traditional currencies. Walking the path of inventing your own can help to set the foundations for understanding some of the more recent players in the game, and recognizing when and why there's room for different design choices. In fact, one of the reasons I chose this topic is that in the last year, there's been a huge amount of attention and investment and, well, honestly, hype directed at these currencies. And I'm not going to comment or speculate on the current or future exchange rates, but I think we'd all agree that anyone looking to buy a cryptocurrency should really know what it is. And I don't just mean in terms of analogies with vague connections to gold mining. I mean an actual direct description of what the computers are doing when we send receive and create cryptocurrencies. One thing worth stressing, by the way, is that even though you and I are gonna dig into the details here, and that takes meaningful time, you don't actually need to know those details if you just wanna use the cryptocurrency, just like you don't need to know the details of what happens under the hood when you swipe a credit card. Like any digital payment, there's lots of user-friendly applications that let you just send and receive the currencies without thinking about what's going on. The difference is that the backbone underlying this is not a bank that verifies transactions. Instead, it's a clever system of decentralized trustless verification based on some of the math born in cryptography. But to start, I want you to actually set aside the thought of cryptocurrencies and all that just for a few minutes. We're going to begin the story with something more down to earth, ledgers and digital signatures. If you and your friends exchanged money pretty frequently, you know, paying your share of the dinner bill and such, It can be inconvenient to exchange cash all the time. So you might keep a communal ledger that records all of the payments that you intend to make some point in the future. You know, Alice pays Bob $20, Bob pays Charlie $40, things like that. This ledger is going to be something public and accessible to everyone like a website where anyone can go and just add new lines. And let's say that at the end of every month, you all get together, look at the list of transactions and settle up. If you spent more than you received, you put that money in the pot, and if you received more than you spent, you take that money out. So the protocol for being part of this very simple system might look like this. Anyone can add lines to the ledger, and at the end of every month, you all get together and settle up. Now one problem with a public ledger like this is that anyone can add a line. So what's to prevent Bob from going and writing Alice Pays Bob $100 without Alice approving? How are we supposed to trust that all of these transactions are what the sender meant them to be? Well, this is where the first bit of cryptography comes in. Digital Signatures. Like handwritten signatures, the idea here is that Alice should be able to add something next to that transaction that proves that she has seen it and that she's approved of it. And it should be infeasible for anyone else to forge that signature. At first, it might seem like a digital signature shouldn't even be possible. I mean, whatever data makes up that signature can just be read and copied by a computer. So how do you prevent forgeries? Well the way this works is that everyone generates what's called a public key private key pair, each of which looks like some string of bits. The private key is sometimes also called a secret key so that we can abbreviate it as SK while abbreviating the public key as PK. Now as the name suggests, this secret key, it's something you want to keep to yourself. In the real world, your handwritten signature looks the same no matter what document you're signing. But a digital signature is actually much stronger because it changes for different messages. It looks like some string of ones and zeros, commonly something like 256 bits, and altering the message even slightly completely changes what the signature on that message should look like. Speaking a little more formally, producing a signature involves a function that depends both on the message itself and on your private key. The private key ensures that only you can produce that signature, and the fact that it depends on the message means that no one can just copy one of your signatures and then forge it on another message. Hand in hand with this is a second function used to verify that a signature is valid. And this is where the public key comes into play. All it does is output true or false to indicate if this was a signature produced by the private key associated with the public key that you're using for verification. I won't go into the details of how exactly both these functions work, but the idea is that it should be completely infeasible to find a valid signature if you don't know the secret key. Specifically, there's no strategy better than just guessing and checking random signatures, which you can check using the public key that everyone knows. Now think about how many signatures there are with a length of 256 bits. That's 2 to the power of 256. This is a stupidly large number. To call it astronomically large would be giving way too much credit to astronomy. In fact, I made a supplemental video devoted just to illustrating what a huge number this is. Right here, let's just say that when you verified that a signature against a given message is valid, you can feel extremely confident that the only way someone could have produced it is if they knew the secret key associated with the public key you used for verification. Now making sure that people sign transactions on the ledger is pretty good, but there's one slight loophole. If Alice signs a transaction like Alice pays Bob $100, even though Bob can't forge Alice's signature on a new message, he could just copy that same line as many times as he wants. I mean, that message signature combination remains valid. To get around this, what we do is make it so that when you sign a transaction, the message has to also include some sort of unique ID associated with that transaction. That way, if Alice pays Bob $100 multiple times, each one of those lines on the ledger requires a completely new signature. All right, great. Digital signatures remove a huge aspect of trust in this initial protocol. But even still, if you were to really do this, you would be relying on an honor system of sorts. Namely, you're trusting that everyone will actually follow through and settle up in cash at the end of each month. What if, for example, Charlie racks up thousands of dollars in debt and just refuses to show up? The only real reason to revert back to cash to settle up is if some people, I'm looking at you, Charlie, owe a lot of money. So maybe you have the clever idea that you never actually have to settle up in cash as long as you have some way to prevent people from spending too much more than they take in. Maybe what you do is start by having everyone pay $100 into the pot and then have the first few lines of the ledger read, Alice gets $100, Bob gets $100, Charlie gets $100, etc. Now, just don't accept any transactions where someone is spending more than they already have on that ledger. For example, if the first two transactions are Charlie Pays Alice $50 and Charlie Pays Bob $50, if he were to try to add Charlie Pays U $20, that would be invalid, as invalid as if he had never signed it. Notice this means that verifying a transaction requires knowing the full history of transactions up to that point. And this is more or less also going to be true in cryptocurrencies, though there is a little room for optimization. What's interesting here is that this step removes the connection between the ledger and actual physical US dollars. In theory, if everyone in the world was using this ledger, you could live your whole life just sending and receiving money on this ledger without ever having to convert to real US dollars. In fact, to emphasize this point, let's start referring to the quantities on the ledger as ledger dollars, or LD for short. You are, of course, free to exchange ledger dollars for real US dollars? For example, maybe Alice gives Bob a $10 bill in the real world, in exchange for him adding and signing the transaction, Bob pays Alice $10 ledger dollars to this communal account. Okay, so now let' s talk about how to actually use this ledgers to trade money. There are several ways to do this. One way is to have a central authority, like a bank, manage the ledgers. They would issue new ledger accounts for everyone who wanted to trade, and they would keep track of who owed what to whom. Another way is for people to use their own ledgers, but to store them on a distributed network. This means that instead"
"tinyllama","bitcoin_explained","2","7","53","We'll start with you keeping track of payments with your friends using a communal ledger, and then as you start to trust your friends and the world around you less and less, and if you're clever enough to bring in a few ideas from cryptography to help circumvent the need for trust, what you end up with is what's called a cryptocurrency. You see Bitcoin is just the first implemented example of a cryptocurrency, and now there are thousands more on exchanges with traditional currencies. Walking the path of inventing your own can help to set the foundations for understanding some of the more recent players in the game, and recognizing when and why there's room for different design choices. In fact, one of the reasons I chose this topic is that in the last year, there's been a huge amount of attention and investment and, well, honestly, hype directed at these currencies. And I'm not going to comment or speculate on the current or future exchange rates, but I think we'd all agree that anyone looking to buy a cryptocurrency should really know what it is. And I don't just mean in terms of analogies with vague connections to gold mining. I mean an actual direct description of what the computers are doing when we send receive and create cryptocurrencies. One thing worth stressing, by the way, is that even though you and I are gonna dig into the details here, and that takes meaningful time, you don't actually need to know those details if you just wanna use the cryptocurrency, just like you don't need to know the details of what happens under the hood when you swipe a credit card. Like any digital payment, there's lots of user-friendly applications that let you just send and receive the currencies without thinking about what's going on. The difference is that the backbone underlying this is not a bank that verifies transactions. Instead, it's a clever system of decentralized trustless verification based on some of the math born in cryptography. But to start, I want you to actually set aside the thought of cryptocurrencies and all that just for a few minutes. We're going to begin the story with something more down to earth, ledgers and digital signatures. If you and your friends exchanged money pretty frequently, you know, paying your share of the dinner bill and such, It can be inconvenient to exchange cash all the time. So you might keep a communal ledger that records all of the payments that you intend to make some point in the future. You know, Alice pays Bob $20, Bob pays Charlie $40, things like that. This ledger is going to be something public and accessible to everyone like a website where anyone can go and just add new lines. And let's say that at the end of every month, you all get together, look at the list of transactions and settle up. If you spent more than you received, you put that money in the pot, and if you received more than you spent, you take that money out. So the protocol for being part of this very simple system might look like this. Anyone can add lines to the ledger, and at the end of every month, you all get together and settle up. Now one problem with a public ledger like this is that anyone can add a line. So what's to prevent Bob from going and writing Alice Pays Bob $100 without Alice approving? How are we supposed to trust that all of these transactions are what the sender meant them to be? Well, this is where the first bit of cryptography comes in. Digital Signatures. Like handwritten signatures, the idea here is that Alice should be able to add something next to that transaction that proves that she has seen it and that she's approved of it. And it should be infeasible for anyone else to forge that signature. At first, it might seem like a digital signature shouldn't even be possible. I mean, whatever data makes up that signature can just be read and copied by a computer. So how do you prevent forgeries? Well the way this works is that everyone generates what's called a public key private key pair, each of which looks like some string of bits. The private key is sometimes also called a secret key so that we can abbreviate it as SK while abbreviating the public key as PK. Now as the name suggests, this secret key, it's something you want to keep to yourself. In the real world, your handwritten signature looks the same no matter what document you're signing. But a digital signature is actually much stronger because it changes for different messages. It looks like some string of ones and zeros, commonly something like 256 bits, and altering the message even slightly completely changes what the signature on that message should look like. Speaking a little more formally, producing a signature involves a function that depends both on the message itself and on your private key. The private key ensures that only you can produce that signature, and the fact that it depends on the message means that no one can just copy one of your signatures and then forge it on another message. Hand in hand with this is a second function used to verify that a signature is valid. And this is where the public key comes into play. All it does is output true or false to indicate if this was a signature produced by the private key associated with the public key that you're using for verification. I won't go into the details of how exactly both these functions work, but the idea is that it should be completely infeasible to find a valid signature if you don't know the secret key. Specifically, there's no strategy better than just guessing and checking random signatures, which you can check using the public key that everyone knows. Now think about how many signatures there are with a length of 256 bits. That's 2 to the power of 256. This is a stupidly large number. To call it astronomically large would be giving way too much credit to astronomy. In fact, I made a supplemental video devoted just to illustrating what a huge number this is. Right here, let's just say that when you verified that a signature against a given message is valid, you can feel extremely confident that the only way someone could have produced it is if they knew the secret key associated with the public key you used for verification. Now making sure that people sign transactions on the ledger is pretty good, but there's one slight loophole. If Alice signs a transaction like Alice pays Bob $100, even though Bob can't forge Alice's signature on a new message, he could just copy that same line as many times as he wants. I mean, that message signature combination remains valid. To get around this, what we do is make it so that when you sign a transaction, the message has to also include some sort of unique ID associated with that transaction. That way, if Alice pays Bob $100 multiple times, each one of those lines on the ledger requires a completely new signature. All right, great. Digital signatures remove a huge aspect of trust in this initial protocol. But even still, if you were to really do this, you would be relying on an honor system of sorts. Namely, you're trusting that everyone will actually follow through and settle up in cash at the end of each month. What if, for example, Charlie racks up thousands of dollars in debt and just refuses to show up? The only real reason to revert back to cash to settle up is if some people, I'm looking at you, Charlie, owe a lot of money. So maybe you have the clever idea that you never actually have to settle up in cash as long as you have some way to prevent people from spending too much more than they take in. Maybe what you do is start by having everyone pay $100 into the pot and then have the first few lines of the ledger read, Alice gets $100, Bob gets $100, Charlie gets $100, etc. Now, just don't accept any transactions where someone is spending more than they already have on that ledger. For example, if the first two transactions are Charlie Pays Alice $50 and Charlie Pays Bob $50, if he were to try to add Charlie Pays U $20, that would be invalid, as invalid as if he had never signed it. Notice this means that verifying a transaction requires knowing the full history of transactions up to that point. And this is more or less also going to be true in cryptocurrencies, though there is a little room for optimization. What's interesting here is that this step removes the connection between the ledger and actual physical US dollars. In theory, if everyone in the world was using this ledger, you could live your whole life just sending and receiving money on this ledger without ever having to convert to real US dollars. In fact, to emphasize this point, let's start referring to the quantities on the ledger as ledger dollars, or LD for short. You are, of course, free to exchange ledger dollars for real US dollars? For example, maybe Alice gives Bob a $10 bill in the real world, in exchange for him adding and signing the transaction, Bob pays Alice $10 ledger dollars to this communal account. If Bob wanted to spend that $1, he would just take out the $1 ledger dollar from his wallet and give it to Alice. Or maybe Alice gave Bob a bunch of LD, and Bob spent them all on the internet. Or, perhaps, Alice and Bob decided to split up their LD and trade them off to other people. The point is that ledgers don' t necessarily have to be tied to physical currency. They can be anything you want them"
"tinyllama","bitcoin_explained","2","8","53","We'll start with you keeping track of payments with your friends using a communal ledger, and then as you start to trust your friends and the world around you less and less, and if you're clever enough to bring in a few ideas from cryptography to help circumvent the need for trust, what you end up with is what's called a cryptocurrency. You see Bitcoin is just the first implemented example of a cryptocurrency, and now there are thousands more on exchanges with traditional currencies. Walking the path of inventing your own can help to set the foundations for understanding some of the more recent players in the game, and recognizing when and why there's room for different design choices. In fact, one of the reasons I chose this topic is that in the last year, there's been a huge amount of attention and investment and, well, honestly, hype directed at these currencies. And I'm not going to comment or speculate on the current or future exchange rates, but I think we'd all agree that anyone looking to buy a cryptocurrency should really know what it is. And I don't just mean in terms of analogies with vague connections to gold mining. I mean an actual direct description of what the computers are doing when we send receive and create cryptocurrencies. One thing worth stressing, by the way, is that even though you and I are gonna dig into the details here, and that takes meaningful time, you don't actually need to know those details if you just wanna use the cryptocurrency, just like you don't need to know the details of what happens under the hood when you swipe a credit card. Like any digital payment, there's lots of user-friendly applications that let you just send and receive the currencies without thinking about what's going on. The difference is that the backbone underlying this is not a bank that verifies transactions. Instead, it's a clever system of decentralized trustless verification based on some of the math born in cryptography. But to start, I want you to actually set aside the thought of cryptocurrencies and all that just for a few minutes. We're going to begin the story with something more down to earth, ledgers and digital signatures. If you and your friends exchanged money pretty frequently, you know, paying your share of the dinner bill and such, It can be inconvenient to exchange cash all the time. So you might keep a communal ledger that records all of the payments that you intend to make some point in the future. You know, Alice pays Bob $20, Bob pays Charlie $40, things like that. This ledger is going to be something public and accessible to everyone like a website where anyone can go and just add new lines. And let's say that at the end of every month, you all get together, look at the list of transactions and settle up. If you spent more than you received, you put that money in the pot, and if you received more than you spent, you take that money out. So the protocol for being part of this very simple system might look like this. Anyone can add lines to the ledger, and at the end of every month, you all get together and settle up. Now one problem with a public ledger like this is that anyone can add a line. So what's to prevent Bob from going and writing Alice Pays Bob $100 without Alice approving? How are we supposed to trust that all of these transactions are what the sender meant them to be? Well, this is where the first bit of cryptography comes in. Digital Signatures. Like handwritten signatures, the idea here is that Alice should be able to add something next to that transaction that proves that she has seen it and that she's approved of it. And it should be infeasible for anyone else to forge that signature. At first, it might seem like a digital signature shouldn't even be possible. I mean, whatever data makes up that signature can just be read and copied by a computer. So how do you prevent forgeries? Well the way this works is that everyone generates what's called a public key private key pair, each of which looks like some string of bits. The private key is sometimes also called a secret key so that we can abbreviate it as SK while abbreviating the public key as PK. Now as the name suggests, this secret key, it's something you want to keep to yourself. In the real world, your handwritten signature looks the same no matter what document you're signing. But a digital signature is actually much stronger because it changes for different messages. It looks like some string of ones and zeros, commonly something like 256 bits, and altering the message even slightly completely changes what the signature on that message should look like. Speaking a little more formally, producing a signature involves a function that depends both on the message itself and on your private key. The private key ensures that only you can produce that signature, and the fact that it depends on the message means that no one can just copy one of your signatures and then forge it on another message. Hand in hand with this is a second function used to verify that a signature is valid. And this is where the public key comes into play. All it does is output true or false to indicate if this was a signature produced by the private key associated with the public key that you're using for verification. I won't go into the details of how exactly both these functions work, but the idea is that it should be completely infeasible to find a valid signature if you don't know the secret key. Specifically, there's no strategy better than just guessing and checking random signatures, which you can check using the public key that everyone knows. Now think about how many signatures there are with a length of 256 bits. That's 2 to the power of 256. This is a stupidly large number. To call it astronomically large would be giving way too much credit to astronomy. In fact, I made a supplemental video devoted just to illustrating what a huge number this is. Right here, let's just say that when you verified that a signature against a given message is valid, you can feel extremely confident that the only way someone could have produced it is if they knew the secret key associated with the public key you used for verification. Now making sure that people sign transactions on the ledger is pretty good, but there's one slight loophole. If Alice signs a transaction like Alice pays Bob $100, even though Bob can't forge Alice's signature on a new message, he could just copy that same line as many times as he wants. I mean, that message signature combination remains valid. To get around this, what we do is make it so that when you sign a transaction, the message has to also include some sort of unique ID associated with that transaction. That way, if Alice pays Bob $100 multiple times, each one of those lines on the ledger requires a completely new signature. All right, great. Digital signatures remove a huge aspect of trust in this initial protocol. But even still, if you were to really do this, you would be relying on an honor system of sorts. Namely, you're trusting that everyone will actually follow through and settle up in cash at the end of each month. What if, for example, Charlie racks up thousands of dollars in debt and just refuses to show up? The only real reason to revert back to cash to settle up is if some people, I'm looking at you, Charlie, owe a lot of money. So maybe you have the clever idea that you never actually have to settle up in cash as long as you have some way to prevent people from spending too much more than they take in. Maybe what you do is start by having everyone pay $100 into the pot and then have the first few lines of the ledger read, Alice gets $100, Bob gets $100, Charlie gets $100, etc. Now, just don't accept any transactions where someone is spending more than they already have on that ledger. For example, if the first two transactions are Charlie Pays Alice $50 and Charlie Pays Bob $50, if he were to try to add Charlie Pays U $20, that would be invalid, as invalid as if he had never signed it. Notice this means that verifying a transaction requires knowing the full history of transactions up to that point. And this is more or less also going to be true in cryptocurrencies, though there is a little room for optimization. What's interesting here is that this step removes the connection between the ledger and actual physical US dollars. In theory, if everyone in the world was using this ledger, you could live your whole life just sending and receiving money on this ledger without ever having to convert to real US dollars. In fact, to emphasize this point, let's start referring to the quantities on the ledger as ledger dollars, or LD for short. You are, of course, free to exchange ledger dollars for real US dollars? For example, maybe Alice gives Bob a $10 bill in the real world, in exchange for him adding and signing the transaction, Bob pays Alice $10 ledger dollars to this communal account. Let's also assume that there're some rules about how you can spend ledger dollar amounts. For instance, you may not be able spend more than your balance in ledger money, or you may only be able withdraw a certain amount per day. These rules are designed to prevent fraud, but they're also designed to ensure that the ledgers stay balanced over time. Now let' s talk about how this all fits together. When you've got"
"tinyllama","bitcoin_explained","2","9","53","We'll start with you keeping track of payments with your friends using a communal ledger, and then as you start to trust your friends and the world around you less and less, and if you're clever enough to bring in a few ideas from cryptography to help circumvent the need for trust, what you end up with is what's called a cryptocurrency. You see Bitcoin is just the first implemented example of a cryptocurrency, and now there are thousands more on exchanges with traditional currencies. Walking the path of inventing your own can help to set the foundations for understanding some of the more recent players in the game, and recognizing when and why there's room for different design choices. In fact, one of the reasons I chose this topic is that in the last year, there's been a huge amount of attention and investment and, well, honestly, hype directed at these currencies. And I'm not going to comment or speculate on the current or future exchange rates, but I think we'd all agree that anyone looking to buy a cryptocurrency should really know what it is. And I don't just mean in terms of analogies with vague connections to gold mining. I mean an actual direct description of what the computers are doing when we send receive and create cryptocurrencies. One thing worth stressing, by the way, is that even though you and I are gonna dig into the details here, and that takes meaningful time, you don't actually need to know those details if you just wanna use the cryptocurrency, just like you don't need to know the details of what happens under the hood when you swipe a credit card. Like any digital payment, there's lots of user-friendly applications that let you just send and receive the currencies without thinking about what's going on. The difference is that the backbone underlying this is not a bank that verifies transactions. Instead, it's a clever system of decentralized trustless verification based on some of the math born in cryptography. But to start, I want you to actually set aside the thought of cryptocurrencies and all that just for a few minutes. We're going to begin the story with something more down to earth, ledgers and digital signatures. If you and your friends exchanged money pretty frequently, you know, paying your share of the dinner bill and such, It can be inconvenient to exchange cash all the time. So you might keep a communal ledger that records all of the payments that you intend to make some point in the future. You know, Alice pays Bob $20, Bob pays Charlie $40, things like that. This ledger is going to be something public and accessible to everyone like a website where anyone can go and just add new lines. And let's say that at the end of every month, you all get together, look at the list of transactions and settle up. If you spent more than you received, you put that money in the pot, and if you received more than you spent, you take that money out. So the protocol for being part of this very simple system might look like this. Anyone can add lines to the ledger, and at the end of every month, you all get together and settle up. Now one problem with a public ledger like this is that anyone can add a line. So what's to prevent Bob from going and writing Alice Pays Bob $100 without Alice approving? How are we supposed to trust that all of these transactions are what the sender meant them to be? Well, this is where the first bit of cryptography comes in. Digital Signatures. Like handwritten signatures, the idea here is that Alice should be able to add something next to that transaction that proves that she has seen it and that she's approved of it. And it should be infeasible for anyone else to forge that signature. At first, it might seem like a digital signature shouldn't even be possible. I mean, whatever data makes up that signature can just be read and copied by a computer. So how do you prevent forgeries? Well the way this works is that everyone generates what's called a public key private key pair, each of which looks like some string of bits. The private key is sometimes also called a secret key so that we can abbreviate it as SK while abbreviating the public key as PK. Now as the name suggests, this secret key, it's something you want to keep to yourself. In the real world, your handwritten signature looks the same no matter what document you're signing. But a digital signature is actually much stronger because it changes for different messages. It looks like some string of ones and zeros, commonly something like 256 bits, and altering the message even slightly completely changes what the signature on that message should look like. Speaking a little more formally, producing a signature involves a function that depends both on the message itself and on your private key. The private key ensures that only you can produce that signature, and the fact that it depends on the message means that no one can just copy one of your signatures and then forge it on another message. Hand in hand with this is a second function used to verify that a signature is valid. And this is where the public key comes into play. All it does is output true or false to indicate if this was a signature produced by the private key associated with the public key that you're using for verification. I won't go into the details of how exactly both these functions work, but the idea is that it should be completely infeasible to find a valid signature if you don't know the secret key. Specifically, there's no strategy better than just guessing and checking random signatures, which you can check using the public key that everyone knows. Now think about how many signatures there are with a length of 256 bits. That's 2 to the power of 256. This is a stupidly large number. To call it astronomically large would be giving way too much credit to astronomy. In fact, I made a supplemental video devoted just to illustrating what a huge number this is. Right here, let's just say that when you verified that a signature against a given message is valid, you can feel extremely confident that the only way someone could have produced it is if they knew the secret key associated with the public key you used for verification. Now making sure that people sign transactions on the ledger is pretty good, but there's one slight loophole. If Alice signs a transaction like Alice pays Bob $100, even though Bob can't forge Alice's signature on a new message, he could just copy that same line as many times as he wants. I mean, that message signature combination remains valid. To get around this, what we do is make it so that when you sign a transaction, the message has to also include some sort of unique ID associated with that transaction. That way, if Alice pays Bob $100 multiple times, each one of those lines on the ledger requires a completely new signature. All right, great. Digital signatures remove a huge aspect of trust in this initial protocol. But even still, if you were to really do this, you would be relying on an honor system of sorts. Namely, you're trusting that everyone will actually follow through and settle up in cash at the end of each month. What if, for example, Charlie racks up thousands of dollars in debt and just refuses to show up? The only real reason to revert back to cash to settle up is if some people, I'm looking at you, Charlie, owe a lot of money. So maybe you have the clever idea that you never actually have to settle up in cash as long as you have some way to prevent people from spending too much more than they take in. Maybe what you do is start by having everyone pay $100 into the pot and then have the first few lines of the ledger read, Alice gets $100, Bob gets $100, Charlie gets $100, etc. Now, just don't accept any transactions where someone is spending more than they already have on that ledger. For example, if the first two transactions are Charlie Pays Alice $50 and Charlie Pays Bob $50, if he were to try to add Charlie Pays U $20, that would be invalid, as invalid as if he had never signed it. Notice this means that verifying a transaction requires knowing the full history of transactions up to that point. And this is more or less also going to be true in cryptocurrencies, though there is a little room for optimization. What's interesting here is that this step removes the connection between the ledger and actual physical US dollars. In theory, if everyone in the world was using this ledger, you could live your whole life just sending and receiving money on this ledger without ever having to convert to real US dollars. In fact, to emphasize this point, let's start referring to the quantities on the ledger as ledger dollars, or LD for short. You are, of course, free to exchange ledger dollars for real US dollars? For example, maybe Alice gives Bob a $10 bill in the real world, in exchange for him adding and signing the transaction, Bob pays Alice $10 ledger dollars to this communal account. Okay, so now we've established that ledgers are a great tool for managing money, but what about other types of transactions? Let's talk about loans. Loans are a classic example of how a ledger can be useful for managers of capital. Suppose you have a business that needs funding, and you've got a bunch of potential investors who are interested in lending you some money. You could either use a bank to arrange a loan"
"tinyllama","bitcoin_explained","2","10","53","We'll start with you keeping track of payments with your friends using a communal ledger, and then as you start to trust your friends and the world around you less and less, and if you're clever enough to bring in a few ideas from cryptography to help circumvent the need for trust, what you end up with is what's called a cryptocurrency. You see Bitcoin is just the first implemented example of a cryptocurrency, and now there are thousands more on exchanges with traditional currencies. Walking the path of inventing your own can help to set the foundations for understanding some of the more recent players in the game, and recognizing when and why there's room for different design choices. In fact, one of the reasons I chose this topic is that in the last year, there's been a huge amount of attention and investment and, well, honestly, hype directed at these currencies. And I'm not going to comment or speculate on the current or future exchange rates, but I think we'd all agree that anyone looking to buy a cryptocurrency should really know what it is. And I don't just mean in terms of analogies with vague connections to gold mining. I mean an actual direct description of what the computers are doing when we send receive and create cryptocurrencies. One thing worth stressing, by the way, is that even though you and I are gonna dig into the details here, and that takes meaningful time, you don't actually need to know those details if you just wanna use the cryptocurrency, just like you don't need to know the details of what happens under the hood when you swipe a credit card. Like any digital payment, there's lots of user-friendly applications that let you just send and receive the currencies without thinking about what's going on. The difference is that the backbone underlying this is not a bank that verifies transactions. Instead, it's a clever system of decentralized trustless verification based on some of the math born in cryptography. But to start, I want you to actually set aside the thought of cryptocurrencies and all that just for a few minutes. We're going to begin the story with something more down to earth, ledgers and digital signatures. If you and your friends exchanged money pretty frequently, you know, paying your share of the dinner bill and such, It can be inconvenient to exchange cash all the time. So you might keep a communal ledger that records all of the payments that you intend to make some point in the future. You know, Alice pays Bob $20, Bob pays Charlie $40, things like that. This ledger is going to be something public and accessible to everyone like a website where anyone can go and just add new lines. And let's say that at the end of every month, you all get together, look at the list of transactions and settle up. If you spent more than you received, you put that money in the pot, and if you received more than you spent, you take that money out. So the protocol for being part of this very simple system might look like this. Anyone can add lines to the ledger, and at the end of every month, you all get together and settle up. Now one problem with a public ledger like this is that anyone can add a line. So what's to prevent Bob from going and writing Alice Pays Bob $100 without Alice approving? How are we supposed to trust that all of these transactions are what the sender meant them to be? Well, this is where the first bit of cryptography comes in. Digital Signatures. Like handwritten signatures, the idea here is that Alice should be able to add something next to that transaction that proves that she has seen it and that she's approved of it. And it should be infeasible for anyone else to forge that signature. At first, it might seem like a digital signature shouldn't even be possible. I mean, whatever data makes up that signature can just be read and copied by a computer. So how do you prevent forgeries? Well the way this works is that everyone generates what's called a public key private key pair, each of which looks like some string of bits. The private key is sometimes also called a secret key so that we can abbreviate it as SK while abbreviating the public key as PK. Now as the name suggests, this secret key, it's something you want to keep to yourself. In the real world, your handwritten signature looks the same no matter what document you're signing. But a digital signature is actually much stronger because it changes for different messages. It looks like some string of ones and zeros, commonly something like 256 bits, and altering the message even slightly completely changes what the signature on that message should look like. Speaking a little more formally, producing a signature involves a function that depends both on the message itself and on your private key. The private key ensures that only you can produce that signature, and the fact that it depends on the message means that no one can just copy one of your signatures and then forge it on another message. Hand in hand with this is a second function used to verify that a signature is valid. And this is where the public key comes into play. All it does is output true or false to indicate if this was a signature produced by the private key associated with the public key that you're using for verification. I won't go into the details of how exactly both these functions work, but the idea is that it should be completely infeasible to find a valid signature if you don't know the secret key. Specifically, there's no strategy better than just guessing and checking random signatures, which you can check using the public key that everyone knows. Now think about how many signatures there are with a length of 256 bits. That's 2 to the power of 256. This is a stupidly large number. To call it astronomically large would be giving way too much credit to astronomy. In fact, I made a supplemental video devoted just to illustrating what a huge number this is. Right here, let's just say that when you verified that a signature against a given message is valid, you can feel extremely confident that the only way someone could have produced it is if they knew the secret key associated with the public key you used for verification. Now making sure that people sign transactions on the ledger is pretty good, but there's one slight loophole. If Alice signs a transaction like Alice pays Bob $100, even though Bob can't forge Alice's signature on a new message, he could just copy that same line as many times as he wants. I mean, that message signature combination remains valid. To get around this, what we do is make it so that when you sign a transaction, the message has to also include some sort of unique ID associated with that transaction. That way, if Alice pays Bob $100 multiple times, each one of those lines on the ledger requires a completely new signature. All right, great. Digital signatures remove a huge aspect of trust in this initial protocol. But even still, if you were to really do this, you would be relying on an honor system of sorts. Namely, you're trusting that everyone will actually follow through and settle up in cash at the end of each month. What if, for example, Charlie racks up thousands of dollars in debt and just refuses to show up? The only real reason to revert back to cash to settle up is if some people, I'm looking at you, Charlie, owe a lot of money. So maybe you have the clever idea that you never actually have to settle up in cash as long as you have some way to prevent people from spending too much more than they take in. Maybe what you do is start by having everyone pay $100 into the pot and then have the first few lines of the ledger read, Alice gets $100, Bob gets $100, Charlie gets $100, etc. Now, just don't accept any transactions where someone is spending more than they already have on that ledger. For example, if the first two transactions are Charlie Pays Alice $50 and Charlie Pays Bob $50, if he were to try to add Charlie Pays U $20, that would be invalid, as invalid as if he had never signed it. Notice this means that verifying a transaction requires knowing the full history of transactions up to that point. And this is more or less also going to be true in cryptocurrencies, though there is a little room for optimization. What's interesting here is that this step removes the connection between the ledger and actual physical US dollars. In theory, if everyone in the world was using this ledger, you could live your whole life just sending and receiving money on this ledger without ever having to convert to real US dollars. In fact, to emphasize this point, let's start referring to the quantities on the ledger as ledger dollars, or LD for short. You are, of course, free to exchange ledger dollars for real US dollars? For example, maybe Alice gives Bob a $10 bill in the real world, in exchange for him adding and signing the transaction, Bob pays Alice $10 ledger dollars to this communal account. Then, if Bob needs to spend more than he took in, he can simply withdraw the extra ledger dollar from his account and put it on the next transaction. And if Alice needs to pay Bob, she can simply add the extra $1 ledger currency to her account and transfer it to Bob's account. This means that you can trade Ledger Dollars for Ledger Cash, and vice versa. Now let me ask you a question. Can you summar"
"tinyllama","bitcoin_explained","3","1","845","Sures that the chain is trustworthily maintained and how it prevents fraud. - Explain how the block rewards and the length of the chain affect the overall value of BitCoins. - Discuss the current state of the distributed ledgers system and how the recent Bitcointalk hack affected the system. - Sum"
"tinyllama","bitcoin_explained","3","2","845","Wer cryptocoins that use a similar system but have different block times and block rewards"
"tinyllama","bitcoin_explained","3","3","845","Of finding a special hash number that starts with zero. - Discuss the importance of trusting a new hash generated by a long chain over a short chain. - Explain how the proof-of-work mechanism ensures that the chain remains valid and secure. - Outline the process for verifying a transaction and discuss how it rel"
"tinyllama","bitcoin_explained","3","4","845","Summarize the core principles of the BitCoin protocol, including the use of proof of Work and the need for a distributed ledge system"
"tinyllama","bitcoin_explained","3","5","845","Summarize the core concept of proof of labor, including its relevance to the BitCoin protocol and how it differs from traditional cryptography"
"tinyllama","bitcoin_explained","3","6","845","R cryptos with different block times and block rewards. - Discuss the importance of trusting a new chain over a shorter one and how this affects the overall system. - Explain how the proof-of-work method ensures that the system is secure and avoids the issue of brute force attacks"
"tinyllama","bitcoin_explained","3","7","845","Protocol and how long it takes to find the next block. - Discuss the benefits and drawbacks of the Bit-coin system compared to other cryptos. - Provide an example of how the system works in practice"
"tinyllama","bitcoin_explained","3","8","845","Summarize the core concept of the BitCoin protocol, including the proof-of-work process and the use of a distributed ledge system"
"tinyllama","bitcoin_explained","3","9","845","Llenges faced by mining and how they affect the block time. - Outline the process of creating a new BitCoIN block and describe the role of proof of Work. - Provide an explanation of the concept of mining in the context of the system. - Summarizing the main points of the lecture"
"tinyllama","bitcoin_explained","3","10","845","Summarize the core concept of the distributed ledgers used in cryptocurrency systems, including the use of proof of labor and the importance of decentralization"
"tinyllama","bitcoin_explained","4","1","1357","What Is Cryptocurrency?"
"tinyllama","bitcoin_explained","4","2","1357","Understanding Cryptocurrency - A Basic Introduction"
"tinyllama","bitcoin_explained","4","3","1357","Introduction to Cryptography"
"tinyllama","bitcoin_explained","4","4","1357","Introduction to Cryptocurrency"
"tinyllama","bitcoin_explained","4","5","1357","Introduction to Cryptocurrency"
"tinyllama","bitcoin_explained","4","6","1357","What Is Cryptocurrency?"
"tinyllama","bitcoin_explained","4","7","1357","What Is Cryptocurrency?"
"tinyllama","bitcoin_explained","4","8","1357","Introduction to Blockchain"
"tinyllama","bitcoin_explained","4","9","1357","Introduction to Cryptocurrency"
"tinyllama","bitcoin_explained","4","10","1357","Introduction to Cryptocurrency"
