"model","video","segment","title_number","start","generated_title"
"mistral-7b-v0.3","compute_pi","1","1","0","Quantum Computing's Hidden Link to Pi via Block Collisions"
"mistral-7b-v0.3","compute_pi","1","2","0","Harnessing Block Collisions to Uncover Quantum Connections"
"mistral-7b-v0.3","compute_pi","1","3","0","Harnessing Block Collisions for Quantum Computing & Pi Mysteries"
"mistral-7b-v0.3","compute_pi","1","4","0","Quantum Computing's Hidden Link to Pi via Block Collisions"
"mistral-7b-v0.3","compute_pi","1","5","0","Quantum Pi: Block Collisions & Grover’s Algorithm"
"mistral-7b-v0.3","compute_pi","1","6","0","Quantum Pi: Unraveling Block Collision Secrets"
"mistral-7b-v0.3","compute_pi","1","7","0","Quantum Computing's Hidden Link to Pi via Block Collision"
"mistral-7b-v0.3","compute_pi","1","8","0","Unraveling Quantum Connections in Block Collision Pi Calculation"
"mistral-7b-v0.3","compute_pi","1","9","0","Quantum Computing's Hidden Link to Pi via Block Collisions"
"mistral-7b-v0.3","compute_pi","1","10","0","Harnessing Block Collisions to Uncover Quantum Pi Secrets"
"mistral-7b-v0.3","compute_pi","2","1","127","Pie-Like Collision Counts in Idealized Universe"
"mistral-7b-v0.3","compute_pi","2","2","127","The Pie-Like Pattern of Cosmic Collisions"
"mistral-7b-v0.3","compute_pi","2","3","127","Pie-Like Collision Counts: A Classical Physics Puzzle"
"mistral-7b-v0.3","compute_pi","2","4","127","Idealized Cosmic Collisions Yield Pi-Like Counts"
"mistral-7b-v0.3","compute_pi","2","5","127","The Pie-Like Pattern of Cosmic Collisions"
"mistral-7b-v0.3","compute_pi","2","6","127","Pie-Like Collision Counts in Idealized Universe"
"mistral-7b-v0.3","compute_pi","2","7","127","Idealized Cosmic Collisions Yield Pi's Digits"
"mistral-7b-v0.3","compute_pi","2","8","127","Pie-Like Collision Counts in Idealized Cosmic Puzzles"
"mistral-7b-v0.3","compute_pi","2","9","127","Pie-like Puzzle: Idealized Collision Counts"
"mistral-7b-v0.3","compute_pi","2","10","127","The Pie-Like Puzzle of Cosmic Collisions"
"mistral-7b-v0.3","compute_pi","3","1","232","Unraveling Quantum Puzzle's Pi Connection"
"mistral-7b-v0.3","compute_pi","3","2","232","Unraveling Quantum Puzzle: Block Collision &"
"mistral-7b-v0.3","compute_pi","3","3","232","Quantum Puzzle & Pi: A Hidden Connection"
"mistral-7b-v0.3","compute_pi","3","4","232","Quantum Puzzle Unveils Quantum Computing Secrets"
"mistral-7b-v0.3","compute_pi","3","5","232","Quantum Puzzle Unveiled: Decoding Collision Count &"
"mistral-7b-v0.3","compute_pi","3","6","232","Quantum Puzzle & Pi: Unveiling Hidden Connections"
"mistral-7b-v0.3","compute_pi","3","7","232","Quantum Puzzle & Pi: Unraveling the Connection"
"mistral-7b-v0.3","compute_pi","3","8","232","Quantum Puzzle Unveiled: A Quantum Leap to Understanding"
"mistral-7b-v0.3","compute_pi","3","9","232","Quantum Puzzle & Pi: Unraveling the Connection"
"mistral-7b-v0.3","compute_pi","3","10","232","Quantum Puzzle Unveils Quantum Computing Mysteries"
"mistral-7b-v0.3","compute_pi","4","1","331","What makes this puzzle great, aside from the surprising pie, of course, is how well poised it is to be a general problem solving lesson. Very often when I present this as a lecture, I like to start by inviting the audience to begin by listing out a few general problem solving principles. You might enjoy thinking of a few of your own, and as we go through, I'll highlight a couple that I have written down here. For example, one that's seemingly trivial but surprisingly useful is that if you're stuck on a hard problem, and I would consider this a hard problem, It never hurts to just list any equations or theorems that might somehow be relevant. So for this puzzle where we have some colliding blocks, two relevant laws that might come to mind, especially if you have a recent physics class somewhere in your history, would be the conservation of energy and the conservation of momentum. The energy of one of these moving blocks would be one-half times its mass times its velocity squared. So let's say we call the mass of the big block M1 and call its velocity V1. And likewise the mass of that little block will be M2 and its ever-changing velocity will be V2. Then the total kinetic energy between these two blocks is what you get by plugging in the numbers and adding these two quantities. The conservation of energy essentially says this number won't change throughout the experiment. Those two velocities will change, but they have to do so in such a way that this whole expression equals the same number. This is all, of course, assuming that no energy is lost to friction or to the collisions. The other quantity that's conserved is momentum. And the momentum for each block looks even simpler. It's just its mass times its velocity. So again, when you plug in the numbers and you compute this expression, you'll get something. And what the conservation of momentum tells us is that whatever that number is, it doesn't change even after the blocks collide with each other. Now, unlike energy, this momentum expression will actually change after that little block collides against the wall. Because really what's going on is it's transferring some of its momentum into that wall. Technically speaking, that should mean the wall starts moving a tiny amount. But again, we'll be idealistic and assume the wall is supermassive or fixed into the earth, and any movement that it has is negligible. Another principle I have up here is to just draw pictures. When you're trying to figure something out, actually make some figures. Visual intuition can help to think about things in different ways, and sometimes staring at the right diagram can expose a solution. So in this context, where the two values that are changing are v1 and v2, you might be inspired to draw a coordinate plane, where the x coordinate encodes this value v1, and the y coordinate encodes this value v2. Just to be crystal clear on what I mean by that, as the experiment unfolds and the blocks collide with each other and their two velocities change with each collision, this little point inside our space is going to move around that space as those two velocities change. Always doing so in such a way that it's coordinates tell you what v1 and v2 are. The hope is that as the whole experiment unfolds, and we consider how exactly this point bounces around this slightly abstract velocity space, studying the path of that point can maybe yield insights about the underlying dynamics for the blocks. Even though we're just getting warmed up, this really is the key step in our whole problem solving process. And it's a pretty common thing to do throughout physics, where if you have some dynamical situation with multiple numbers that are changing, when you package all those numbers together as a single point in a higher dimensional space, studying how that point moves through the space has a way of clarifying the whole problem. You could call this a state space, and this particular state space for us holds within it the key connection to the quantum computing parallel that we're going to be building up to. Now, in the context of this abstract velocity space, take a moment to think about what this conservation of energy equation is really telling us. When you take some number times x squared plus some number times y squared and set it equal to a constant, this is the equation for an ellipse. Our specific ellipse will be more squished in the x direction since that number sitting in front of x is larger than the number sitting in front of y, and the size of the ellipse will depend on the total energy of the system. And this comes from what the initial velocity of that big block was. And interestingly, I never told you that velocity. It doesn't actually change the final answer. Whether it comes in fast or it comes in slow, you get the same total number of collisions, the experiment just unfolds more quickly or more slowly. As our experiment unfolds and that pair of velocities changes, it always does so in such a way that this point inside our state space stays constrained to this ellipse. If it landed anywhere else, it would mean energy was not conserved. Another principle I want to bring up here is how math and math adjacent fields tend to reward you when you respect their symmetries. And in this case, we already know that pi is going to be somehow relevant to the answer, and pi has everything to do with circles, relating distances around the circumference of that circle to the radius. So on our hunt for pi, it's tantalizingly close to be working with an ellipse like this, and you might feel like it would be all the more natural and maybe more promising if this was instead a circle. Now we can actually make this into a circle just by changing what the coordinates of that state space represent. Here's what I mean by that. The equation for a circle looks like x squared plus y squared equals some constant without any numbers sitting in front of those variables. If I let x not represent v1, but I let it represent the square root of m1 times v1, then x squared gives us something that looks like two times the kinetic energy. And similarly, if y represents the square root of m2 times v2, that y coordinate also more directly captures the energy of the little block. And this equation for the circle, x squared plus y squared equals some constant, now captures the conservation of energy, but in this rescaled coordinate system. Like I said, the hope is that adding a little more symmetry will make our problem easier to solve, and in a moment you'll see how this is true. Let's take a minute to get a little familiar with what this diagram is really telling us. For example, at the very beginning, that big block has a negative velocity, so we must be somewhere on this left half of the plane, and that little block starts off stationary, meaning the y coordinate is zero, and so we have to start out at the leftmost point of this circle. That's the initial condition. Now, after they collide with each other, what happens? Where do we end up? Well, physical intuition tells us that that little block picks up some kind of negative velocity. So we're going to have to end up somewhere where the y-coordinate is negative. And that big block loses some of its momentum. So the x-coordinate is going to get a little closer to 0 from where it was, even if you don't know exactly how much. And again, we have to stay somewhere on this circle. The circle represents all the points that have the same total energy. And so you might guess that our point lands somewhere on like this arc right here. To be more exact, we need to introduce the second conservation law, the conservation of momentum. Keep in mind, though, at this point I've changed what the coordinates mean. So in our new coordinates, the momentum of the first block looks like the square root of m1 times x, and the momentum of the second looks like the square root of m2 times y. It's all saying the same thing, it's just a different coordinate system, and those masses are just constants anyway. The significance is that this whole equation is a linear equation in x and y, So in our diagram, it's going to look like some kind of line. More specifically, you can work out it's a line whose slope is the negative square root of the big mass divided by the small mass. Now this slope is going to be very important for us. It's the key quantity that we'll use to get the numerical answer that has digits looking like pi. And that square root is going to be very important for us later when we get to the quantum computing case. So remember this expression. Where this momentum line sits left and right depends on what the total momentum of the pair of blocks is. We know that we start off on this leftmost point of the circle, so the line has to pass through that point. Every other point on this line is telling us every other pair of velocities they would have the same net momentum. And as you've no doubt noticed, this line intersects the circle at exactly two places, meaning there are only two pairs of velocities out there, with this same kinetic energy and the same momentum as the initial condition. So after the blocks bounce off of each other, we must hop over to this other point. And honestly, that is the entire solution to this puzzle. Once you understand that the point jumps from this initial position to this final position, you have the full answer. The next question is how do we find the numerical values of those velocities. Well, the first step is to convert back to our original coordinates, which means taking the square roots of both sides. And once you do that, you find that the x and the x prime are related by a simple quadratic equation. And solving that quadratic yields"
"mistral-7b-v0.3","compute_pi","4","2","331","What makes this puzzle great, aside from the surprising pie, of course, is how well poised it is to be a general problem solving lesson. Very often when I present this as a lecture, I like to start by inviting the audience to begin by listing out a few general problem solving principles. You might enjoy thinking of a few of your own, and as we go through, I'll highlight a couple that I have written down here. For example, one that's seemingly trivial but surprisingly useful is that if you're stuck on a hard problem, and I would consider this a hard problem, It never hurts to just list any equations or theorems that might somehow be relevant. So for this puzzle where we have some colliding blocks, two relevant laws that might come to mind, especially if you have a recent physics class somewhere in your history, would be the conservation of energy and the conservation of momentum. The energy of one of these moving blocks would be one-half times its mass times its velocity squared. So let's say we call the mass of the big block M1 and call its velocity V1. And likewise the mass of that little block will be M2 and its ever-changing velocity will be V2. Then the total kinetic energy between these two blocks is what you get by plugging in the numbers and adding these two quantities. The conservation of energy essentially says this number won't change throughout the experiment. Those two velocities will change, but they have to do so in such a way that this whole expression equals the same number. This is all, of course, assuming that no energy is lost to friction or to the collisions. The other quantity that's conserved is momentum. And the momentum for each block looks even simpler. It's just its mass times its velocity. So again, when you plug in the numbers and you compute this expression, you'll get something. And what the conservation of momentum tells us is that whatever that number is, it doesn't change even after the blocks collide with each other. Now, unlike energy, this momentum expression will actually change after that little block collides against the wall. Because really what's going on is it's transferring some of its momentum into that wall. Technically speaking, that should mean the wall starts moving a tiny amount. But again, we'll be idealistic and assume the wall is supermassive or fixed into the earth, and any movement that it has is negligible. Another principle I have up here is to just draw pictures. When you're trying to figure something out, actually make some figures. Visual intuition can help to think about things in different ways, and sometimes staring at the right diagram can expose a solution. So in this context, where the two values that are changing are v1 and v2, you might be inspired to draw a coordinate plane, where the x coordinate encodes this value v1, and the y coordinate encodes this value v2. Just to be crystal clear on what I mean by that, as the experiment unfolds and the blocks collide with each other and their two velocities change with each collision, this little point inside our space is going to move around that space as those two velocities change. Always doing so in such a way that it's coordinates tell you what v1 and v2 are. The hope is that as the whole experiment unfolds, and we consider how exactly this point bounces around this slightly abstract velocity space, studying the path of that point can maybe yield insights about the underlying dynamics for the blocks. Even though we're just getting warmed up, this really is the key step in our whole problem solving process. And it's a pretty common thing to do throughout physics, where if you have some dynamical situation with multiple numbers that are changing, when you package all those numbers together as a single point in a higher dimensional space, studying how that point moves through the space has a way of clarifying the whole problem. You could call this a state space, and this particular state space for us holds within it the key connection to the quantum computing parallel that we're going to be building up to. Now, in the context of this abstract velocity space, take a moment to think about what this conservation of energy equation is really telling us. When you take some number times x squared plus some number times y squared and set it equal to a constant, this is the equation for an ellipse. Our specific ellipse will be more squished in the x direction since that number sitting in front of x is larger than the number sitting in front of y, and the size of the ellipse will depend on the total energy of the system. And this comes from what the initial velocity of that big block was. And interestingly, I never told you that velocity. It doesn't actually change the final answer. Whether it comes in fast or it comes in slow, you get the same total number of collisions, the experiment just unfolds more quickly or more slowly. As our experiment unfolds and that pair of velocities changes, it always does so in such a way that this point inside our state space stays constrained to this ellipse. If it landed anywhere else, it would mean energy was not conserved. Another principle I want to bring up here is how math and math adjacent fields tend to reward you when you respect their symmetries. And in this case, we already know that pi is going to be somehow relevant to the answer, and pi has everything to do with circles, relating distances around the circumference of that circle to the radius. So on our hunt for pi, it's tantalizingly close to be working with an ellipse like this, and you might feel like it would be all the more natural and maybe more promising if this was instead a circle. Now we can actually make this into a circle just by changing what the coordinates of that state space represent. Here's what I mean by that. The equation for a circle looks like x squared plus y squared equals some constant without any numbers sitting in front of those variables. If I let x not represent v1, but I let it represent the square root of m1 times v1, then x squared gives us something that looks like two times the kinetic energy. And similarly, if y represents the square root of m2 times v2, that y coordinate also more directly captures the energy of the little block. And this equation for the circle, x squared plus y squared equals some constant, now captures the conservation of energy, but in this rescaled coordinate system. Like I said, the hope is that adding a little more symmetry will make our problem easier to solve, and in a moment you'll see how this is true. Let's take a minute to get a little familiar with what this diagram is really telling us. For example, at the very beginning, that big block has a negative velocity, so we must be somewhere on this left half of the plane, and that little block starts off stationary, meaning the y coordinate is zero, and so we have to start out at the leftmost point of this circle. That's the initial condition. Now, after they collide with each other, what happens? Where do we end up? Well, physical intuition tells us that that little block picks up some kind of negative velocity. So we're going to have to end up somewhere where the y-coordinate is negative. And that big block loses some of its momentum. So the x-coordinate is going to get a little closer to 0 from where it was, even if you don't know exactly how much. And again, we have to stay somewhere on this circle. The circle represents all the points that have the same total energy. And so you might guess that our point lands somewhere on like this arc right here. To be more exact, we need to introduce the second conservation law, the conservation of momentum. Keep in mind, though, at this point I've changed what the coordinates mean. So in our new coordinates, the momentum of the first block looks like the square root of m1 times x, and the momentum of the second looks like the square root of m2 times y. It's all saying the same thing, it's just a different coordinate system, and those masses are just constants anyway. The significance is that this whole equation is a linear equation in x and y, So in our diagram, it's going to look like some kind of line. More specifically, you can work out it's a line whose slope is the negative square root of the big mass divided by the small mass. Now this slope is going to be very important for us. It's the key quantity that we'll use to get the numerical answer that has digits looking like pi. And that square root is going to be very important for us later when we get to the quantum computing case. So remember this expression. Where this momentum line sits left and right depends on what the total momentum of the pair of blocks is. We know that we start off on this leftmost point of the circle, so the line has to pass through that point. Every other point on this line is telling us every other pair of velocities they would have the same net momentum. And as you've no doubt noticed, this line intersects the circle at exactly two places, meaning there are only two pairs of velocities out there, with this same kinetic energy and the same momentum as the initial condition. So after the blocks bounce off of each other, we must hop over to this other point. And honestly, that is the entirety of our mathematical analysis. We've used the conservation laws to reduce the problem to finding the intersection of a circle and a line. And we've found that there are exactly two solutions. Now the next part of our problem solving strategy is to find a way to evaluate which of those two solutions is correct. And for that, we turn to the last principle I mentioned earlier, which is to test your ideas with experiments. In this case we'd like to run a simulation"
"mistral-7b-v0.3","compute_pi","4","3","331","What makes this puzzle great, aside from the surprising pie, of course, is how well poised it is to be a general problem solving lesson. Very often when I present this as a lecture, I like to start by inviting the audience to begin by listing out a few general problem solving principles. You might enjoy thinking of a few of your own, and as we go through, I'll highlight a couple that I have written down here. For example, one that's seemingly trivial but surprisingly useful is that if you're stuck on a hard problem, and I would consider this a hard problem, It never hurts to just list any equations or theorems that might somehow be relevant. So for this puzzle where we have some colliding blocks, two relevant laws that might come to mind, especially if you have a recent physics class somewhere in your history, would be the conservation of energy and the conservation of momentum. The energy of one of these moving blocks would be one-half times its mass times its velocity squared. So let's say we call the mass of the big block M1 and call its velocity V1. And likewise the mass of that little block will be M2 and its ever-changing velocity will be V2. Then the total kinetic energy between these two blocks is what you get by plugging in the numbers and adding these two quantities. The conservation of energy essentially says this number won't change throughout the experiment. Those two velocities will change, but they have to do so in such a way that this whole expression equals the same number. This is all, of course, assuming that no energy is lost to friction or to the collisions. The other quantity that's conserved is momentum. And the momentum for each block looks even simpler. It's just its mass times its velocity. So again, when you plug in the numbers and you compute this expression, you'll get something. And what the conservation of momentum tells us is that whatever that number is, it doesn't change even after the blocks collide with each other. Now, unlike energy, this momentum expression will actually change after that little block collides against the wall. Because really what's going on is it's transferring some of its momentum into that wall. Technically speaking, that should mean the wall starts moving a tiny amount. But again, we'll be idealistic and assume the wall is supermassive or fixed into the earth, and any movement that it has is negligible. Another principle I have up here is to just draw pictures. When you're trying to figure something out, actually make some figures. Visual intuition can help to think about things in different ways, and sometimes staring at the right diagram can expose a solution. So in this context, where the two values that are changing are v1 and v2, you might be inspired to draw a coordinate plane, where the x coordinate encodes this value v1, and the y coordinate encodes this value v2. Just to be crystal clear on what I mean by that, as the experiment unfolds and the blocks collide with each other and their two velocities change with each collision, this little point inside our space is going to move around that space as those two velocities change. Always doing so in such a way that it's coordinates tell you what v1 and v2 are. The hope is that as the whole experiment unfolds, and we consider how exactly this point bounces around this slightly abstract velocity space, studying the path of that point can maybe yield insights about the underlying dynamics for the blocks. Even though we're just getting warmed up, this really is the key step in our whole problem solving process. And it's a pretty common thing to do throughout physics, where if you have some dynamical situation with multiple numbers that are changing, when you package all those numbers together as a single point in a higher dimensional space, studying how that point moves through the space has a way of clarifying the whole problem. You could call this a state space, and this particular state space for us holds within it the key connection to the quantum computing parallel that we're going to be building up to. Now, in the context of this abstract velocity space, take a moment to think about what this conservation of energy equation is really telling us. When you take some number times x squared plus some number times y squared and set it equal to a constant, this is the equation for an ellipse. Our specific ellipse will be more squished in the x direction since that number sitting in front of x is larger than the number sitting in front of y, and the size of the ellipse will depend on the total energy of the system. And this comes from what the initial velocity of that big block was. And interestingly, I never told you that velocity. It doesn't actually change the final answer. Whether it comes in fast or it comes in slow, you get the same total number of collisions, the experiment just unfolds more quickly or more slowly. As our experiment unfolds and that pair of velocities changes, it always does so in such a way that this point inside our state space stays constrained to this ellipse. If it landed anywhere else, it would mean energy was not conserved. Another principle I want to bring up here is how math and math adjacent fields tend to reward you when you respect their symmetries. And in this case, we already know that pi is going to be somehow relevant to the answer, and pi has everything to do with circles, relating distances around the circumference of that circle to the radius. So on our hunt for pi, it's tantalizingly close to be working with an ellipse like this, and you might feel like it would be all the more natural and maybe more promising if this was instead a circle. Now we can actually make this into a circle just by changing what the coordinates of that state space represent. Here's what I mean by that. The equation for a circle looks like x squared plus y squared equals some constant without any numbers sitting in front of those variables. If I let x not represent v1, but I let it represent the square root of m1 times v1, then x squared gives us something that looks like two times the kinetic energy. And similarly, if y represents the square root of m2 times v2, that y coordinate also more directly captures the energy of the little block. And this equation for the circle, x squared plus y squared equals some constant, now captures the conservation of energy, but in this rescaled coordinate system. Like I said, the hope is that adding a little more symmetry will make our problem easier to solve, and in a moment you'll see how this is true. Let's take a minute to get a little familiar with what this diagram is really telling us. For example, at the very beginning, that big block has a negative velocity, so we must be somewhere on this left half of the plane, and that little block starts off stationary, meaning the y coordinate is zero, and so we have to start out at the leftmost point of this circle. That's the initial condition. Now, after they collide with each other, what happens? Where do we end up? Well, physical intuition tells us that that little block picks up some kind of negative velocity. So we're going to have to end up somewhere where the y-coordinate is negative. And that big block loses some of its momentum. So the x-coordinate is going to get a little closer to 0 from where it was, even if you don't know exactly how much. And again, we have to stay somewhere on this circle. The circle represents all the points that have the same total energy. And so you might guess that our point lands somewhere on like this arc right here. To be more exact, we need to introduce the second conservation law, the conservation of momentum. Keep in mind, though, at this point I've changed what the coordinates mean. So in our new coordinates, the momentum of the first block looks like the square root of m1 times x, and the momentum of the second looks like the square root of m2 times y. It's all saying the same thing, it's just a different coordinate system, and those masses are just constants anyway. The significance is that this whole equation is a linear equation in x and y, So in our diagram, it's going to look like some kind of line. More specifically, you can work out it's a line whose slope is the negative square root of the big mass divided by the small mass. Now this slope is going to be very important for us. It's the key quantity that we'll use to get the numerical answer that has digits looking like pi. And that square root is going to be very important for us later when we get to the quantum computing case. So remember this expression. Where this momentum line sits left and right depends on what the total momentum of the pair of blocks is. We know that we start off on this leftmost point of the circle, so the line has to pass through that point. Every other point on this line is telling us every other pair of velocities they would have the same net momentum. And as you've no doubt noticed, this line intersects the circle at exactly two places, meaning there are only two pairs of velocities out there, with this same kinetic energy and the same momentum as the initial condition. So after the blocks bounce off of each other, we must hop over to this other point. And honestly, that is the entirety of the mathematical analysis. The rest of the story is just a bunch of algebra to find the numerical values of those velocities. But we've done enough math to know that there's only one possible outcome. There's two points on the circle that satisfy both conservation of kinetics and conservation of momenta. And those two points correspond to two possible sets of velocites. One set of velocies is the one we started with, and another set of veloct"
"mistral-7b-v0.3","compute_pi","4","4","331","What makes this puzzle great, aside from the surprising pie, of course, is how well poised it is to be a general problem solving lesson. Very often when I present this as a lecture, I like to start by inviting the audience to begin by listing out a few general problem solving principles. You might enjoy thinking of a few of your own, and as we go through, I'll highlight a couple that I have written down here. For example, one that's seemingly trivial but surprisingly useful is that if you're stuck on a hard problem, and I would consider this a hard problem, It never hurts to just list any equations or theorems that might somehow be relevant. So for this puzzle where we have some colliding blocks, two relevant laws that might come to mind, especially if you have a recent physics class somewhere in your history, would be the conservation of energy and the conservation of momentum. The energy of one of these moving blocks would be one-half times its mass times its velocity squared. So let's say we call the mass of the big block M1 and call its velocity V1. And likewise the mass of that little block will be M2 and its ever-changing velocity will be V2. Then the total kinetic energy between these two blocks is what you get by plugging in the numbers and adding these two quantities. The conservation of energy essentially says this number won't change throughout the experiment. Those two velocities will change, but they have to do so in such a way that this whole expression equals the same number. This is all, of course, assuming that no energy is lost to friction or to the collisions. The other quantity that's conserved is momentum. And the momentum for each block looks even simpler. It's just its mass times its velocity. So again, when you plug in the numbers and you compute this expression, you'll get something. And what the conservation of momentum tells us is that whatever that number is, it doesn't change even after the blocks collide with each other. Now, unlike energy, this momentum expression will actually change after that little block collides against the wall. Because really what's going on is it's transferring some of its momentum into that wall. Technically speaking, that should mean the wall starts moving a tiny amount. But again, we'll be idealistic and assume the wall is supermassive or fixed into the earth, and any movement that it has is negligible. Another principle I have up here is to just draw pictures. When you're trying to figure something out, actually make some figures. Visual intuition can help to think about things in different ways, and sometimes staring at the right diagram can expose a solution. So in this context, where the two values that are changing are v1 and v2, you might be inspired to draw a coordinate plane, where the x coordinate encodes this value v1, and the y coordinate encodes this value v2. Just to be crystal clear on what I mean by that, as the experiment unfolds and the blocks collide with each other and their two velocities change with each collision, this little point inside our space is going to move around that space as those two velocities change. Always doing so in such a way that it's coordinates tell you what v1 and v2 are. The hope is that as the whole experiment unfolds, and we consider how exactly this point bounces around this slightly abstract velocity space, studying the path of that point can maybe yield insights about the underlying dynamics for the blocks. Even though we're just getting warmed up, this really is the key step in our whole problem solving process. And it's a pretty common thing to do throughout physics, where if you have some dynamical situation with multiple numbers that are changing, when you package all those numbers together as a single point in a higher dimensional space, studying how that point moves through the space has a way of clarifying the whole problem. You could call this a state space, and this particular state space for us holds within it the key connection to the quantum computing parallel that we're going to be building up to. Now, in the context of this abstract velocity space, take a moment to think about what this conservation of energy equation is really telling us. When you take some number times x squared plus some number times y squared and set it equal to a constant, this is the equation for an ellipse. Our specific ellipse will be more squished in the x direction since that number sitting in front of x is larger than the number sitting in front of y, and the size of the ellipse will depend on the total energy of the system. And this comes from what the initial velocity of that big block was. And interestingly, I never told you that velocity. It doesn't actually change the final answer. Whether it comes in fast or it comes in slow, you get the same total number of collisions, the experiment just unfolds more quickly or more slowly. As our experiment unfolds and that pair of velocities changes, it always does so in such a way that this point inside our state space stays constrained to this ellipse. If it landed anywhere else, it would mean energy was not conserved. Another principle I want to bring up here is how math and math adjacent fields tend to reward you when you respect their symmetries. And in this case, we already know that pi is going to be somehow relevant to the answer, and pi has everything to do with circles, relating distances around the circumference of that circle to the radius. So on our hunt for pi, it's tantalizingly close to be working with an ellipse like this, and you might feel like it would be all the more natural and maybe more promising if this was instead a circle. Now we can actually make this into a circle just by changing what the coordinates of that state space represent. Here's what I mean by that. The equation for a circle looks like x squared plus y squared equals some constant without any numbers sitting in front of those variables. If I let x not represent v1, but I let it represent the square root of m1 times v1, then x squared gives us something that looks like two times the kinetic energy. And similarly, if y represents the square root of m2 times v2, that y coordinate also more directly captures the energy of the little block. And this equation for the circle, x squared plus y squared equals some constant, now captures the conservation of energy, but in this rescaled coordinate system. Like I said, the hope is that adding a little more symmetry will make our problem easier to solve, and in a moment you'll see how this is true. Let's take a minute to get a little familiar with what this diagram is really telling us. For example, at the very beginning, that big block has a negative velocity, so we must be somewhere on this left half of the plane, and that little block starts off stationary, meaning the y coordinate is zero, and so we have to start out at the leftmost point of this circle. That's the initial condition. Now, after they collide with each other, what happens? Where do we end up? Well, physical intuition tells us that that little block picks up some kind of negative velocity. So we're going to have to end up somewhere where the y-coordinate is negative. And that big block loses some of its momentum. So the x-coordinate is going to get a little closer to 0 from where it was, even if you don't know exactly how much. And again, we have to stay somewhere on this circle. The circle represents all the points that have the same total energy. And so you might guess that our point lands somewhere on like this arc right here. To be more exact, we need to introduce the second conservation law, the conservation of momentum. Keep in mind, though, at this point I've changed what the coordinates mean. So in our new coordinates, the momentum of the first block looks like the square root of m1 times x, and the momentum of the second looks like the square root of m2 times y. It's all saying the same thing, it's just a different coordinate system, and those masses are just constants anyway. The significance is that this whole equation is a linear equation in x and y, So in our diagram, it's going to look like some kind of line. More specifically, you can work out it's a line whose slope is the negative square root of the big mass divided by the small mass. Now this slope is going to be very important for us. It's the key quantity that we'll use to get the numerical answer that has digits looking like pi. And that square root is going to be very important for us later when we get to the quantum computing case. So remember this expression. Where this momentum line sits left and right depends on what the total momentum of the pair of blocks is. We know that we start off on this leftmost point of the circle, so the line has to pass through that point. Every other point on this line is telling us every other pair of velocities they would have the same net momentum. And as you've no doubt noticed, this line intersects the circle at exactly two places, meaning there are only two pairs of velocities out there, with this same kinetic energy and the same momentum as the initial condition. So after the blocks bounce off of each other, we must hop over to this other point. And honestly, that is the entire solution to this puzzle. All that remains is to find the coordinates for that point, and then we can read off the answer"
"mistral-7b-v0.3","compute_pi","4","5","331","What makes this puzzle great, aside from the surprising pie, of course, is how well poised it is to be a general problem solving lesson. Very often when I present this as a lecture, I like to start by inviting the audience to begin by listing out a few general problem solving principles. You might enjoy thinking of a few of your own, and as we go through, I'll highlight a couple that I have written down here. For example, one that's seemingly trivial but surprisingly useful is that if you're stuck on a hard problem, and I would consider this a hard problem, It never hurts to just list any equations or theorems that might somehow be relevant. So for this puzzle where we have some colliding blocks, two relevant laws that might come to mind, especially if you have a recent physics class somewhere in your history, would be the conservation of energy and the conservation of momentum. The energy of one of these moving blocks would be one-half times its mass times its velocity squared. So let's say we call the mass of the big block M1 and call its velocity V1. And likewise the mass of that little block will be M2 and its ever-changing velocity will be V2. Then the total kinetic energy between these two blocks is what you get by plugging in the numbers and adding these two quantities. The conservation of energy essentially says this number won't change throughout the experiment. Those two velocities will change, but they have to do so in such a way that this whole expression equals the same number. This is all, of course, assuming that no energy is lost to friction or to the collisions. The other quantity that's conserved is momentum. And the momentum for each block looks even simpler. It's just its mass times its velocity. So again, when you plug in the numbers and you compute this expression, you'll get something. And what the conservation of momentum tells us is that whatever that number is, it doesn't change even after the blocks collide with each other. Now, unlike energy, this momentum expression will actually change after that little block collides against the wall. Because really what's going on is it's transferring some of its momentum into that wall. Technically speaking, that should mean the wall starts moving a tiny amount. But again, we'll be idealistic and assume the wall is supermassive or fixed into the earth, and any movement that it has is negligible. Another principle I have up here is to just draw pictures. When you're trying to figure something out, actually make some figures. Visual intuition can help to think about things in different ways, and sometimes staring at the right diagram can expose a solution. So in this context, where the two values that are changing are v1 and v2, you might be inspired to draw a coordinate plane, where the x coordinate encodes this value v1, and the y coordinate encodes this value v2. Just to be crystal clear on what I mean by that, as the experiment unfolds and the blocks collide with each other and their two velocities change with each collision, this little point inside our space is going to move around that space as those two velocities change. Always doing so in such a way that it's coordinates tell you what v1 and v2 are. The hope is that as the whole experiment unfolds, and we consider how exactly this point bounces around this slightly abstract velocity space, studying the path of that point can maybe yield insights about the underlying dynamics for the blocks. Even though we're just getting warmed up, this really is the key step in our whole problem solving process. And it's a pretty common thing to do throughout physics, where if you have some dynamical situation with multiple numbers that are changing, when you package all those numbers together as a single point in a higher dimensional space, studying how that point moves through the space has a way of clarifying the whole problem. You could call this a state space, and this particular state space for us holds within it the key connection to the quantum computing parallel that we're going to be building up to. Now, in the context of this abstract velocity space, take a moment to think about what this conservation of energy equation is really telling us. When you take some number times x squared plus some number times y squared and set it equal to a constant, this is the equation for an ellipse. Our specific ellipse will be more squished in the x direction since that number sitting in front of x is larger than the number sitting in front of y, and the size of the ellipse will depend on the total energy of the system. And this comes from what the initial velocity of that big block was. And interestingly, I never told you that velocity. It doesn't actually change the final answer. Whether it comes in fast or it comes in slow, you get the same total number of collisions, the experiment just unfolds more quickly or more slowly. As our experiment unfolds and that pair of velocities changes, it always does so in such a way that this point inside our state space stays constrained to this ellipse. If it landed anywhere else, it would mean energy was not conserved. Another principle I want to bring up here is how math and math adjacent fields tend to reward you when you respect their symmetries. And in this case, we already know that pi is going to be somehow relevant to the answer, and pi has everything to do with circles, relating distances around the circumference of that circle to the radius. So on our hunt for pi, it's tantalizingly close to be working with an ellipse like this, and you might feel like it would be all the more natural and maybe more promising if this was instead a circle. Now we can actually make this into a circle just by changing what the coordinates of that state space represent. Here's what I mean by that. The equation for a circle looks like x squared plus y squared equals some constant without any numbers sitting in front of those variables. If I let x not represent v1, but I let it represent the square root of m1 times v1, then x squared gives us something that looks like two times the kinetic energy. And similarly, if y represents the square root of m2 times v2, that y coordinate also more directly captures the energy of the little block. And this equation for the circle, x squared plus y squared equals some constant, now captures the conservation of energy, but in this rescaled coordinate system. Like I said, the hope is that adding a little more symmetry will make our problem easier to solve, and in a moment you'll see how this is true. Let's take a minute to get a little familiar with what this diagram is really telling us. For example, at the very beginning, that big block has a negative velocity, so we must be somewhere on this left half of the plane, and that little block starts off stationary, meaning the y coordinate is zero, and so we have to start out at the leftmost point of this circle. That's the initial condition. Now, after they collide with each other, what happens? Where do we end up? Well, physical intuition tells us that that little block picks up some kind of negative velocity. So we're going to have to end up somewhere where the y-coordinate is negative. And that big block loses some of its momentum. So the x-coordinate is going to get a little closer to 0 from where it was, even if you don't know exactly how much. And again, we have to stay somewhere on this circle. The circle represents all the points that have the same total energy. And so you might guess that our point lands somewhere on like this arc right here. To be more exact, we need to introduce the second conservation law, the conservation of momentum. Keep in mind, though, at this point I've changed what the coordinates mean. So in our new coordinates, the momentum of the first block looks like the square root of m1 times x, and the momentum of the second looks like the square root of m2 times y. It's all saying the same thing, it's just a different coordinate system, and those masses are just constants anyway. The significance is that this whole equation is a linear equation in x and y, So in our diagram, it's going to look like some kind of line. More specifically, you can work out it's a line whose slope is the negative square root of the big mass divided by the small mass. Now this slope is going to be very important for us. It's the key quantity that we'll use to get the numerical answer that has digits looking like pi. And that square root is going to be very important for us later when we get to the quantum computing case. So remember this expression. Where this momentum line sits left and right depends on what the total momentum of the pair of blocks is. We know that we start off on this leftmost point of the circle, so the line has to pass through that point. Every other point on this line is telling us every other pair of velocities they would have the same net momentum. And as you've no doubt noticed, this line intersects the circle at exactly two places, meaning there are only two pairs of velocities out there, with this same kinetic energy and the same momentum as the initial condition. So after the blocks bounce off of each other, we must hop over to this other point. And honestly, that is the entire solution to this puzzle. It turns out that the question of how many collisions happen is completely determined by the initial conditions. In fact, if we knew the initial velocities of both blocks, we could calculate the exact number of bouncing collisions that happen. But we don' t have enough information to do that. All we know is that the big one starts off with a negative speed, and it has twice the mass as the little one. And we know that the little"
"mistral-7b-v0.3","compute_pi","4","6","331","What makes this puzzle great, aside from the surprising pie, of course, is how well poised it is to be a general problem solving lesson. Very often when I present this as a lecture, I like to start by inviting the audience to begin by listing out a few general problem solving principles. You might enjoy thinking of a few of your own, and as we go through, I'll highlight a couple that I have written down here. For example, one that's seemingly trivial but surprisingly useful is that if you're stuck on a hard problem, and I would consider this a hard problem, It never hurts to just list any equations or theorems that might somehow be relevant. So for this puzzle where we have some colliding blocks, two relevant laws that might come to mind, especially if you have a recent physics class somewhere in your history, would be the conservation of energy and the conservation of momentum. The energy of one of these moving blocks would be one-half times its mass times its velocity squared. So let's say we call the mass of the big block M1 and call its velocity V1. And likewise the mass of that little block will be M2 and its ever-changing velocity will be V2. Then the total kinetic energy between these two blocks is what you get by plugging in the numbers and adding these two quantities. The conservation of energy essentially says this number won't change throughout the experiment. Those two velocities will change, but they have to do so in such a way that this whole expression equals the same number. This is all, of course, assuming that no energy is lost to friction or to the collisions. The other quantity that's conserved is momentum. And the momentum for each block looks even simpler. It's just its mass times its velocity. So again, when you plug in the numbers and you compute this expression, you'll get something. And what the conservation of momentum tells us is that whatever that number is, it doesn't change even after the blocks collide with each other. Now, unlike energy, this momentum expression will actually change after that little block collides against the wall. Because really what's going on is it's transferring some of its momentum into that wall. Technically speaking, that should mean the wall starts moving a tiny amount. But again, we'll be idealistic and assume the wall is supermassive or fixed into the earth, and any movement that it has is negligible. Another principle I have up here is to just draw pictures. When you're trying to figure something out, actually make some figures. Visual intuition can help to think about things in different ways, and sometimes staring at the right diagram can expose a solution. So in this context, where the two values that are changing are v1 and v2, you might be inspired to draw a coordinate plane, where the x coordinate encodes this value v1, and the y coordinate encodes this value v2. Just to be crystal clear on what I mean by that, as the experiment unfolds and the blocks collide with each other and their two velocities change with each collision, this little point inside our space is going to move around that space as those two velocities change. Always doing so in such a way that it's coordinates tell you what v1 and v2 are. The hope is that as the whole experiment unfolds, and we consider how exactly this point bounces around this slightly abstract velocity space, studying the path of that point can maybe yield insights about the underlying dynamics for the blocks. Even though we're just getting warmed up, this really is the key step in our whole problem solving process. And it's a pretty common thing to do throughout physics, where if you have some dynamical situation with multiple numbers that are changing, when you package all those numbers together as a single point in a higher dimensional space, studying how that point moves through the space has a way of clarifying the whole problem. You could call this a state space, and this particular state space for us holds within it the key connection to the quantum computing parallel that we're going to be building up to. Now, in the context of this abstract velocity space, take a moment to think about what this conservation of energy equation is really telling us. When you take some number times x squared plus some number times y squared and set it equal to a constant, this is the equation for an ellipse. Our specific ellipse will be more squished in the x direction since that number sitting in front of x is larger than the number sitting in front of y, and the size of the ellipse will depend on the total energy of the system. And this comes from what the initial velocity of that big block was. And interestingly, I never told you that velocity. It doesn't actually change the final answer. Whether it comes in fast or it comes in slow, you get the same total number of collisions, the experiment just unfolds more quickly or more slowly. As our experiment unfolds and that pair of velocities changes, it always does so in such a way that this point inside our state space stays constrained to this ellipse. If it landed anywhere else, it would mean energy was not conserved. Another principle I want to bring up here is how math and math adjacent fields tend to reward you when you respect their symmetries. And in this case, we already know that pi is going to be somehow relevant to the answer, and pi has everything to do with circles, relating distances around the circumference of that circle to the radius. So on our hunt for pi, it's tantalizingly close to be working with an ellipse like this, and you might feel like it would be all the more natural and maybe more promising if this was instead a circle. Now we can actually make this into a circle just by changing what the coordinates of that state space represent. Here's what I mean by that. The equation for a circle looks like x squared plus y squared equals some constant without any numbers sitting in front of those variables. If I let x not represent v1, but I let it represent the square root of m1 times v1, then x squared gives us something that looks like two times the kinetic energy. And similarly, if y represents the square root of m2 times v2, that y coordinate also more directly captures the energy of the little block. And this equation for the circle, x squared plus y squared equals some constant, now captures the conservation of energy, but in this rescaled coordinate system. Like I said, the hope is that adding a little more symmetry will make our problem easier to solve, and in a moment you'll see how this is true. Let's take a minute to get a little familiar with what this diagram is really telling us. For example, at the very beginning, that big block has a negative velocity, so we must be somewhere on this left half of the plane, and that little block starts off stationary, meaning the y coordinate is zero, and so we have to start out at the leftmost point of this circle. That's the initial condition. Now, after they collide with each other, what happens? Where do we end up? Well, physical intuition tells us that that little block picks up some kind of negative velocity. So we're going to have to end up somewhere where the y-coordinate is negative. And that big block loses some of its momentum. So the x-coordinate is going to get a little closer to 0 from where it was, even if you don't know exactly how much. And again, we have to stay somewhere on this circle. The circle represents all the points that have the same total energy. And so you might guess that our point lands somewhere on like this arc right here. To be more exact, we need to introduce the second conservation law, the conservation of momentum. Keep in mind, though, at this point I've changed what the coordinates mean. So in our new coordinates, the momentum of the first block looks like the square root of m1 times x, and the momentum of the second looks like the square root of m2 times y. It's all saying the same thing, it's just a different coordinate system, and those masses are just constants anyway. The significance is that this whole equation is a linear equation in x and y, So in our diagram, it's going to look like some kind of line. More specifically, you can work out it's a line whose slope is the negative square root of the big mass divided by the small mass. Now this slope is going to be very important for us. It's the key quantity that we'll use to get the numerical answer that has digits looking like pi. And that square root is going to be very important for us later when we get to the quantum computing case. So remember this expression. Where this momentum line sits left and right depends on what the total momentum of the pair of blocks is. We know that we start off on this leftmost point of the circle, so the line has to pass through that point. Every other point on this line is telling us every other pair of velocities they would have the same net momentum. And as you've no doubt noticed, this line intersects the circle at exactly two places, meaning there are only two pairs of velocities out there, with this same kinetic energy and the same momentum as the initial condition. So after the blocks bounce off of each other, we must hop over to this other point. And honestly, that is the entirety of the problem solving part of this puzzle. Once we understand where we land, we can work backwards to find out what happened during the collusions. In fact, we don' t even need to do that, because the next slide is going reveal the answer"
"mistral-7b-v0.3","compute_pi","4","7","331","What makes this puzzle great, aside from the surprising pie, of course, is how well poised it is to be a general problem solving lesson. Very often when I present this as a lecture, I like to start by inviting the audience to begin by listing out a few general problem solving principles. You might enjoy thinking of a few of your own, and as we go through, I'll highlight a couple that I have written down here. For example, one that's seemingly trivial but surprisingly useful is that if you're stuck on a hard problem, and I would consider this a hard problem, It never hurts to just list any equations or theorems that might somehow be relevant. So for this puzzle where we have some colliding blocks, two relevant laws that might come to mind, especially if you have a recent physics class somewhere in your history, would be the conservation of energy and the conservation of momentum. The energy of one of these moving blocks would be one-half times its mass times its velocity squared. So let's say we call the mass of the big block M1 and call its velocity V1. And likewise the mass of that little block will be M2 and its ever-changing velocity will be V2. Then the total kinetic energy between these two blocks is what you get by plugging in the numbers and adding these two quantities. The conservation of energy essentially says this number won't change throughout the experiment. Those two velocities will change, but they have to do so in such a way that this whole expression equals the same number. This is all, of course, assuming that no energy is lost to friction or to the collisions. The other quantity that's conserved is momentum. And the momentum for each block looks even simpler. It's just its mass times its velocity. So again, when you plug in the numbers and you compute this expression, you'll get something. And what the conservation of momentum tells us is that whatever that number is, it doesn't change even after the blocks collide with each other. Now, unlike energy, this momentum expression will actually change after that little block collides against the wall. Because really what's going on is it's transferring some of its momentum into that wall. Technically speaking, that should mean the wall starts moving a tiny amount. But again, we'll be idealistic and assume the wall is supermassive or fixed into the earth, and any movement that it has is negligible. Another principle I have up here is to just draw pictures. When you're trying to figure something out, actually make some figures. Visual intuition can help to think about things in different ways, and sometimes staring at the right diagram can expose a solution. So in this context, where the two values that are changing are v1 and v2, you might be inspired to draw a coordinate plane, where the x coordinate encodes this value v1, and the y coordinate encodes this value v2. Just to be crystal clear on what I mean by that, as the experiment unfolds and the blocks collide with each other and their two velocities change with each collision, this little point inside our space is going to move around that space as those two velocities change. Always doing so in such a way that it's coordinates tell you what v1 and v2 are. The hope is that as the whole experiment unfolds, and we consider how exactly this point bounces around this slightly abstract velocity space, studying the path of that point can maybe yield insights about the underlying dynamics for the blocks. Even though we're just getting warmed up, this really is the key step in our whole problem solving process. And it's a pretty common thing to do throughout physics, where if you have some dynamical situation with multiple numbers that are changing, when you package all those numbers together as a single point in a higher dimensional space, studying how that point moves through the space has a way of clarifying the whole problem. You could call this a state space, and this particular state space for us holds within it the key connection to the quantum computing parallel that we're going to be building up to. Now, in the context of this abstract velocity space, take a moment to think about what this conservation of energy equation is really telling us. When you take some number times x squared plus some number times y squared and set it equal to a constant, this is the equation for an ellipse. Our specific ellipse will be more squished in the x direction since that number sitting in front of x is larger than the number sitting in front of y, and the size of the ellipse will depend on the total energy of the system. And this comes from what the initial velocity of that big block was. And interestingly, I never told you that velocity. It doesn't actually change the final answer. Whether it comes in fast or it comes in slow, you get the same total number of collisions, the experiment just unfolds more quickly or more slowly. As our experiment unfolds and that pair of velocities changes, it always does so in such a way that this point inside our state space stays constrained to this ellipse. If it landed anywhere else, it would mean energy was not conserved. Another principle I want to bring up here is how math and math adjacent fields tend to reward you when you respect their symmetries. And in this case, we already know that pi is going to be somehow relevant to the answer, and pi has everything to do with circles, relating distances around the circumference of that circle to the radius. So on our hunt for pi, it's tantalizingly close to be working with an ellipse like this, and you might feel like it would be all the more natural and maybe more promising if this was instead a circle. Now we can actually make this into a circle just by changing what the coordinates of that state space represent. Here's what I mean by that. The equation for a circle looks like x squared plus y squared equals some constant without any numbers sitting in front of those variables. If I let x not represent v1, but I let it represent the square root of m1 times v1, then x squared gives us something that looks like two times the kinetic energy. And similarly, if y represents the square root of m2 times v2, that y coordinate also more directly captures the energy of the little block. And this equation for the circle, x squared plus y squared equals some constant, now captures the conservation of energy, but in this rescaled coordinate system. Like I said, the hope is that adding a little more symmetry will make our problem easier to solve, and in a moment you'll see how this is true. Let's take a minute to get a little familiar with what this diagram is really telling us. For example, at the very beginning, that big block has a negative velocity, so we must be somewhere on this left half of the plane, and that little block starts off stationary, meaning the y coordinate is zero, and so we have to start out at the leftmost point of this circle. That's the initial condition. Now, after they collide with each other, what happens? Where do we end up? Well, physical intuition tells us that that little block picks up some kind of negative velocity. So we're going to have to end up somewhere where the y-coordinate is negative. And that big block loses some of its momentum. So the x-coordinate is going to get a little closer to 0 from where it was, even if you don't know exactly how much. And again, we have to stay somewhere on this circle. The circle represents all the points that have the same total energy. And so you might guess that our point lands somewhere on like this arc right here. To be more exact, we need to introduce the second conservation law, the conservation of momentum. Keep in mind, though, at this point I've changed what the coordinates mean. So in our new coordinates, the momentum of the first block looks like the square root of m1 times x, and the momentum of the second looks like the square root of m2 times y. It's all saying the same thing, it's just a different coordinate system, and those masses are just constants anyway. The significance is that this whole equation is a linear equation in x and y, So in our diagram, it's going to look like some kind of line. More specifically, you can work out it's a line whose slope is the negative square root of the big mass divided by the small mass. Now this slope is going to be very important for us. It's the key quantity that we'll use to get the numerical answer that has digits looking like pi. And that square root is going to be very important for us later when we get to the quantum computing case. So remember this expression. Where this momentum line sits left and right depends on what the total momentum of the pair of blocks is. We know that we start off on this leftmost point of the circle, so the line has to pass through that point. Every other point on this line is telling us every other pair of velocities they would have the same net momentum. And as you've no doubt noticed, this line intersects the circle at exactly two places, meaning there are only two pairs of velocities out there, with this same kinetic energy and the same momentum as the initial condition. So after the blocks bounce off of each other, we must hop over to this other point. And honestly, that is the entirety of our problem solving strategy. We've used the conservation laws to narrow down the possible solutions to just two, and now we just need to find which of those two solutions corresponds to the correct answer"
"mistral-7b-v0.3","compute_pi","4","8","331","What makes this puzzle great, aside from the surprising pie, of course, is how well poised it is to be a general problem solving lesson. Very often when I present this as a lecture, I like to start by inviting the audience to begin by listing out a few general problem solving principles. You might enjoy thinking of a few of your own, and as we go through, I'll highlight a couple that I have written down here. For example, one that's seemingly trivial but surprisingly useful is that if you're stuck on a hard problem, and I would consider this a hard problem, It never hurts to just list any equations or theorems that might somehow be relevant. So for this puzzle where we have some colliding blocks, two relevant laws that might come to mind, especially if you have a recent physics class somewhere in your history, would be the conservation of energy and the conservation of momentum. The energy of one of these moving blocks would be one-half times its mass times its velocity squared. So let's say we call the mass of the big block M1 and call its velocity V1. And likewise the mass of that little block will be M2 and its ever-changing velocity will be V2. Then the total kinetic energy between these two blocks is what you get by plugging in the numbers and adding these two quantities. The conservation of energy essentially says this number won't change throughout the experiment. Those two velocities will change, but they have to do so in such a way that this whole expression equals the same number. This is all, of course, assuming that no energy is lost to friction or to the collisions. The other quantity that's conserved is momentum. And the momentum for each block looks even simpler. It's just its mass times its velocity. So again, when you plug in the numbers and you compute this expression, you'll get something. And what the conservation of momentum tells us is that whatever that number is, it doesn't change even after the blocks collide with each other. Now, unlike energy, this momentum expression will actually change after that little block collides against the wall. Because really what's going on is it's transferring some of its momentum into that wall. Technically speaking, that should mean the wall starts moving a tiny amount. But again, we'll be idealistic and assume the wall is supermassive or fixed into the earth, and any movement that it has is negligible. Another principle I have up here is to just draw pictures. When you're trying to figure something out, actually make some figures. Visual intuition can help to think about things in different ways, and sometimes staring at the right diagram can expose a solution. So in this context, where the two values that are changing are v1 and v2, you might be inspired to draw a coordinate plane, where the x coordinate encodes this value v1, and the y coordinate encodes this value v2. Just to be crystal clear on what I mean by that, as the experiment unfolds and the blocks collide with each other and their two velocities change with each collision, this little point inside our space is going to move around that space as those two velocities change. Always doing so in such a way that it's coordinates tell you what v1 and v2 are. The hope is that as the whole experiment unfolds, and we consider how exactly this point bounces around this slightly abstract velocity space, studying the path of that point can maybe yield insights about the underlying dynamics for the blocks. Even though we're just getting warmed up, this really is the key step in our whole problem solving process. And it's a pretty common thing to do throughout physics, where if you have some dynamical situation with multiple numbers that are changing, when you package all those numbers together as a single point in a higher dimensional space, studying how that point moves through the space has a way of clarifying the whole problem. You could call this a state space, and this particular state space for us holds within it the key connection to the quantum computing parallel that we're going to be building up to. Now, in the context of this abstract velocity space, take a moment to think about what this conservation of energy equation is really telling us. When you take some number times x squared plus some number times y squared and set it equal to a constant, this is the equation for an ellipse. Our specific ellipse will be more squished in the x direction since that number sitting in front of x is larger than the number sitting in front of y, and the size of the ellipse will depend on the total energy of the system. And this comes from what the initial velocity of that big block was. And interestingly, I never told you that velocity. It doesn't actually change the final answer. Whether it comes in fast or it comes in slow, you get the same total number of collisions, the experiment just unfolds more quickly or more slowly. As our experiment unfolds and that pair of velocities changes, it always does so in such a way that this point inside our state space stays constrained to this ellipse. If it landed anywhere else, it would mean energy was not conserved. Another principle I want to bring up here is how math and math adjacent fields tend to reward you when you respect their symmetries. And in this case, we already know that pi is going to be somehow relevant to the answer, and pi has everything to do with circles, relating distances around the circumference of that circle to the radius. So on our hunt for pi, it's tantalizingly close to be working with an ellipse like this, and you might feel like it would be all the more natural and maybe more promising if this was instead a circle. Now we can actually make this into a circle just by changing what the coordinates of that state space represent. Here's what I mean by that. The equation for a circle looks like x squared plus y squared equals some constant without any numbers sitting in front of those variables. If I let x not represent v1, but I let it represent the square root of m1 times v1, then x squared gives us something that looks like two times the kinetic energy. And similarly, if y represents the square root of m2 times v2, that y coordinate also more directly captures the energy of the little block. And this equation for the circle, x squared plus y squared equals some constant, now captures the conservation of energy, but in this rescaled coordinate system. Like I said, the hope is that adding a little more symmetry will make our problem easier to solve, and in a moment you'll see how this is true. Let's take a minute to get a little familiar with what this diagram is really telling us. For example, at the very beginning, that big block has a negative velocity, so we must be somewhere on this left half of the plane, and that little block starts off stationary, meaning the y coordinate is zero, and so we have to start out at the leftmost point of this circle. That's the initial condition. Now, after they collide with each other, what happens? Where do we end up? Well, physical intuition tells us that that little block picks up some kind of negative velocity. So we're going to have to end up somewhere where the y-coordinate is negative. And that big block loses some of its momentum. So the x-coordinate is going to get a little closer to 0 from where it was, even if you don't know exactly how much. And again, we have to stay somewhere on this circle. The circle represents all the points that have the same total energy. And so you might guess that our point lands somewhere on like this arc right here. To be more exact, we need to introduce the second conservation law, the conservation of momentum. Keep in mind, though, at this point I've changed what the coordinates mean. So in our new coordinates, the momentum of the first block looks like the square root of m1 times x, and the momentum of the second looks like the square root of m2 times y. It's all saying the same thing, it's just a different coordinate system, and those masses are just constants anyway. The significance is that this whole equation is a linear equation in x and y, So in our diagram, it's going to look like some kind of line. More specifically, you can work out it's a line whose slope is the negative square root of the big mass divided by the small mass. Now this slope is going to be very important for us. It's the key quantity that we'll use to get the numerical answer that has digits looking like pi. And that square root is going to be very important for us later when we get to the quantum computing case. So remember this expression. Where this momentum line sits left and right depends on what the total momentum of the pair of blocks is. We know that we start off on this leftmost point of the circle, so the line has to pass through that point. Every other point on this line is telling us every other pair of velocities they would have the same net momentum. And as you've no doubt noticed, this line intersects the circle at exactly two places, meaning there are only two pairs of velocities out there, with this same kinetic energy and the same momentum as the initial condition. So after the blocks bounce off of each other, we must hop over to this other point. And honestly, that is the entirety of the mathematical analysis. It turns out that the exact angle that the line makes with the horizontal axis is going give us the numerical value of pi"
"mistral-7b-v0.3","compute_pi","4","9","331","What makes this puzzle great, aside from the surprising pie, of course, is how well poised it is to be a general problem solving lesson. Very often when I present this as a lecture, I like to start by inviting the audience to begin by listing out a few general problem solving principles. You might enjoy thinking of a few of your own, and as we go through, I'll highlight a couple that I have written down here. For example, one that's seemingly trivial but surprisingly useful is that if you're stuck on a hard problem, and I would consider this a hard problem, It never hurts to just list any equations or theorems that might somehow be relevant. So for this puzzle where we have some colliding blocks, two relevant laws that might come to mind, especially if you have a recent physics class somewhere in your history, would be the conservation of energy and the conservation of momentum. The energy of one of these moving blocks would be one-half times its mass times its velocity squared. So let's say we call the mass of the big block M1 and call its velocity V1. And likewise the mass of that little block will be M2 and its ever-changing velocity will be V2. Then the total kinetic energy between these two blocks is what you get by plugging in the numbers and adding these two quantities. The conservation of energy essentially says this number won't change throughout the experiment. Those two velocities will change, but they have to do so in such a way that this whole expression equals the same number. This is all, of course, assuming that no energy is lost to friction or to the collisions. The other quantity that's conserved is momentum. And the momentum for each block looks even simpler. It's just its mass times its velocity. So again, when you plug in the numbers and you compute this expression, you'll get something. And what the conservation of momentum tells us is that whatever that number is, it doesn't change even after the blocks collide with each other. Now, unlike energy, this momentum expression will actually change after that little block collides against the wall. Because really what's going on is it's transferring some of its momentum into that wall. Technically speaking, that should mean the wall starts moving a tiny amount. But again, we'll be idealistic and assume the wall is supermassive or fixed into the earth, and any movement that it has is negligible. Another principle I have up here is to just draw pictures. When you're trying to figure something out, actually make some figures. Visual intuition can help to think about things in different ways, and sometimes staring at the right diagram can expose a solution. So in this context, where the two values that are changing are v1 and v2, you might be inspired to draw a coordinate plane, where the x coordinate encodes this value v1, and the y coordinate encodes this value v2. Just to be crystal clear on what I mean by that, as the experiment unfolds and the blocks collide with each other and their two velocities change with each collision, this little point inside our space is going to move around that space as those two velocities change. Always doing so in such a way that it's coordinates tell you what v1 and v2 are. The hope is that as the whole experiment unfolds, and we consider how exactly this point bounces around this slightly abstract velocity space, studying the path of that point can maybe yield insights about the underlying dynamics for the blocks. Even though we're just getting warmed up, this really is the key step in our whole problem solving process. And it's a pretty common thing to do throughout physics, where if you have some dynamical situation with multiple numbers that are changing, when you package all those numbers together as a single point in a higher dimensional space, studying how that point moves through the space has a way of clarifying the whole problem. You could call this a state space, and this particular state space for us holds within it the key connection to the quantum computing parallel that we're going to be building up to. Now, in the context of this abstract velocity space, take a moment to think about what this conservation of energy equation is really telling us. When you take some number times x squared plus some number times y squared and set it equal to a constant, this is the equation for an ellipse. Our specific ellipse will be more squished in the x direction since that number sitting in front of x is larger than the number sitting in front of y, and the size of the ellipse will depend on the total energy of the system. And this comes from what the initial velocity of that big block was. And interestingly, I never told you that velocity. It doesn't actually change the final answer. Whether it comes in fast or it comes in slow, you get the same total number of collisions, the experiment just unfolds more quickly or more slowly. As our experiment unfolds and that pair of velocities changes, it always does so in such a way that this point inside our state space stays constrained to this ellipse. If it landed anywhere else, it would mean energy was not conserved. Another principle I want to bring up here is how math and math adjacent fields tend to reward you when you respect their symmetries. And in this case, we already know that pi is going to be somehow relevant to the answer, and pi has everything to do with circles, relating distances around the circumference of that circle to the radius. So on our hunt for pi, it's tantalizingly close to be working with an ellipse like this, and you might feel like it would be all the more natural and maybe more promising if this was instead a circle. Now we can actually make this into a circle just by changing what the coordinates of that state space represent. Here's what I mean by that. The equation for a circle looks like x squared plus y squared equals some constant without any numbers sitting in front of those variables. If I let x not represent v1, but I let it represent the square root of m1 times v1, then x squared gives us something that looks like two times the kinetic energy. And similarly, if y represents the square root of m2 times v2, that y coordinate also more directly captures the energy of the little block. And this equation for the circle, x squared plus y squared equals some constant, now captures the conservation of energy, but in this rescaled coordinate system. Like I said, the hope is that adding a little more symmetry will make our problem easier to solve, and in a moment you'll see how this is true. Let's take a minute to get a little familiar with what this diagram is really telling us. For example, at the very beginning, that big block has a negative velocity, so we must be somewhere on this left half of the plane, and that little block starts off stationary, meaning the y coordinate is zero, and so we have to start out at the leftmost point of this circle. That's the initial condition. Now, after they collide with each other, what happens? Where do we end up? Well, physical intuition tells us that that little block picks up some kind of negative velocity. So we're going to have to end up somewhere where the y-coordinate is negative. And that big block loses some of its momentum. So the x-coordinate is going to get a little closer to 0 from where it was, even if you don't know exactly how much. And again, we have to stay somewhere on this circle. The circle represents all the points that have the same total energy. And so you might guess that our point lands somewhere on like this arc right here. To be more exact, we need to introduce the second conservation law, the conservation of momentum. Keep in mind, though, at this point I've changed what the coordinates mean. So in our new coordinates, the momentum of the first block looks like the square root of m1 times x, and the momentum of the second looks like the square root of m2 times y. It's all saying the same thing, it's just a different coordinate system, and those masses are just constants anyway. The significance is that this whole equation is a linear equation in x and y, So in our diagram, it's going to look like some kind of line. More specifically, you can work out it's a line whose slope is the negative square root of the big mass divided by the small mass. Now this slope is going to be very important for us. It's the key quantity that we'll use to get the numerical answer that has digits looking like pi. And that square root is going to be very important for us later when we get to the quantum computing case. So remember this expression. Where this momentum line sits left and right depends on what the total momentum of the pair of blocks is. We know that we start off on this leftmost point of the circle, so the line has to pass through that point. Every other point on this line is telling us every other pair of velocities they would have the same net momentum. And as you've no doubt noticed, this line intersects the circle at exactly two places, meaning there are only two pairs of velocities out there, with this same kinetic energy and the same momentum as the initial condition. So after the blocks bounce off of each other, we must hop over to this other point. And honestly, that is the whole solution. Once we find the coordinates for that other point, we can compute the velocities for both blocks, and then we can finally calculate the angle that the little guy makes with the wall, which is what we've been chasing all along. And once we know that angle, we know the ratio of the lengths of the sides of the triangle, and therefore we know pi"
"mistral-7b-v0.3","compute_pi","4","10","331","What makes this puzzle great, aside from the surprising pie, of course, is how well poised it is to be a general problem solving lesson. Very often when I present this as a lecture, I like to start by inviting the audience to begin by listing out a few general problem solving principles. You might enjoy thinking of a few of your own, and as we go through, I'll highlight a couple that I have written down here. For example, one that's seemingly trivial but surprisingly useful is that if you're stuck on a hard problem, and I would consider this a hard problem, It never hurts to just list any equations or theorems that might somehow be relevant. So for this puzzle where we have some colliding blocks, two relevant laws that might come to mind, especially if you have a recent physics class somewhere in your history, would be the conservation of energy and the conservation of momentum. The energy of one of these moving blocks would be one-half times its mass times its velocity squared. So let's say we call the mass of the big block M1 and call its velocity V1. And likewise the mass of that little block will be M2 and its ever-changing velocity will be V2. Then the total kinetic energy between these two blocks is what you get by plugging in the numbers and adding these two quantities. The conservation of energy essentially says this number won't change throughout the experiment. Those two velocities will change, but they have to do so in such a way that this whole expression equals the same number. This is all, of course, assuming that no energy is lost to friction or to the collisions. The other quantity that's conserved is momentum. And the momentum for each block looks even simpler. It's just its mass times its velocity. So again, when you plug in the numbers and you compute this expression, you'll get something. And what the conservation of momentum tells us is that whatever that number is, it doesn't change even after the blocks collide with each other. Now, unlike energy, this momentum expression will actually change after that little block collides against the wall. Because really what's going on is it's transferring some of its momentum into that wall. Technically speaking, that should mean the wall starts moving a tiny amount. But again, we'll be idealistic and assume the wall is supermassive or fixed into the earth, and any movement that it has is negligible. Another principle I have up here is to just draw pictures. When you're trying to figure something out, actually make some figures. Visual intuition can help to think about things in different ways, and sometimes staring at the right diagram can expose a solution. So in this context, where the two values that are changing are v1 and v2, you might be inspired to draw a coordinate plane, where the x coordinate encodes this value v1, and the y coordinate encodes this value v2. Just to be crystal clear on what I mean by that, as the experiment unfolds and the blocks collide with each other and their two velocities change with each collision, this little point inside our space is going to move around that space as those two velocities change. Always doing so in such a way that it's coordinates tell you what v1 and v2 are. The hope is that as the whole experiment unfolds, and we consider how exactly this point bounces around this slightly abstract velocity space, studying the path of that point can maybe yield insights about the underlying dynamics for the blocks. Even though we're just getting warmed up, this really is the key step in our whole problem solving process. And it's a pretty common thing to do throughout physics, where if you have some dynamical situation with multiple numbers that are changing, when you package all those numbers together as a single point in a higher dimensional space, studying how that point moves through the space has a way of clarifying the whole problem. You could call this a state space, and this particular state space for us holds within it the key connection to the quantum computing parallel that we're going to be building up to. Now, in the context of this abstract velocity space, take a moment to think about what this conservation of energy equation is really telling us. When you take some number times x squared plus some number times y squared and set it equal to a constant, this is the equation for an ellipse. Our specific ellipse will be more squished in the x direction since that number sitting in front of x is larger than the number sitting in front of y, and the size of the ellipse will depend on the total energy of the system. And this comes from what the initial velocity of that big block was. And interestingly, I never told you that velocity. It doesn't actually change the final answer. Whether it comes in fast or it comes in slow, you get the same total number of collisions, the experiment just unfolds more quickly or more slowly. As our experiment unfolds and that pair of velocities changes, it always does so in such a way that this point inside our state space stays constrained to this ellipse. If it landed anywhere else, it would mean energy was not conserved. Another principle I want to bring up here is how math and math adjacent fields tend to reward you when you respect their symmetries. And in this case, we already know that pi is going to be somehow relevant to the answer, and pi has everything to do with circles, relating distances around the circumference of that circle to the radius. So on our hunt for pi, it's tantalizingly close to be working with an ellipse like this, and you might feel like it would be all the more natural and maybe more promising if this was instead a circle. Now we can actually make this into a circle just by changing what the coordinates of that state space represent. Here's what I mean by that. The equation for a circle looks like x squared plus y squared equals some constant without any numbers sitting in front of those variables. If I let x not represent v1, but I let it represent the square root of m1 times v1, then x squared gives us something that looks like two times the kinetic energy. And similarly, if y represents the square root of m2 times v2, that y coordinate also more directly captures the energy of the little block. And this equation for the circle, x squared plus y squared equals some constant, now captures the conservation of energy, but in this rescaled coordinate system. Like I said, the hope is that adding a little more symmetry will make our problem easier to solve, and in a moment you'll see how this is true. Let's take a minute to get a little familiar with what this diagram is really telling us. For example, at the very beginning, that big block has a negative velocity, so we must be somewhere on this left half of the plane, and that little block starts off stationary, meaning the y coordinate is zero, and so we have to start out at the leftmost point of this circle. That's the initial condition. Now, after they collide with each other, what happens? Where do we end up? Well, physical intuition tells us that that little block picks up some kind of negative velocity. So we're going to have to end up somewhere where the y-coordinate is negative. And that big block loses some of its momentum. So the x-coordinate is going to get a little closer to 0 from where it was, even if you don't know exactly how much. And again, we have to stay somewhere on this circle. The circle represents all the points that have the same total energy. And so you might guess that our point lands somewhere on like this arc right here. To be more exact, we need to introduce the second conservation law, the conservation of momentum. Keep in mind, though, at this point I've changed what the coordinates mean. So in our new coordinates, the momentum of the first block looks like the square root of m1 times x, and the momentum of the second looks like the square root of m2 times y. It's all saying the same thing, it's just a different coordinate system, and those masses are just constants anyway. The significance is that this whole equation is a linear equation in x and y, So in our diagram, it's going to look like some kind of line. More specifically, you can work out it's a line whose slope is the negative square root of the big mass divided by the small mass. Now this slope is going to be very important for us. It's the key quantity that we'll use to get the numerical answer that has digits looking like pi. And that square root is going to be very important for us later when we get to the quantum computing case. So remember this expression. Where this momentum line sits left and right depends on what the total momentum of the pair of blocks is. We know that we start off on this leftmost point of the circle, so the line has to pass through that point. Every other point on this line is telling us every other pair of velocities they would have the same net momentum. And as you've no doubt noticed, this line intersects the circle at exactly two places, meaning there are only two pairs of velocities out there, with this same kinetic energy and the same momentum as the initial condition. So after the blocks bounce off of each other, we must hop over to this other point. And honestly, that is the entire solution to the puzzle. We've found the two possible final states for the pair. They either end up with these two velocitites, and which one they land on depends on whether the momentum line passes above or below the circle. In fact, you could solve this puzzle entirely using geometry. You don' t even need algebra. All you have to know is that the momentum slope is less than one, because otherwise the line wouldn't cross the circle twice. And you could"
"mistral-7b-v0.3","compute_pi","5","1","1206","Small Angle Approximation Explains Digit Similarity Between Pi and Circle Diagram"
"mistral-7b-v0.3","compute_pi","5","2","1206","Exploring Small Angle Approximations in Physics"
"mistral-7b-v0.3","compute_pi","5","3","1206","Small Angle Approximation Explains Similarity Between Pi and Collision Pattern"
"mistral-7b-v0.3","compute_pi","5","4","1206","Exploring the Small Angle Approximation in Physics"
"mistral-7b-v0.3","compute_pi","5","5","1206","Small Angle Approximation Explains Digit Similarity Between Pi and Collision Count"
"mistral-7b-v0.3","compute_pi","5","6","1206","Why Small Angle Approximation Explains Pi in Circle Diagram"
"mistral-7b-v0.3","compute_pi","5","7","1206","Small Angle Approximation Explains the Presence of Pi in State Space Circle Diagram"
"mistral-7b-v0.3","compute_pi","5","8","1206","Small Angle Approximation Explains Pi's Presence in State Space Circle Diagram"
"mistral-7b-v0.3","compute_pi","5","9","1206","Small Angle Approximation Explains Similarity Between Pi and State Space Circle Diagram"
"mistral-7b-v0.3","compute_pi","5","10","1206","Small Angle Approximation Explains Similarity Between Pi and Collision Pattern"
"mistral-7b-v0.3","compute_pi","6","1","1393","The Unsolved Mystery of Pi through Block Collisions"
"mistral-7b-v0.3","compute_pi","6","2","1393","Are Pi's Hidden Secrets Beyond Our Calculus Reach?"
"mistral-7b-v0.3","compute_pi","6","3","1393","The Unsolved Mystery of Pi in Block Collision Calculations"
"mistral-7b-v0.3","compute_pi","6","4","1393","The Unsolved Mystery of Pi in Block Collision Calculations"
"mistral-7b-v0.3","compute_pi","6","5","1393","The Pi Puzzle: An Unsolved Question About Base"
"mistral-7b-v0.3","compute_pi","6","6","1393","The Unsolved Mystery of Pi through Block Collisions"
"mistral-7b-v0.3","compute_pi","6","7","1393","Are Small Angle Approximations Enough? The Pi Conundrum"
"mistral-7b-v0.3","compute_pi","6","8","1393","The Unsolved Mystery of Pi through Block Collisions"
"mistral-7b-v0.3","compute_pi","6","9","1393","The Pi Puzzle: An Unsolved Conundrum in Block Collisions"
"mistral-7b-v0.3","compute_pi","6","10","1393","Are Small Angle Approximations Sufficient for Pi Calculation?"
"mistral-7b-v0.3","compute_pi","7","1","1501","Pure Math Exposes Hidden Connections"
"mistral-7b-v0.3","compute_pi","7","2","1501","Pure Math Exposes Hidden Connections"
"mistral-7b-v0.3","compute_pi","7","3","1501","Pure Math Exposes Hidden Connections"
"mistral-7b-v0.3","compute_pi","7","4","1501","Pure Math Exposes Hidden Connections"
"mistral-7b-v0.3","compute_pi","7","5","1501","Pure Math Exposes Hidden Connections"
"mistral-7b-v0.3","compute_pi","7","6","1501","The Pure Math Connection: Blocks, Light, and Quantum Computing"
"mistral-7b-v0.3","compute_pi","7","7","1501","Unveiling Hidden Connections: Quantum Computing & Block Collisions"
"mistral-7b-v0.3","compute_pi","7","8","1501","The Hidden Connections Between Blocks, Pie, and Quantum Computing"
"mistral-7b-v0.3","compute_pi","7","9","1501","Pure Math Unveils Hidden Connections"
"mistral-7b-v0.3","compute_pi","7","10","1501","Pure Math Exposes Hidden Connections"
"tinyllama","compute_pi","1","1","0","How Two Colliding Blocks Compute"
"tinyllama","compute_pi","1","2","0","How Two Colliding Blocks Compute"
"tinyllama","compute_pi","1","3","0","How Two Colliding Blocks Compute"
"tinyllama","compute_pi","1","4","0","How Two Colliding Blocks Can Compute"
"tinyllama","compute_pi","1","5","0","Grover’s Algorithm for Search"
"tinyllama","compute_pi","1","6","0","How Two Colliding Blocks Can Compute"
"tinyllama","compute_pi","1","7","0","Grover’s Algorithm for Search"
"tinyllama","compute_pi","1","8","0","How Two Colliding Blocks Can Compute"
"tinyllama","compute_pi","1","9","0","How Two Colliding Blocks Can Compute"
"tinyllama","compute_pi","1","10","0","Grover’s Algorithm for Search"
"tinyllama","compute_pi","2","1","127","The Biggest Mass Puzzle Ever!"
"tinyllama","compute_pi","2","2","127","How Big Is That Mass?"
"tinyllama","compute_pi","2","3","127","The Biggest Puzzle in Physics"
"tinyllama","compute_pi","2","4","127","The Biggest Puzzle Ever"
"tinyllama","compute_pi","2","5","127","The Physics of Colliding Masses"
"tinyllama","compute_pi","2","6","127","The Biggest Mass Ever"
"tinyllama","compute_pi","2","7","127","The Biggest Mass Puzzle Ever!"
"tinyllama","compute_pi","2","8","127","The Biggest Mass Ever"
"tinyllama","compute_pi","2","9","127","The Biggest Mass Puzzle Ever"
"tinyllama","compute_pi","2","10","127","The Biggest Puzzle Ever Solved"
"tinyllama","compute_pi","3","1","232","Unsolved Problems in Quantum Computer Science: A Second Edition Solution Video"
"tinyllama","compute_pi","3","2","232","How to Solve the Block Collapse Puzzle"
"tinyllama","compute_pi","3","3","232","The Connection Between Block Collapse and Quantum Computing"
"tinyllama","compute_pi","3","4","232","The Secret Connection Between Quantum Computer Search Algorithms and Block Collision Puzzles"
"tinyllama","compute_pi","3","5","232","The Connection Between Block Collision and Quantum Computing"
"tinyllama","compute_pi","3","6","232","The Connection Between Block Collapse and Quantum Computing"
"tinyllama","compute_pi","3","7","232","The Secret Connection Between Block Collapse And Quantum Computing"
"tinyllama","compute_pi","3","8","232","The Puzzles of Quantum Computing"
"tinyllama","compute_pi","3","9","232","How to Solve the Puzzle of Block Collision Numbers and Understand Quantum Computing"
"tinyllama","compute_pi","3","10","232","A Second Edition of the Solution Video"
"tinyllama","compute_pi","4","1","331","What makes this puzzle great, aside from the surprising pie, of course, is how well poised it is to be a general problem solving lesson. Very often when I present this as a lecture, I like to start by inviting the audience to begin by listing out a few general problem solving principles. You might enjoy thinking of a few of your own, and as we go through, I'll highlight a couple that I have written down here. For example, one that's seemingly trivial but surprisingly useful is that if you're stuck on a hard problem, and I would consider this a hard problem, It never hurts to just list any equations or theorems that might somehow be relevant. So for this puzzle where we have some colliding blocks, two relevant laws that might come to mind, especially if you have a recent physics class somewhere in your history, would be the conservation of energy and the conservation of momentum. The energy of one of these moving blocks would be one-half times its mass times its velocity squared. So let's say we call the mass of the big block M1 and call its velocity V1. And likewise the mass of that little block will be M2 and its ever-changing velocity will be V2. Then the total kinetic energy between these two blocks is what you get by plugging in the numbers and adding these two quantities. The conservation of energy essentially says this number won't change throughout the experiment. Those two velocities will change, but they have to do so in such a way that this whole expression equals the same number. This is all, of course, assuming that no energy is lost to friction or to the collisions. The other quantity that's conserved is momentum. And the momentum for each block looks even simpler. It's just its mass times its velocity. So again, when you plug in the numbers and you compute this expression, you'll get something. And what the conservation of momentum tells us is that whatever that number is, it doesn't change even after the blocks collide with each other. Now, unlike energy, this momentum expression will actually change after that little block collides against the wall. Because really what's going on is it's transferring some of its momentum into that wall. Technically speaking, that should mean the wall starts moving a tiny amount. But again, we'll be idealistic and assume the wall is supermassive or fixed into the earth, and any movement that it has is negligible. Another principle I have up here is to just draw pictures. When you're trying to figure something out, actually make some figures. Visual intuition can help to think about things in different ways, and sometimes staring at the right diagram can expose a solution. So in this context, where the two values that are changing are v1 and v2, you might be inspired to draw a coordinate plane, where the x coordinate encodes this value v1, and the y coordinate encodes this value v2. Just to be crystal clear on what I mean by that, as the experiment unfolds and the blocks collide with each other and their two velocities change with each collision, this little point inside our space is going to move around that space as those two velocities change. Always doing so in such a way that it's coordinates tell you what v1 and v2 are. The hope is that as the whole experiment unfolds, and we consider how exactly this point bounces around this slightly abstract velocity space, studying the path of that point can maybe yield insights about the underlying dynamics for the blocks. Even though we're just getting warmed up, this really is the key step in our whole problem solving process. And it's a pretty common thing to do throughout physics, where if you have some dynamical situation with multiple numbers that are changing, when you package all those numbers together as a single point in a higher dimensional space, studying how that point moves through the space has a way of clarifying the whole problem. You could call this a state space, and this particular state space for us holds within it the key connection to the quantum computing parallel that we're going to be building up to. Now, in the context of this abstract velocity space, take a moment to think about what this conservation of energy equation is really telling us. When you take some number times x squared plus some number times y squared and set it equal to a constant, this is the equation for an ellipse. Our specific ellipse will be more squished in the x direction since that number sitting in front of x is larger than the number sitting in front of y, and the size of the ellipse will depend on the total energy of the system. And this comes from what the initial velocity of that big block was. And interestingly, I never told you that velocity. It doesn't actually change the final answer. Whether it comes in fast or it comes in slow, you get the same total number of collisions, the experiment just unfolds more quickly or more slowly. As our experiment unfolds and that pair of velocities changes, it always does so in such a way that this point inside our state space stays constrained to this ellipse. If it landed anywhere else, it would mean energy was not conserved. Another principle I want to bring up here is how math and math adjacent fields tend to reward you when you respect their symmetries. And in this case, we already know that pi is going to be somehow relevant to the answer, and pi has everything to do with circles, relating distances around the circumference of that circle to the radius. So on our hunt for pi, it's tantalizingly close to be working with an ellipse like this, and you might feel like it would be all the more natural and maybe more promising if this was instead a circle. Now we can actually make this into a circle just by changing what the coordinates of that state space represent. Here's what I mean by that. The equation for a circle looks like x squared plus y squared equals some constant without any numbers sitting in front of those variables. If I let x not represent v1, but I let it represent the square root of m1 times v1, then x squared gives us something that looks like two times the kinetic energy. And similarly, if y represents the square root of m2 times v2, that y coordinate also more directly captures the energy of the little block. And this equation for the circle, x squared plus y squared equals some constant, now captures the conservation of energy, but in this rescaled coordinate system. Like I said, the hope is that adding a little more symmetry will make our problem easier to solve, and in a moment you'll see how this is true. Let's take a minute to get a little familiar with what this diagram is really telling us. For example, at the very beginning, that big block has a negative velocity, so we must be somewhere on this left half of the plane, and that little block starts off stationary, meaning the y coordinate is zero, and so we have to start out at the leftmost point of this circle. That's the initial condition. Now, after they collide with each other, what happens? Where do we end up? Well, physical intuition tells us that that little block picks up some kind of negative velocity. So we're going to have to end up somewhere where the y-coordinate is negative. And that big block loses some of its momentum. So the x-coordinate is going to get a little closer to 0 from where it was, even if you don't know exactly how much. And again, we have to stay somewhere on this circle. The circle represents all the points that have the same total energy. And so you might guess that our point lands somewhere on like this arc right here. To be more exact, we need to introduce the second conservation law, the conservation of momentum. Keep in mind, though, at this point I've changed what the coordinates mean. So in our new coordinates, the momentum of the first block looks like the square root of m1 times x, and the momentum of the second looks like the square root of m2 times y. It's all saying the same thing, it's just a different coordinate system, and those masses are just constants anyway. The significance is that this whole equation is a linear equation in x and y, So in our diagram, it's going to look like some kind of line. More specifically, you can work out it's a line whose slope is the negative square root of the big mass divided by the small mass. Now this slope is going to be very important for us. It's the key quantity that we'll use to get the numerical answer that has digits looking like pi. And that square root is going to be very important for us later when we get to the quantum computing case. So remember this expression. Where this momentum line sits left and right depends on what the total momentum of the pair of blocks is. We know that we start off on this leftmost point of the circle, so the line has to pass through that point. Every other point on this line is telling us every other pair of velocities they would have the same net momentum. And as you've no doubt noticed, this line intersects the circle at exactly two places, meaning there are only two pairs of velocities out there, with this same kinetic energy and the same momentum as the initial condition. So after the blocks bounce off of each other, we must hop over to this other point, which is the intersection of the two lines. And then we've got to find the slope of that line. This slope is just the square of the inverse of the distance traveled, which we can calculate using the conservation laws. So I'm going to show you how to do that in a second. But before we do that, let me give you a quick reminder of the conservation law that we used earlier. In order to understand the next part, you need to know"
"tinyllama","compute_pi","4","2","331","What makes this puzzle great, aside from the surprising pie, of course, is how well poised it is to be a general problem solving lesson. Very often when I present this as a lecture, I like to start by inviting the audience to begin by listing out a few general problem solving principles. You might enjoy thinking of a few of your own, and as we go through, I'll highlight a couple that I have written down here. For example, one that's seemingly trivial but surprisingly useful is that if you're stuck on a hard problem, and I would consider this a hard problem, It never hurts to just list any equations or theorems that might somehow be relevant. So for this puzzle where we have some colliding blocks, two relevant laws that might come to mind, especially if you have a recent physics class somewhere in your history, would be the conservation of energy and the conservation of momentum. The energy of one of these moving blocks would be one-half times its mass times its velocity squared. So let's say we call the mass of the big block M1 and call its velocity V1. And likewise the mass of that little block will be M2 and its ever-changing velocity will be V2. Then the total kinetic energy between these two blocks is what you get by plugging in the numbers and adding these two quantities. The conservation of energy essentially says this number won't change throughout the experiment. Those two velocities will change, but they have to do so in such a way that this whole expression equals the same number. This is all, of course, assuming that no energy is lost to friction or to the collisions. The other quantity that's conserved is momentum. And the momentum for each block looks even simpler. It's just its mass times its velocity. So again, when you plug in the numbers and you compute this expression, you'll get something. And what the conservation of momentum tells us is that whatever that number is, it doesn't change even after the blocks collide with each other. Now, unlike energy, this momentum expression will actually change after that little block collides against the wall. Because really what's going on is it's transferring some of its momentum into that wall. Technically speaking, that should mean the wall starts moving a tiny amount. But again, we'll be idealistic and assume the wall is supermassive or fixed into the earth, and any movement that it has is negligible. Another principle I have up here is to just draw pictures. When you're trying to figure something out, actually make some figures. Visual intuition can help to think about things in different ways, and sometimes staring at the right diagram can expose a solution. So in this context, where the two values that are changing are v1 and v2, you might be inspired to draw a coordinate plane, where the x coordinate encodes this value v1, and the y coordinate encodes this value v2. Just to be crystal clear on what I mean by that, as the experiment unfolds and the blocks collide with each other and their two velocities change with each collision, this little point inside our space is going to move around that space as those two velocities change. Always doing so in such a way that it's coordinates tell you what v1 and v2 are. The hope is that as the whole experiment unfolds, and we consider how exactly this point bounces around this slightly abstract velocity space, studying the path of that point can maybe yield insights about the underlying dynamics for the blocks. Even though we're just getting warmed up, this really is the key step in our whole problem solving process. And it's a pretty common thing to do throughout physics, where if you have some dynamical situation with multiple numbers that are changing, when you package all those numbers together as a single point in a higher dimensional space, studying how that point moves through the space has a way of clarifying the whole problem. You could call this a state space, and this particular state space for us holds within it the key connection to the quantum computing parallel that we're going to be building up to. Now, in the context of this abstract velocity space, take a moment to think about what this conservation of energy equation is really telling us. When you take some number times x squared plus some number times y squared and set it equal to a constant, this is the equation for an ellipse. Our specific ellipse will be more squished in the x direction since that number sitting in front of x is larger than the number sitting in front of y, and the size of the ellipse will depend on the total energy of the system. And this comes from what the initial velocity of that big block was. And interestingly, I never told you that velocity. It doesn't actually change the final answer. Whether it comes in fast or it comes in slow, you get the same total number of collisions, the experiment just unfolds more quickly or more slowly. As our experiment unfolds and that pair of velocities changes, it always does so in such a way that this point inside our state space stays constrained to this ellipse. If it landed anywhere else, it would mean energy was not conserved. Another principle I want to bring up here is how math and math adjacent fields tend to reward you when you respect their symmetries. And in this case, we already know that pi is going to be somehow relevant to the answer, and pi has everything to do with circles, relating distances around the circumference of that circle to the radius. So on our hunt for pi, it's tantalizingly close to be working with an ellipse like this, and you might feel like it would be all the more natural and maybe more promising if this was instead a circle. Now we can actually make this into a circle just by changing what the coordinates of that state space represent. Here's what I mean by that. The equation for a circle looks like x squared plus y squared equals some constant without any numbers sitting in front of those variables. If I let x not represent v1, but I let it represent the square root of m1 times v1, then x squared gives us something that looks like two times the kinetic energy. And similarly, if y represents the square root of m2 times v2, that y coordinate also more directly captures the energy of the little block. And this equation for the circle, x squared plus y squared equals some constant, now captures the conservation of energy, but in this rescaled coordinate system. Like I said, the hope is that adding a little more symmetry will make our problem easier to solve, and in a moment you'll see how this is true. Let's take a minute to get a little familiar with what this diagram is really telling us. For example, at the very beginning, that big block has a negative velocity, so we must be somewhere on this left half of the plane, and that little block starts off stationary, meaning the y coordinate is zero, and so we have to start out at the leftmost point of this circle. That's the initial condition. Now, after they collide with each other, what happens? Where do we end up? Well, physical intuition tells us that that little block picks up some kind of negative velocity. So we're going to have to end up somewhere where the y-coordinate is negative. And that big block loses some of its momentum. So the x-coordinate is going to get a little closer to 0 from where it was, even if you don't know exactly how much. And again, we have to stay somewhere on this circle. The circle represents all the points that have the same total energy. And so you might guess that our point lands somewhere on like this arc right here. To be more exact, we need to introduce the second conservation law, the conservation of momentum. Keep in mind, though, at this point I've changed what the coordinates mean. So in our new coordinates, the momentum of the first block looks like the square root of m1 times x, and the momentum of the second looks like the square root of m2 times y. It's all saying the same thing, it's just a different coordinate system, and those masses are just constants anyway. The significance is that this whole equation is a linear equation in x and y, So in our diagram, it's going to look like some kind of line. More specifically, you can work out it's a line whose slope is the negative square root of the big mass divided by the small mass. Now this slope is going to be very important for us. It's the key quantity that we'll use to get the numerical answer that has digits looking like pi. And that square root is going to be very important for us later when we get to the quantum computing case. So remember this expression. Where this momentum line sits left and right depends on what the total momentum of the pair of blocks is. We know that we start off on this leftmost point of the circle, so the line has to pass through that point. Every other point on this line is telling us every other pair of velocities they would have the same net momentum. And as you've no doubt noticed, this line intersects the circle at exactly two places, meaning there are only two pairs of velocities out there, with this same kinetic energy and the same momentum as the initial condition. So after the blocks bounce off of each other, we must hop over to this other point, and then we've got another chance to hop back to the left side of the curve. This time, we end on the right side of this curve, which means we'd have to hop over and then hop back over to the other side of that curve. So that'll give us the same result. The slope of this line will be the same as the slope of the original circle. And because the slope is a constant that'd be the square of the constant"
"tinyllama","compute_pi","4","3","331","What makes this puzzle great, aside from the surprising pie, of course, is how well poised it is to be a general problem solving lesson. Very often when I present this as a lecture, I like to start by inviting the audience to begin by listing out a few general problem solving principles. You might enjoy thinking of a few of your own, and as we go through, I'll highlight a couple that I have written down here. For example, one that's seemingly trivial but surprisingly useful is that if you're stuck on a hard problem, and I would consider this a hard problem, It never hurts to just list any equations or theorems that might somehow be relevant. So for this puzzle where we have some colliding blocks, two relevant laws that might come to mind, especially if you have a recent physics class somewhere in your history, would be the conservation of energy and the conservation of momentum. The energy of one of these moving blocks would be one-half times its mass times its velocity squared. So let's say we call the mass of the big block M1 and call its velocity V1. And likewise the mass of that little block will be M2 and its ever-changing velocity will be V2. Then the total kinetic energy between these two blocks is what you get by plugging in the numbers and adding these two quantities. The conservation of energy essentially says this number won't change throughout the experiment. Those two velocities will change, but they have to do so in such a way that this whole expression equals the same number. This is all, of course, assuming that no energy is lost to friction or to the collisions. The other quantity that's conserved is momentum. And the momentum for each block looks even simpler. It's just its mass times its velocity. So again, when you plug in the numbers and you compute this expression, you'll get something. And what the conservation of momentum tells us is that whatever that number is, it doesn't change even after the blocks collide with each other. Now, unlike energy, this momentum expression will actually change after that little block collides against the wall. Because really what's going on is it's transferring some of its momentum into that wall. Technically speaking, that should mean the wall starts moving a tiny amount. But again, we'll be idealistic and assume the wall is supermassive or fixed into the earth, and any movement that it has is negligible. Another principle I have up here is to just draw pictures. When you're trying to figure something out, actually make some figures. Visual intuition can help to think about things in different ways, and sometimes staring at the right diagram can expose a solution. So in this context, where the two values that are changing are v1 and v2, you might be inspired to draw a coordinate plane, where the x coordinate encodes this value v1, and the y coordinate encodes this value v2. Just to be crystal clear on what I mean by that, as the experiment unfolds and the blocks collide with each other and their two velocities change with each collision, this little point inside our space is going to move around that space as those two velocities change. Always doing so in such a way that it's coordinates tell you what v1 and v2 are. The hope is that as the whole experiment unfolds, and we consider how exactly this point bounces around this slightly abstract velocity space, studying the path of that point can maybe yield insights about the underlying dynamics for the blocks. Even though we're just getting warmed up, this really is the key step in our whole problem solving process. And it's a pretty common thing to do throughout physics, where if you have some dynamical situation with multiple numbers that are changing, when you package all those numbers together as a single point in a higher dimensional space, studying how that point moves through the space has a way of clarifying the whole problem. You could call this a state space, and this particular state space for us holds within it the key connection to the quantum computing parallel that we're going to be building up to. Now, in the context of this abstract velocity space, take a moment to think about what this conservation of energy equation is really telling us. When you take some number times x squared plus some number times y squared and set it equal to a constant, this is the equation for an ellipse. Our specific ellipse will be more squished in the x direction since that number sitting in front of x is larger than the number sitting in front of y, and the size of the ellipse will depend on the total energy of the system. And this comes from what the initial velocity of that big block was. And interestingly, I never told you that velocity. It doesn't actually change the final answer. Whether it comes in fast or it comes in slow, you get the same total number of collisions, the experiment just unfolds more quickly or more slowly. As our experiment unfolds and that pair of velocities changes, it always does so in such a way that this point inside our state space stays constrained to this ellipse. If it landed anywhere else, it would mean energy was not conserved. Another principle I want to bring up here is how math and math adjacent fields tend to reward you when you respect their symmetries. And in this case, we already know that pi is going to be somehow relevant to the answer, and pi has everything to do with circles, relating distances around the circumference of that circle to the radius. So on our hunt for pi, it's tantalizingly close to be working with an ellipse like this, and you might feel like it would be all the more natural and maybe more promising if this was instead a circle. Now we can actually make this into a circle just by changing what the coordinates of that state space represent. Here's what I mean by that. The equation for a circle looks like x squared plus y squared equals some constant without any numbers sitting in front of those variables. If I let x not represent v1, but I let it represent the square root of m1 times v1, then x squared gives us something that looks like two times the kinetic energy. And similarly, if y represents the square root of m2 times v2, that y coordinate also more directly captures the energy of the little block. And this equation for the circle, x squared plus y squared equals some constant, now captures the conservation of energy, but in this rescaled coordinate system. Like I said, the hope is that adding a little more symmetry will make our problem easier to solve, and in a moment you'll see how this is true. Let's take a minute to get a little familiar with what this diagram is really telling us. For example, at the very beginning, that big block has a negative velocity, so we must be somewhere on this left half of the plane, and that little block starts off stationary, meaning the y coordinate is zero, and so we have to start out at the leftmost point of this circle. That's the initial condition. Now, after they collide with each other, what happens? Where do we end up? Well, physical intuition tells us that that little block picks up some kind of negative velocity. So we're going to have to end up somewhere where the y-coordinate is negative. And that big block loses some of its momentum. So the x-coordinate is going to get a little closer to 0 from where it was, even if you don't know exactly how much. And again, we have to stay somewhere on this circle. The circle represents all the points that have the same total energy. And so you might guess that our point lands somewhere on like this arc right here. To be more exact, we need to introduce the second conservation law, the conservation of momentum. Keep in mind, though, at this point I've changed what the coordinates mean. So in our new coordinates, the momentum of the first block looks like the square root of m1 times x, and the momentum of the second looks like the square root of m2 times y. It's all saying the same thing, it's just a different coordinate system, and those masses are just constants anyway. The significance is that this whole equation is a linear equation in x and y, So in our diagram, it's going to look like some kind of line. More specifically, you can work out it's a line whose slope is the negative square root of the big mass divided by the small mass. Now this slope is going to be very important for us. It's the key quantity that we'll use to get the numerical answer that has digits looking like pi. And that square root is going to be very important for us later when we get to the quantum computing case. So remember this expression. Where this momentum line sits left and right depends on what the total momentum of the pair of blocks is. We know that we start off on this leftmost point of the circle, so the line has to pass through that point. Every other point on this line is telling us every other pair of velocities they would have the same net momentum. And as you've no doubt noticed, this line intersects the circle at exactly two places, meaning there are only two pairs of velocities out there, with this same kinetic energy and the same momentum as the initial condition. So after the blocks bounce off of each other, we must hop over to this other point where the momentum is zero. And then we've got to keep moving along this line until we hit the other endpoint. And finally, once we'd gone through all the possible combinations of velocites and momentsums, we can find the numerical value of pi. This line is the only one that fits all the conditions. And because we know that the total momenta of the two blocks are the same, we know the slope of this line must be the square of the inverse of the ratio"
"tinyllama","compute_pi","4","4","331","What makes this puzzle great, aside from the surprising pie, of course, is how well poised it is to be a general problem solving lesson. Very often when I present this as a lecture, I like to start by inviting the audience to begin by listing out a few general problem solving principles. You might enjoy thinking of a few of your own, and as we go through, I'll highlight a couple that I have written down here. For example, one that's seemingly trivial but surprisingly useful is that if you're stuck on a hard problem, and I would consider this a hard problem, It never hurts to just list any equations or theorems that might somehow be relevant. So for this puzzle where we have some colliding blocks, two relevant laws that might come to mind, especially if you have a recent physics class somewhere in your history, would be the conservation of energy and the conservation of momentum. The energy of one of these moving blocks would be one-half times its mass times its velocity squared. So let's say we call the mass of the big block M1 and call its velocity V1. And likewise the mass of that little block will be M2 and its ever-changing velocity will be V2. Then the total kinetic energy between these two blocks is what you get by plugging in the numbers and adding these two quantities. The conservation of energy essentially says this number won't change throughout the experiment. Those two velocities will change, but they have to do so in such a way that this whole expression equals the same number. This is all, of course, assuming that no energy is lost to friction or to the collisions. The other quantity that's conserved is momentum. And the momentum for each block looks even simpler. It's just its mass times its velocity. So again, when you plug in the numbers and you compute this expression, you'll get something. And what the conservation of momentum tells us is that whatever that number is, it doesn't change even after the blocks collide with each other. Now, unlike energy, this momentum expression will actually change after that little block collides against the wall. Because really what's going on is it's transferring some of its momentum into that wall. Technically speaking, that should mean the wall starts moving a tiny amount. But again, we'll be idealistic and assume the wall is supermassive or fixed into the earth, and any movement that it has is negligible. Another principle I have up here is to just draw pictures. When you're trying to figure something out, actually make some figures. Visual intuition can help to think about things in different ways, and sometimes staring at the right diagram can expose a solution. So in this context, where the two values that are changing are v1 and v2, you might be inspired to draw a coordinate plane, where the x coordinate encodes this value v1, and the y coordinate encodes this value v2. Just to be crystal clear on what I mean by that, as the experiment unfolds and the blocks collide with each other and their two velocities change with each collision, this little point inside our space is going to move around that space as those two velocities change. Always doing so in such a way that it's coordinates tell you what v1 and v2 are. The hope is that as the whole experiment unfolds, and we consider how exactly this point bounces around this slightly abstract velocity space, studying the path of that point can maybe yield insights about the underlying dynamics for the blocks. Even though we're just getting warmed up, this really is the key step in our whole problem solving process. And it's a pretty common thing to do throughout physics, where if you have some dynamical situation with multiple numbers that are changing, when you package all those numbers together as a single point in a higher dimensional space, studying how that point moves through the space has a way of clarifying the whole problem. You could call this a state space, and this particular state space for us holds within it the key connection to the quantum computing parallel that we're going to be building up to. Now, in the context of this abstract velocity space, take a moment to think about what this conservation of energy equation is really telling us. When you take some number times x squared plus some number times y squared and set it equal to a constant, this is the equation for an ellipse. Our specific ellipse will be more squished in the x direction since that number sitting in front of x is larger than the number sitting in front of y, and the size of the ellipse will depend on the total energy of the system. And this comes from what the initial velocity of that big block was. And interestingly, I never told you that velocity. It doesn't actually change the final answer. Whether it comes in fast or it comes in slow, you get the same total number of collisions, the experiment just unfolds more quickly or more slowly. As our experiment unfolds and that pair of velocities changes, it always does so in such a way that this point inside our state space stays constrained to this ellipse. If it landed anywhere else, it would mean energy was not conserved. Another principle I want to bring up here is how math and math adjacent fields tend to reward you when you respect their symmetries. And in this case, we already know that pi is going to be somehow relevant to the answer, and pi has everything to do with circles, relating distances around the circumference of that circle to the radius. So on our hunt for pi, it's tantalizingly close to be working with an ellipse like this, and you might feel like it would be all the more natural and maybe more promising if this was instead a circle. Now we can actually make this into a circle just by changing what the coordinates of that state space represent. Here's what I mean by that. The equation for a circle looks like x squared plus y squared equals some constant without any numbers sitting in front of those variables. If I let x not represent v1, but I let it represent the square root of m1 times v1, then x squared gives us something that looks like two times the kinetic energy. And similarly, if y represents the square root of m2 times v2, that y coordinate also more directly captures the energy of the little block. And this equation for the circle, x squared plus y squared equals some constant, now captures the conservation of energy, but in this rescaled coordinate system. Like I said, the hope is that adding a little more symmetry will make our problem easier to solve, and in a moment you'll see how this is true. Let's take a minute to get a little familiar with what this diagram is really telling us. For example, at the very beginning, that big block has a negative velocity, so we must be somewhere on this left half of the plane, and that little block starts off stationary, meaning the y coordinate is zero, and so we have to start out at the leftmost point of this circle. That's the initial condition. Now, after they collide with each other, what happens? Where do we end up? Well, physical intuition tells us that that little block picks up some kind of negative velocity. So we're going to have to end up somewhere where the y-coordinate is negative. And that big block loses some of its momentum. So the x-coordinate is going to get a little closer to 0 from where it was, even if you don't know exactly how much. And again, we have to stay somewhere on this circle. The circle represents all the points that have the same total energy. And so you might guess that our point lands somewhere on like this arc right here. To be more exact, we need to introduce the second conservation law, the conservation of momentum. Keep in mind, though, at this point I've changed what the coordinates mean. So in our new coordinates, the momentum of the first block looks like the square root of m1 times x, and the momentum of the second looks like the square root of m2 times y. It's all saying the same thing, it's just a different coordinate system, and those masses are just constants anyway. The significance is that this whole equation is a linear equation in x and y, So in our diagram, it's going to look like some kind of line. More specifically, you can work out it's a line whose slope is the negative square root of the big mass divided by the small mass. Now this slope is going to be very important for us. It's the key quantity that we'll use to get the numerical answer that has digits looking like pi. And that square root is going to be very important for us later when we get to the quantum computing case. So remember this expression. Where this momentum line sits left and right depends on what the total momentum of the pair of blocks is. We know that we start off on this leftmost point of the circle, so the line has to pass through that point. Every other point on this line is telling us every other pair of velocities they would have the same net momentum. And as you've no doubt noticed, this line intersects the circle at exactly two places, meaning there are only two pairs of velocities out there, with this same kinetic energy and the same momentum as the initial condition. So after the blocks bounce off of each other, we must hop over to this other point where the momentum is zero. This point is the intersection of the line and the circle. And we've got to keep moving along this line until we reach this other intersection point. In the next slide, I want you to try to visualize this. Can you imagine a circle with two points, one at the origin and one at infinity? And then imagine a line that goes through both of them? That'll give you a sense of what I'm talking about. Now let"
"tinyllama","compute_pi","4","5","331","What makes this puzzle great, aside from the surprising pie, of course, is how well poised it is to be a general problem solving lesson. Very often when I present this as a lecture, I like to start by inviting the audience to begin by listing out a few general problem solving principles. You might enjoy thinking of a few of your own, and as we go through, I'll highlight a couple that I have written down here. For example, one that's seemingly trivial but surprisingly useful is that if you're stuck on a hard problem, and I would consider this a hard problem, It never hurts to just list any equations or theorems that might somehow be relevant. So for this puzzle where we have some colliding blocks, two relevant laws that might come to mind, especially if you have a recent physics class somewhere in your history, would be the conservation of energy and the conservation of momentum. The energy of one of these moving blocks would be one-half times its mass times its velocity squared. So let's say we call the mass of the big block M1 and call its velocity V1. And likewise the mass of that little block will be M2 and its ever-changing velocity will be V2. Then the total kinetic energy between these two blocks is what you get by plugging in the numbers and adding these two quantities. The conservation of energy essentially says this number won't change throughout the experiment. Those two velocities will change, but they have to do so in such a way that this whole expression equals the same number. This is all, of course, assuming that no energy is lost to friction or to the collisions. The other quantity that's conserved is momentum. And the momentum for each block looks even simpler. It's just its mass times its velocity. So again, when you plug in the numbers and you compute this expression, you'll get something. And what the conservation of momentum tells us is that whatever that number is, it doesn't change even after the blocks collide with each other. Now, unlike energy, this momentum expression will actually change after that little block collides against the wall. Because really what's going on is it's transferring some of its momentum into that wall. Technically speaking, that should mean the wall starts moving a tiny amount. But again, we'll be idealistic and assume the wall is supermassive or fixed into the earth, and any movement that it has is negligible. Another principle I have up here is to just draw pictures. When you're trying to figure something out, actually make some figures. Visual intuition can help to think about things in different ways, and sometimes staring at the right diagram can expose a solution. So in this context, where the two values that are changing are v1 and v2, you might be inspired to draw a coordinate plane, where the x coordinate encodes this value v1, and the y coordinate encodes this value v2. Just to be crystal clear on what I mean by that, as the experiment unfolds and the blocks collide with each other and their two velocities change with each collision, this little point inside our space is going to move around that space as those two velocities change. Always doing so in such a way that it's coordinates tell you what v1 and v2 are. The hope is that as the whole experiment unfolds, and we consider how exactly this point bounces around this slightly abstract velocity space, studying the path of that point can maybe yield insights about the underlying dynamics for the blocks. Even though we're just getting warmed up, this really is the key step in our whole problem solving process. And it's a pretty common thing to do throughout physics, where if you have some dynamical situation with multiple numbers that are changing, when you package all those numbers together as a single point in a higher dimensional space, studying how that point moves through the space has a way of clarifying the whole problem. You could call this a state space, and this particular state space for us holds within it the key connection to the quantum computing parallel that we're going to be building up to. Now, in the context of this abstract velocity space, take a moment to think about what this conservation of energy equation is really telling us. When you take some number times x squared plus some number times y squared and set it equal to a constant, this is the equation for an ellipse. Our specific ellipse will be more squished in the x direction since that number sitting in front of x is larger than the number sitting in front of y, and the size of the ellipse will depend on the total energy of the system. And this comes from what the initial velocity of that big block was. And interestingly, I never told you that velocity. It doesn't actually change the final answer. Whether it comes in fast or it comes in slow, you get the same total number of collisions, the experiment just unfolds more quickly or more slowly. As our experiment unfolds and that pair of velocities changes, it always does so in such a way that this point inside our state space stays constrained to this ellipse. If it landed anywhere else, it would mean energy was not conserved. Another principle I want to bring up here is how math and math adjacent fields tend to reward you when you respect their symmetries. And in this case, we already know that pi is going to be somehow relevant to the answer, and pi has everything to do with circles, relating distances around the circumference of that circle to the radius. So on our hunt for pi, it's tantalizingly close to be working with an ellipse like this, and you might feel like it would be all the more natural and maybe more promising if this was instead a circle. Now we can actually make this into a circle just by changing what the coordinates of that state space represent. Here's what I mean by that. The equation for a circle looks like x squared plus y squared equals some constant without any numbers sitting in front of those variables. If I let x not represent v1, but I let it represent the square root of m1 times v1, then x squared gives us something that looks like two times the kinetic energy. And similarly, if y represents the square root of m2 times v2, that y coordinate also more directly captures the energy of the little block. And this equation for the circle, x squared plus y squared equals some constant, now captures the conservation of energy, but in this rescaled coordinate system. Like I said, the hope is that adding a little more symmetry will make our problem easier to solve, and in a moment you'll see how this is true. Let's take a minute to get a little familiar with what this diagram is really telling us. For example, at the very beginning, that big block has a negative velocity, so we must be somewhere on this left half of the plane, and that little block starts off stationary, meaning the y coordinate is zero, and so we have to start out at the leftmost point of this circle. That's the initial condition. Now, after they collide with each other, what happens? Where do we end up? Well, physical intuition tells us that that little block picks up some kind of negative velocity. So we're going to have to end up somewhere where the y-coordinate is negative. And that big block loses some of its momentum. So the x-coordinate is going to get a little closer to 0 from where it was, even if you don't know exactly how much. And again, we have to stay somewhere on this circle. The circle represents all the points that have the same total energy. And so you might guess that our point lands somewhere on like this arc right here. To be more exact, we need to introduce the second conservation law, the conservation of momentum. Keep in mind, though, at this point I've changed what the coordinates mean. So in our new coordinates, the momentum of the first block looks like the square root of m1 times x, and the momentum of the second looks like the square root of m2 times y. It's all saying the same thing, it's just a different coordinate system, and those masses are just constants anyway. The significance is that this whole equation is a linear equation in x and y, So in our diagram, it's going to look like some kind of line. More specifically, you can work out it's a line whose slope is the negative square root of the big mass divided by the small mass. Now this slope is going to be very important for us. It's the key quantity that we'll use to get the numerical answer that has digits looking like pi. And that square root is going to be very important for us later when we get to the quantum computing case. So remember this expression. Where this momentum line sits left and right depends on what the total momentum of the pair of blocks is. We know that we start off on this leftmost point of the circle, so the line has to pass through that point. Every other point on this line is telling us every other pair of velocities they would have the same net momentum. And as you've no doubt noticed, this line intersects the circle at exactly two places, meaning there are only two pairs of velocities out there, with this same kinetic energy and the same momentum as the initial condition. So after the blocks bounce off of each other, we must hop over to this other point, which is the intersection of the original circle and this line. In fact, this point is where the momentum is maximum. And because this line passes through that pivot point, it means that the total motion of the two blocks has been maximized. This line is called the centerline of the circular orbit. It turns out that this centerline is also the critical point of a quadratic equation. In order to find this critical point, we simply need to solve the quadratic equation for x. And once"
"tinyllama","compute_pi","4","6","331","What makes this puzzle great, aside from the surprising pie, of course, is how well poised it is to be a general problem solving lesson. Very often when I present this as a lecture, I like to start by inviting the audience to begin by listing out a few general problem solving principles. You might enjoy thinking of a few of your own, and as we go through, I'll highlight a couple that I have written down here. For example, one that's seemingly trivial but surprisingly useful is that if you're stuck on a hard problem, and I would consider this a hard problem, It never hurts to just list any equations or theorems that might somehow be relevant. So for this puzzle where we have some colliding blocks, two relevant laws that might come to mind, especially if you have a recent physics class somewhere in your history, would be the conservation of energy and the conservation of momentum. The energy of one of these moving blocks would be one-half times its mass times its velocity squared. So let's say we call the mass of the big block M1 and call its velocity V1. And likewise the mass of that little block will be M2 and its ever-changing velocity will be V2. Then the total kinetic energy between these two blocks is what you get by plugging in the numbers and adding these two quantities. The conservation of energy essentially says this number won't change throughout the experiment. Those two velocities will change, but they have to do so in such a way that this whole expression equals the same number. This is all, of course, assuming that no energy is lost to friction or to the collisions. The other quantity that's conserved is momentum. And the momentum for each block looks even simpler. It's just its mass times its velocity. So again, when you plug in the numbers and you compute this expression, you'll get something. And what the conservation of momentum tells us is that whatever that number is, it doesn't change even after the blocks collide with each other. Now, unlike energy, this momentum expression will actually change after that little block collides against the wall. Because really what's going on is it's transferring some of its momentum into that wall. Technically speaking, that should mean the wall starts moving a tiny amount. But again, we'll be idealistic and assume the wall is supermassive or fixed into the earth, and any movement that it has is negligible. Another principle I have up here is to just draw pictures. When you're trying to figure something out, actually make some figures. Visual intuition can help to think about things in different ways, and sometimes staring at the right diagram can expose a solution. So in this context, where the two values that are changing are v1 and v2, you might be inspired to draw a coordinate plane, where the x coordinate encodes this value v1, and the y coordinate encodes this value v2. Just to be crystal clear on what I mean by that, as the experiment unfolds and the blocks collide with each other and their two velocities change with each collision, this little point inside our space is going to move around that space as those two velocities change. Always doing so in such a way that it's coordinates tell you what v1 and v2 are. The hope is that as the whole experiment unfolds, and we consider how exactly this point bounces around this slightly abstract velocity space, studying the path of that point can maybe yield insights about the underlying dynamics for the blocks. Even though we're just getting warmed up, this really is the key step in our whole problem solving process. And it's a pretty common thing to do throughout physics, where if you have some dynamical situation with multiple numbers that are changing, when you package all those numbers together as a single point in a higher dimensional space, studying how that point moves through the space has a way of clarifying the whole problem. You could call this a state space, and this particular state space for us holds within it the key connection to the quantum computing parallel that we're going to be building up to. Now, in the context of this abstract velocity space, take a moment to think about what this conservation of energy equation is really telling us. When you take some number times x squared plus some number times y squared and set it equal to a constant, this is the equation for an ellipse. Our specific ellipse will be more squished in the x direction since that number sitting in front of x is larger than the number sitting in front of y, and the size of the ellipse will depend on the total energy of the system. And this comes from what the initial velocity of that big block was. And interestingly, I never told you that velocity. It doesn't actually change the final answer. Whether it comes in fast or it comes in slow, you get the same total number of collisions, the experiment just unfolds more quickly or more slowly. As our experiment unfolds and that pair of velocities changes, it always does so in such a way that this point inside our state space stays constrained to this ellipse. If it landed anywhere else, it would mean energy was not conserved. Another principle I want to bring up here is how math and math adjacent fields tend to reward you when you respect their symmetries. And in this case, we already know that pi is going to be somehow relevant to the answer, and pi has everything to do with circles, relating distances around the circumference of that circle to the radius. So on our hunt for pi, it's tantalizingly close to be working with an ellipse like this, and you might feel like it would be all the more natural and maybe more promising if this was instead a circle. Now we can actually make this into a circle just by changing what the coordinates of that state space represent. Here's what I mean by that. The equation for a circle looks like x squared plus y squared equals some constant without any numbers sitting in front of those variables. If I let x not represent v1, but I let it represent the square root of m1 times v1, then x squared gives us something that looks like two times the kinetic energy. And similarly, if y represents the square root of m2 times v2, that y coordinate also more directly captures the energy of the little block. And this equation for the circle, x squared plus y squared equals some constant, now captures the conservation of energy, but in this rescaled coordinate system. Like I said, the hope is that adding a little more symmetry will make our problem easier to solve, and in a moment you'll see how this is true. Let's take a minute to get a little familiar with what this diagram is really telling us. For example, at the very beginning, that big block has a negative velocity, so we must be somewhere on this left half of the plane, and that little block starts off stationary, meaning the y coordinate is zero, and so we have to start out at the leftmost point of this circle. That's the initial condition. Now, after they collide with each other, what happens? Where do we end up? Well, physical intuition tells us that that little block picks up some kind of negative velocity. So we're going to have to end up somewhere where the y-coordinate is negative. And that big block loses some of its momentum. So the x-coordinate is going to get a little closer to 0 from where it was, even if you don't know exactly how much. And again, we have to stay somewhere on this circle. The circle represents all the points that have the same total energy. And so you might guess that our point lands somewhere on like this arc right here. To be more exact, we need to introduce the second conservation law, the conservation of momentum. Keep in mind, though, at this point I've changed what the coordinates mean. So in our new coordinates, the momentum of the first block looks like the square root of m1 times x, and the momentum of the second looks like the square root of m2 times y. It's all saying the same thing, it's just a different coordinate system, and those masses are just constants anyway. The significance is that this whole equation is a linear equation in x and y, So in our diagram, it's going to look like some kind of line. More specifically, you can work out it's a line whose slope is the negative square root of the big mass divided by the small mass. Now this slope is going to be very important for us. It's the key quantity that we'll use to get the numerical answer that has digits looking like pi. And that square root is going to be very important for us later when we get to the quantum computing case. So remember this expression. Where this momentum line sits left and right depends on what the total momentum of the pair of blocks is. We know that we start off on this leftmost point of the circle, so the line has to pass through that point. Every other point on this line is telling us every other pair of velocities they would have the same net momentum. And as you've no doubt noticed, this line intersects the circle at exactly two places, meaning there are only two pairs of velocities out there, with this same kinetic energy and the same momentum as the initial condition. So after the blocks bounce off of each other, we must hop over to this other point, which is the intersection of the line and the circle. And once we've done that, we can calculate the sum of the squares of the velocities. In order to find the correct answer, we simply add up the squares, and then we divide by four. And we get a result that looks almost like pi, which we'd expect given the fact that the two velocites are both positive. And indeed, this calculation turns out to be quite precise. So I'm excited"
"tinyllama","compute_pi","4","7","331","What makes this puzzle great, aside from the surprising pie, of course, is how well poised it is to be a general problem solving lesson. Very often when I present this as a lecture, I like to start by inviting the audience to begin by listing out a few general problem solving principles. You might enjoy thinking of a few of your own, and as we go through, I'll highlight a couple that I have written down here. For example, one that's seemingly trivial but surprisingly useful is that if you're stuck on a hard problem, and I would consider this a hard problem, It never hurts to just list any equations or theorems that might somehow be relevant. So for this puzzle where we have some colliding blocks, two relevant laws that might come to mind, especially if you have a recent physics class somewhere in your history, would be the conservation of energy and the conservation of momentum. The energy of one of these moving blocks would be one-half times its mass times its velocity squared. So let's say we call the mass of the big block M1 and call its velocity V1. And likewise the mass of that little block will be M2 and its ever-changing velocity will be V2. Then the total kinetic energy between these two blocks is what you get by plugging in the numbers and adding these two quantities. The conservation of energy essentially says this number won't change throughout the experiment. Those two velocities will change, but they have to do so in such a way that this whole expression equals the same number. This is all, of course, assuming that no energy is lost to friction or to the collisions. The other quantity that's conserved is momentum. And the momentum for each block looks even simpler. It's just its mass times its velocity. So again, when you plug in the numbers and you compute this expression, you'll get something. And what the conservation of momentum tells us is that whatever that number is, it doesn't change even after the blocks collide with each other. Now, unlike energy, this momentum expression will actually change after that little block collides against the wall. Because really what's going on is it's transferring some of its momentum into that wall. Technically speaking, that should mean the wall starts moving a tiny amount. But again, we'll be idealistic and assume the wall is supermassive or fixed into the earth, and any movement that it has is negligible. Another principle I have up here is to just draw pictures. When you're trying to figure something out, actually make some figures. Visual intuition can help to think about things in different ways, and sometimes staring at the right diagram can expose a solution. So in this context, where the two values that are changing are v1 and v2, you might be inspired to draw a coordinate plane, where the x coordinate encodes this value v1, and the y coordinate encodes this value v2. Just to be crystal clear on what I mean by that, as the experiment unfolds and the blocks collide with each other and their two velocities change with each collision, this little point inside our space is going to move around that space as those two velocities change. Always doing so in such a way that it's coordinates tell you what v1 and v2 are. The hope is that as the whole experiment unfolds, and we consider how exactly this point bounces around this slightly abstract velocity space, studying the path of that point can maybe yield insights about the underlying dynamics for the blocks. Even though we're just getting warmed up, this really is the key step in our whole problem solving process. And it's a pretty common thing to do throughout physics, where if you have some dynamical situation with multiple numbers that are changing, when you package all those numbers together as a single point in a higher dimensional space, studying how that point moves through the space has a way of clarifying the whole problem. You could call this a state space, and this particular state space for us holds within it the key connection to the quantum computing parallel that we're going to be building up to. Now, in the context of this abstract velocity space, take a moment to think about what this conservation of energy equation is really telling us. When you take some number times x squared plus some number times y squared and set it equal to a constant, this is the equation for an ellipse. Our specific ellipse will be more squished in the x direction since that number sitting in front of x is larger than the number sitting in front of y, and the size of the ellipse will depend on the total energy of the system. And this comes from what the initial velocity of that big block was. And interestingly, I never told you that velocity. It doesn't actually change the final answer. Whether it comes in fast or it comes in slow, you get the same total number of collisions, the experiment just unfolds more quickly or more slowly. As our experiment unfolds and that pair of velocities changes, it always does so in such a way that this point inside our state space stays constrained to this ellipse. If it landed anywhere else, it would mean energy was not conserved. Another principle I want to bring up here is how math and math adjacent fields tend to reward you when you respect their symmetries. And in this case, we already know that pi is going to be somehow relevant to the answer, and pi has everything to do with circles, relating distances around the circumference of that circle to the radius. So on our hunt for pi, it's tantalizingly close to be working with an ellipse like this, and you might feel like it would be all the more natural and maybe more promising if this was instead a circle. Now we can actually make this into a circle just by changing what the coordinates of that state space represent. Here's what I mean by that. The equation for a circle looks like x squared plus y squared equals some constant without any numbers sitting in front of those variables. If I let x not represent v1, but I let it represent the square root of m1 times v1, then x squared gives us something that looks like two times the kinetic energy. And similarly, if y represents the square root of m2 times v2, that y coordinate also more directly captures the energy of the little block. And this equation for the circle, x squared plus y squared equals some constant, now captures the conservation of energy, but in this rescaled coordinate system. Like I said, the hope is that adding a little more symmetry will make our problem easier to solve, and in a moment you'll see how this is true. Let's take a minute to get a little familiar with what this diagram is really telling us. For example, at the very beginning, that big block has a negative velocity, so we must be somewhere on this left half of the plane, and that little block starts off stationary, meaning the y coordinate is zero, and so we have to start out at the leftmost point of this circle. That's the initial condition. Now, after they collide with each other, what happens? Where do we end up? Well, physical intuition tells us that that little block picks up some kind of negative velocity. So we're going to have to end up somewhere where the y-coordinate is negative. And that big block loses some of its momentum. So the x-coordinate is going to get a little closer to 0 from where it was, even if you don't know exactly how much. And again, we have to stay somewhere on this circle. The circle represents all the points that have the same total energy. And so you might guess that our point lands somewhere on like this arc right here. To be more exact, we need to introduce the second conservation law, the conservation of momentum. Keep in mind, though, at this point I've changed what the coordinates mean. So in our new coordinates, the momentum of the first block looks like the square root of m1 times x, and the momentum of the second looks like the square root of m2 times y. It's all saying the same thing, it's just a different coordinate system, and those masses are just constants anyway. The significance is that this whole equation is a linear equation in x and y, So in our diagram, it's going to look like some kind of line. More specifically, you can work out it's a line whose slope is the negative square root of the big mass divided by the small mass. Now this slope is going to be very important for us. It's the key quantity that we'll use to get the numerical answer that has digits looking like pi. And that square root is going to be very important for us later when we get to the quantum computing case. So remember this expression. Where this momentum line sits left and right depends on what the total momentum of the pair of blocks is. We know that we start off on this leftmost point of the circle, so the line has to pass through that point. Every other point on this line is telling us every other pair of velocities they would have the same net momentum. And as you've no doubt noticed, this line intersects the circle at exactly two places, meaning there are only two pairs of velocities out there, with this same kinetic energy and the same momentum as the initial condition. So after the blocks bounce off of each other, we must hop over to this other point, which is another way of saying that the momentum line has crossed itself. And because we know that this momentum crosses itself twice, we can apply the quadratic formula to find the distance from that crossing point to the center of the circular region. And using that distance, we find the ratio of the squares of the distances from the crossing point, to the distances between the crossing points, to find that ratio. And we find that the ratio is just the square of the ratio. So that'll"
"tinyllama","compute_pi","4","8","331","What makes this puzzle great, aside from the surprising pie, of course, is how well poised it is to be a general problem solving lesson. Very often when I present this as a lecture, I like to start by inviting the audience to begin by listing out a few general problem solving principles. You might enjoy thinking of a few of your own, and as we go through, I'll highlight a couple that I have written down here. For example, one that's seemingly trivial but surprisingly useful is that if you're stuck on a hard problem, and I would consider this a hard problem, It never hurts to just list any equations or theorems that might somehow be relevant. So for this puzzle where we have some colliding blocks, two relevant laws that might come to mind, especially if you have a recent physics class somewhere in your history, would be the conservation of energy and the conservation of momentum. The energy of one of these moving blocks would be one-half times its mass times its velocity squared. So let's say we call the mass of the big block M1 and call its velocity V1. And likewise the mass of that little block will be M2 and its ever-changing velocity will be V2. Then the total kinetic energy between these two blocks is what you get by plugging in the numbers and adding these two quantities. The conservation of energy essentially says this number won't change throughout the experiment. Those two velocities will change, but they have to do so in such a way that this whole expression equals the same number. This is all, of course, assuming that no energy is lost to friction or to the collisions. The other quantity that's conserved is momentum. And the momentum for each block looks even simpler. It's just its mass times its velocity. So again, when you plug in the numbers and you compute this expression, you'll get something. And what the conservation of momentum tells us is that whatever that number is, it doesn't change even after the blocks collide with each other. Now, unlike energy, this momentum expression will actually change after that little block collides against the wall. Because really what's going on is it's transferring some of its momentum into that wall. Technically speaking, that should mean the wall starts moving a tiny amount. But again, we'll be idealistic and assume the wall is supermassive or fixed into the earth, and any movement that it has is negligible. Another principle I have up here is to just draw pictures. When you're trying to figure something out, actually make some figures. Visual intuition can help to think about things in different ways, and sometimes staring at the right diagram can expose a solution. So in this context, where the two values that are changing are v1 and v2, you might be inspired to draw a coordinate plane, where the x coordinate encodes this value v1, and the y coordinate encodes this value v2. Just to be crystal clear on what I mean by that, as the experiment unfolds and the blocks collide with each other and their two velocities change with each collision, this little point inside our space is going to move around that space as those two velocities change. Always doing so in such a way that it's coordinates tell you what v1 and v2 are. The hope is that as the whole experiment unfolds, and we consider how exactly this point bounces around this slightly abstract velocity space, studying the path of that point can maybe yield insights about the underlying dynamics for the blocks. Even though we're just getting warmed up, this really is the key step in our whole problem solving process. And it's a pretty common thing to do throughout physics, where if you have some dynamical situation with multiple numbers that are changing, when you package all those numbers together as a single point in a higher dimensional space, studying how that point moves through the space has a way of clarifying the whole problem. You could call this a state space, and this particular state space for us holds within it the key connection to the quantum computing parallel that we're going to be building up to. Now, in the context of this abstract velocity space, take a moment to think about what this conservation of energy equation is really telling us. When you take some number times x squared plus some number times y squared and set it equal to a constant, this is the equation for an ellipse. Our specific ellipse will be more squished in the x direction since that number sitting in front of x is larger than the number sitting in front of y, and the size of the ellipse will depend on the total energy of the system. And this comes from what the initial velocity of that big block was. And interestingly, I never told you that velocity. It doesn't actually change the final answer. Whether it comes in fast or it comes in slow, you get the same total number of collisions, the experiment just unfolds more quickly or more slowly. As our experiment unfolds and that pair of velocities changes, it always does so in such a way that this point inside our state space stays constrained to this ellipse. If it landed anywhere else, it would mean energy was not conserved. Another principle I want to bring up here is how math and math adjacent fields tend to reward you when you respect their symmetries. And in this case, we already know that pi is going to be somehow relevant to the answer, and pi has everything to do with circles, relating distances around the circumference of that circle to the radius. So on our hunt for pi, it's tantalizingly close to be working with an ellipse like this, and you might feel like it would be all the more natural and maybe more promising if this was instead a circle. Now we can actually make this into a circle just by changing what the coordinates of that state space represent. Here's what I mean by that. The equation for a circle looks like x squared plus y squared equals some constant without any numbers sitting in front of those variables. If I let x not represent v1, but I let it represent the square root of m1 times v1, then x squared gives us something that looks like two times the kinetic energy. And similarly, if y represents the square root of m2 times v2, that y coordinate also more directly captures the energy of the little block. And this equation for the circle, x squared plus y squared equals some constant, now captures the conservation of energy, but in this rescaled coordinate system. Like I said, the hope is that adding a little more symmetry will make our problem easier to solve, and in a moment you'll see how this is true. Let's take a minute to get a little familiar with what this diagram is really telling us. For example, at the very beginning, that big block has a negative velocity, so we must be somewhere on this left half of the plane, and that little block starts off stationary, meaning the y coordinate is zero, and so we have to start out at the leftmost point of this circle. That's the initial condition. Now, after they collide with each other, what happens? Where do we end up? Well, physical intuition tells us that that little block picks up some kind of negative velocity. So we're going to have to end up somewhere where the y-coordinate is negative. And that big block loses some of its momentum. So the x-coordinate is going to get a little closer to 0 from where it was, even if you don't know exactly how much. And again, we have to stay somewhere on this circle. The circle represents all the points that have the same total energy. And so you might guess that our point lands somewhere on like this arc right here. To be more exact, we need to introduce the second conservation law, the conservation of momentum. Keep in mind, though, at this point I've changed what the coordinates mean. So in our new coordinates, the momentum of the first block looks like the square root of m1 times x, and the momentum of the second looks like the square root of m2 times y. It's all saying the same thing, it's just a different coordinate system, and those masses are just constants anyway. The significance is that this whole equation is a linear equation in x and y, So in our diagram, it's going to look like some kind of line. More specifically, you can work out it's a line whose slope is the negative square root of the big mass divided by the small mass. Now this slope is going to be very important for us. It's the key quantity that we'll use to get the numerical answer that has digits looking like pi. And that square root is going to be very important for us later when we get to the quantum computing case. So remember this expression. Where this momentum line sits left and right depends on what the total momentum of the pair of blocks is. We know that we start off on this leftmost point of the circle, so the line has to pass through that point. Every other point on this line is telling us every other pair of velocities they would have the same net momentum. And as you've no doubt noticed, this line intersects the circle at exactly two places, meaning there are only two pairs of velocities out there, with this same kinetic energy and the same momentum as the initial condition. So after the blocks bounce off of each other, we must hop over to this other point, which is the intersection of the momentum lines. This point is called the center of mass. And if we keep moving along this line, we will eventually reach the point where the momentum is zero. This means that the two veloceties are equal and opposite, and they're both going to end at the same point. And because we've been working with the momentum, we know that the total motion of the two blocks will be zero. So at this moment, the two velocity vectors are"
"tinyllama","compute_pi","4","9","331","What makes this puzzle great, aside from the surprising pie, of course, is how well poised it is to be a general problem solving lesson. Very often when I present this as a lecture, I like to start by inviting the audience to begin by listing out a few general problem solving principles. You might enjoy thinking of a few of your own, and as we go through, I'll highlight a couple that I have written down here. For example, one that's seemingly trivial but surprisingly useful is that if you're stuck on a hard problem, and I would consider this a hard problem, It never hurts to just list any equations or theorems that might somehow be relevant. So for this puzzle where we have some colliding blocks, two relevant laws that might come to mind, especially if you have a recent physics class somewhere in your history, would be the conservation of energy and the conservation of momentum. The energy of one of these moving blocks would be one-half times its mass times its velocity squared. So let's say we call the mass of the big block M1 and call its velocity V1. And likewise the mass of that little block will be M2 and its ever-changing velocity will be V2. Then the total kinetic energy between these two blocks is what you get by plugging in the numbers and adding these two quantities. The conservation of energy essentially says this number won't change throughout the experiment. Those two velocities will change, but they have to do so in such a way that this whole expression equals the same number. This is all, of course, assuming that no energy is lost to friction or to the collisions. The other quantity that's conserved is momentum. And the momentum for each block looks even simpler. It's just its mass times its velocity. So again, when you plug in the numbers and you compute this expression, you'll get something. And what the conservation of momentum tells us is that whatever that number is, it doesn't change even after the blocks collide with each other. Now, unlike energy, this momentum expression will actually change after that little block collides against the wall. Because really what's going on is it's transferring some of its momentum into that wall. Technically speaking, that should mean the wall starts moving a tiny amount. But again, we'll be idealistic and assume the wall is supermassive or fixed into the earth, and any movement that it has is negligible. Another principle I have up here is to just draw pictures. When you're trying to figure something out, actually make some figures. Visual intuition can help to think about things in different ways, and sometimes staring at the right diagram can expose a solution. So in this context, where the two values that are changing are v1 and v2, you might be inspired to draw a coordinate plane, where the x coordinate encodes this value v1, and the y coordinate encodes this value v2. Just to be crystal clear on what I mean by that, as the experiment unfolds and the blocks collide with each other and their two velocities change with each collision, this little point inside our space is going to move around that space as those two velocities change. Always doing so in such a way that it's coordinates tell you what v1 and v2 are. The hope is that as the whole experiment unfolds, and we consider how exactly this point bounces around this slightly abstract velocity space, studying the path of that point can maybe yield insights about the underlying dynamics for the blocks. Even though we're just getting warmed up, this really is the key step in our whole problem solving process. And it's a pretty common thing to do throughout physics, where if you have some dynamical situation with multiple numbers that are changing, when you package all those numbers together as a single point in a higher dimensional space, studying how that point moves through the space has a way of clarifying the whole problem. You could call this a state space, and this particular state space for us holds within it the key connection to the quantum computing parallel that we're going to be building up to. Now, in the context of this abstract velocity space, take a moment to think about what this conservation of energy equation is really telling us. When you take some number times x squared plus some number times y squared and set it equal to a constant, this is the equation for an ellipse. Our specific ellipse will be more squished in the x direction since that number sitting in front of x is larger than the number sitting in front of y, and the size of the ellipse will depend on the total energy of the system. And this comes from what the initial velocity of that big block was. And interestingly, I never told you that velocity. It doesn't actually change the final answer. Whether it comes in fast or it comes in slow, you get the same total number of collisions, the experiment just unfolds more quickly or more slowly. As our experiment unfolds and that pair of velocities changes, it always does so in such a way that this point inside our state space stays constrained to this ellipse. If it landed anywhere else, it would mean energy was not conserved. Another principle I want to bring up here is how math and math adjacent fields tend to reward you when you respect their symmetries. And in this case, we already know that pi is going to be somehow relevant to the answer, and pi has everything to do with circles, relating distances around the circumference of that circle to the radius. So on our hunt for pi, it's tantalizingly close to be working with an ellipse like this, and you might feel like it would be all the more natural and maybe more promising if this was instead a circle. Now we can actually make this into a circle just by changing what the coordinates of that state space represent. Here's what I mean by that. The equation for a circle looks like x squared plus y squared equals some constant without any numbers sitting in front of those variables. If I let x not represent v1, but I let it represent the square root of m1 times v1, then x squared gives us something that looks like two times the kinetic energy. And similarly, if y represents the square root of m2 times v2, that y coordinate also more directly captures the energy of the little block. And this equation for the circle, x squared plus y squared equals some constant, now captures the conservation of energy, but in this rescaled coordinate system. Like I said, the hope is that adding a little more symmetry will make our problem easier to solve, and in a moment you'll see how this is true. Let's take a minute to get a little familiar with what this diagram is really telling us. For example, at the very beginning, that big block has a negative velocity, so we must be somewhere on this left half of the plane, and that little block starts off stationary, meaning the y coordinate is zero, and so we have to start out at the leftmost point of this circle. That's the initial condition. Now, after they collide with each other, what happens? Where do we end up? Well, physical intuition tells us that that little block picks up some kind of negative velocity. So we're going to have to end up somewhere where the y-coordinate is negative. And that big block loses some of its momentum. So the x-coordinate is going to get a little closer to 0 from where it was, even if you don't know exactly how much. And again, we have to stay somewhere on this circle. The circle represents all the points that have the same total energy. And so you might guess that our point lands somewhere on like this arc right here. To be more exact, we need to introduce the second conservation law, the conservation of momentum. Keep in mind, though, at this point I've changed what the coordinates mean. So in our new coordinates, the momentum of the first block looks like the square root of m1 times x, and the momentum of the second looks like the square root of m2 times y. It's all saying the same thing, it's just a different coordinate system, and those masses are just constants anyway. The significance is that this whole equation is a linear equation in x and y, So in our diagram, it's going to look like some kind of line. More specifically, you can work out it's a line whose slope is the negative square root of the big mass divided by the small mass. Now this slope is going to be very important for us. It's the key quantity that we'll use to get the numerical answer that has digits looking like pi. And that square root is going to be very important for us later when we get to the quantum computing case. So remember this expression. Where this momentum line sits left and right depends on what the total momentum of the pair of blocks is. We know that we start off on this leftmost point of the circle, so the line has to pass through that point. Every other point on this line is telling us every other pair of velocities they would have the same net momentum. And as you've no doubt noticed, this line intersects the circle at exactly two places, meaning there are only two pairs of velocities out there, with this same kinetic energy and the same momentum as the initial condition. So after the blocks bounce off of each other, we must hop over to this other point, and then we've got another pair of velocity configurations that have this same net kinetic momentum. But we'd better not forget about the first pair of configurations that started out at that leftmost place. They're still relevant because they're the ones that give us the initial conditions for the rest of the motion. And they'll play a role in our analysis of the rest. Okay, so let me show you what this line looks like. I'm going to draw"
"tinyllama","compute_pi","4","10","331","What makes this puzzle great, aside from the surprising pie, of course, is how well poised it is to be a general problem solving lesson. Very often when I present this as a lecture, I like to start by inviting the audience to begin by listing out a few general problem solving principles. You might enjoy thinking of a few of your own, and as we go through, I'll highlight a couple that I have written down here. For example, one that's seemingly trivial but surprisingly useful is that if you're stuck on a hard problem, and I would consider this a hard problem, It never hurts to just list any equations or theorems that might somehow be relevant. So for this puzzle where we have some colliding blocks, two relevant laws that might come to mind, especially if you have a recent physics class somewhere in your history, would be the conservation of energy and the conservation of momentum. The energy of one of these moving blocks would be one-half times its mass times its velocity squared. So let's say we call the mass of the big block M1 and call its velocity V1. And likewise the mass of that little block will be M2 and its ever-changing velocity will be V2. Then the total kinetic energy between these two blocks is what you get by plugging in the numbers and adding these two quantities. The conservation of energy essentially says this number won't change throughout the experiment. Those two velocities will change, but they have to do so in such a way that this whole expression equals the same number. This is all, of course, assuming that no energy is lost to friction or to the collisions. The other quantity that's conserved is momentum. And the momentum for each block looks even simpler. It's just its mass times its velocity. So again, when you plug in the numbers and you compute this expression, you'll get something. And what the conservation of momentum tells us is that whatever that number is, it doesn't change even after the blocks collide with each other. Now, unlike energy, this momentum expression will actually change after that little block collides against the wall. Because really what's going on is it's transferring some of its momentum into that wall. Technically speaking, that should mean the wall starts moving a tiny amount. But again, we'll be idealistic and assume the wall is supermassive or fixed into the earth, and any movement that it has is negligible. Another principle I have up here is to just draw pictures. When you're trying to figure something out, actually make some figures. Visual intuition can help to think about things in different ways, and sometimes staring at the right diagram can expose a solution. So in this context, where the two values that are changing are v1 and v2, you might be inspired to draw a coordinate plane, where the x coordinate encodes this value v1, and the y coordinate encodes this value v2. Just to be crystal clear on what I mean by that, as the experiment unfolds and the blocks collide with each other and their two velocities change with each collision, this little point inside our space is going to move around that space as those two velocities change. Always doing so in such a way that it's coordinates tell you what v1 and v2 are. The hope is that as the whole experiment unfolds, and we consider how exactly this point bounces around this slightly abstract velocity space, studying the path of that point can maybe yield insights about the underlying dynamics for the blocks. Even though we're just getting warmed up, this really is the key step in our whole problem solving process. And it's a pretty common thing to do throughout physics, where if you have some dynamical situation with multiple numbers that are changing, when you package all those numbers together as a single point in a higher dimensional space, studying how that point moves through the space has a way of clarifying the whole problem. You could call this a state space, and this particular state space for us holds within it the key connection to the quantum computing parallel that we're going to be building up to. Now, in the context of this abstract velocity space, take a moment to think about what this conservation of energy equation is really telling us. When you take some number times x squared plus some number times y squared and set it equal to a constant, this is the equation for an ellipse. Our specific ellipse will be more squished in the x direction since that number sitting in front of x is larger than the number sitting in front of y, and the size of the ellipse will depend on the total energy of the system. And this comes from what the initial velocity of that big block was. And interestingly, I never told you that velocity. It doesn't actually change the final answer. Whether it comes in fast or it comes in slow, you get the same total number of collisions, the experiment just unfolds more quickly or more slowly. As our experiment unfolds and that pair of velocities changes, it always does so in such a way that this point inside our state space stays constrained to this ellipse. If it landed anywhere else, it would mean energy was not conserved. Another principle I want to bring up here is how math and math adjacent fields tend to reward you when you respect their symmetries. And in this case, we already know that pi is going to be somehow relevant to the answer, and pi has everything to do with circles, relating distances around the circumference of that circle to the radius. So on our hunt for pi, it's tantalizingly close to be working with an ellipse like this, and you might feel like it would be all the more natural and maybe more promising if this was instead a circle. Now we can actually make this into a circle just by changing what the coordinates of that state space represent. Here's what I mean by that. The equation for a circle looks like x squared plus y squared equals some constant without any numbers sitting in front of those variables. If I let x not represent v1, but I let it represent the square root of m1 times v1, then x squared gives us something that looks like two times the kinetic energy. And similarly, if y represents the square root of m2 times v2, that y coordinate also more directly captures the energy of the little block. And this equation for the circle, x squared plus y squared equals some constant, now captures the conservation of energy, but in this rescaled coordinate system. Like I said, the hope is that adding a little more symmetry will make our problem easier to solve, and in a moment you'll see how this is true. Let's take a minute to get a little familiar with what this diagram is really telling us. For example, at the very beginning, that big block has a negative velocity, so we must be somewhere on this left half of the plane, and that little block starts off stationary, meaning the y coordinate is zero, and so we have to start out at the leftmost point of this circle. That's the initial condition. Now, after they collide with each other, what happens? Where do we end up? Well, physical intuition tells us that that little block picks up some kind of negative velocity. So we're going to have to end up somewhere where the y-coordinate is negative. And that big block loses some of its momentum. So the x-coordinate is going to get a little closer to 0 from where it was, even if you don't know exactly how much. And again, we have to stay somewhere on this circle. The circle represents all the points that have the same total energy. And so you might guess that our point lands somewhere on like this arc right here. To be more exact, we need to introduce the second conservation law, the conservation of momentum. Keep in mind, though, at this point I've changed what the coordinates mean. So in our new coordinates, the momentum of the first block looks like the square root of m1 times x, and the momentum of the second looks like the square root of m2 times y. It's all saying the same thing, it's just a different coordinate system, and those masses are just constants anyway. The significance is that this whole equation is a linear equation in x and y, So in our diagram, it's going to look like some kind of line. More specifically, you can work out it's a line whose slope is the negative square root of the big mass divided by the small mass. Now this slope is going to be very important for us. It's the key quantity that we'll use to get the numerical answer that has digits looking like pi. And that square root is going to be very important for us later when we get to the quantum computing case. So remember this expression. Where this momentum line sits left and right depends on what the total momentum of the pair of blocks is. We know that we start off on this leftmost point of the circle, so the line has to pass through that point. Every other point on this line is telling us every other pair of velocities they would have the same net momentum. And as you've no doubt noticed, this line intersects the circle at exactly two places, meaning there are only two pairs of velocities out there, with this same kinetic energy and the same momentum as the initial condition. So after the blocks bounce off of each other, we must hop over to this other point, which is going back to the left side of the diagram. And we've got another pair of velocity points that we can find, which means we'd have to hop over once more to the right side of this diagram. So this is a very simple geometric picture. We're talking about a line that goes through the center of the circular region, and it passes through the origin of our coordinate system at the top left corner. And then it intersects this circle at two points"
"tinyllama","compute_pi","5","1","1206","The Power of Small Angles"
"tinyllama","compute_pi","5","2","1206","State Space Circle Puzzle"
"tinyllama","compute_pi","5","3","1206","How to Calculate the Perimeter of a Circular Shape"
"tinyllama","compute_pi","5","4","1206","State Space Circle Diagram for Colliding Blocks"
"tinyllama","compute_pi","5","5","1206","How to Calculate the Percentage of a Number Using Fractions"
"tinyllama","compute_pi","5","6","1206","How to Calculate the Percentage of a Number Using Rational Exponents"
"tinyllama","compute_pi","5","7","1206","How to Draw Circles Using State Space"
"tinyllama","compute_pi","5","8","1206","How to Calculate the Biggest Whole Number That Can Be Multiplied by a Small Angle"
"tinyllama","compute_pi","5","9","1206","How Small Angles Explain Why Pi Is So Big"
"tinyllama","compute_pi","5","10","1206","A Circle in the Space of Collisions"
"tinyllama","compute_pi","6","1","1393","A Rigorous Proof That Colliding Different Sized Blocks Cannot Compute"
"tinyllama","compute_pi","6","2","1393","Small Angle Approximation Is Enough"
"tinyllama","compute_pi","6","3","1393","How to Solve a Puzzle"
"tinyllama","compute_pi","6","4","1393","The Power of Collision"
"tinyllama","compute_pi","6","5","1393","The Infinite Block Collision Problem"
"tinyllama","compute_pi","6","6","1393","A Brief History of Block Collisions"
"tinyllama","compute_pi","6","7","1393","The Power of 2 and Mass Ratios"
"tinyllama","compute_pi","6","8","1393","The Collision Process for"
"tinyllama","compute_pi","6","9","1393","A Brief History of Mathematics"
"tinyllama","compute_pi","6","10","1393","The Block Collision Problem"
"tinyllama","compute_pi","7","1","1501","Understanding the Mathematical Foundations of Quantum Computing"
"tinyllama","compute_pi","7","2","1501","The Puzzle of Block Collisions: A Mathematical Exploration"
"tinyllama","compute_pi","7","3","1501","Pure Mathematics: The Secret Mirror of Quantum Computing"
"tinyllama","compute_pi","7","4","1501","Understanding the Math Behind Block Collision Processes"
"tinyllama","compute_pi","7","5","1501","The Mathematical Beauty of Block Collisions"
"tinyllama","compute_pi","7","6","1501","Pure Math and the Real World"
"tinyllama","compute_pi","7","7","1501","The Core Essence of a Puzzle"
"tinyllama","compute_pi","7","8","1501","The Block Collision Process as a Model for Complex Systems"
"tinyllama","compute_pi","7","9","1501","How to Solve the Puzzle of Block Collisions"
"tinyllama","compute_pi","7","10","1501","The Mathematical Art of Puzzles: Solving Complex Problems Through Distillation"
