"model","video","segment","title_number","start","generated_title"
"mistral-7b-v0.3","leetcode_patterns","1","1","0","Eight Key Patterns for Coding Interviews"
"mistral-7b-v0.3","leetcode_patterns","1","2","0","Eight Key Coding Interview Patterns"
"mistral-7b-v0.3","leetcode_patterns","1","3","0","Eight Key Coding Interview Patterns"
"mistral-7b-v0.3","leetcode_patterns","1","4","0","Top 8 Coding Interview Patterns Backed by Data"
"mistral-7b-v0.3","leetcode_patterns","1","5","0","Eight Essential Coding Interview Patterns"
"mistral-7b-v0.3","leetcode_patterns","1","6","0","Eight Essential Coding Interview Patterns"
"mistral-7b-v0.3","leetcode_patterns","1","7","0","Eight Key Patterns for Coding Interviews"
"mistral-7b-v0.3","leetcode_patterns","1","8","0","Eight Essential Coding Interview Patterns"
"mistral-7b-v0.3","leetcode_patterns","1","9","0","Eight Key Patterns for Coding Interviews"
"mistral-7b-v0.3","leetcode_patterns","1","10","0","Eight Key Patterns for Coding Interviews"
"mistral-7b-v0.3","leetcode_patterns","2","1","3","Mastering Two Pointers & Sliding Windows Patterns for Coding Interviews"
"mistral-7b-v0.3","leetcode_patterns","2","2","3","Mastering Two Pointers and Sliding Windows Patterns for Coding Interviews"
"mistral-7b-v0.3","leetcode_patterns","2","3","3","Mastering Two Pointers & Sliding Windows Patterns for Coding Interviews"
"mistral-7b-v0.3","leetcode_patterns","2","4","3","Mastering Two Pointers & Sliding Windows Patterns for Coding Interviews"
"mistral-7b-v0.3","leetcode_patterns","2","5","3","Mastering Two Pointers & Sliding Windows Patterns for Coding Interviews"
"mistral-7b-v0.3","leetcode_patterns","2","6","3","Mastering Two Pointers & Sliding Windows Patterns for Coding Interviews"
"mistral-7b-v0.3","leetcode_patterns","2","7","3","Mastering Two Pointers and Sliding Windows for Coding Interviews"
"mistral-7b-v0.3","leetcode_patterns","2","8","3","Mastering Two Pointers, Sliding Windows, and Binary Search for Coding Interviews"
"mistral-7b-v0.3","leetcode_patterns","2","9","3","Mastering Two Pointers & Sliding Windows Patterns for Coding Interviews"
"mistral-7b-v0.3","leetcode_patterns","2","10","3","Mastering Two Pointers & Sliding Windows Patterns for Coding Interviews"
"mistral-7b-v0.3","leetcode_patterns","3","1","342","For example, if we had a sorted list of only true and false, we can actually use binary search to find the first true occurrence. The binary search would work like this. You look at the middle of the list. If the middle value is true, you know that the first true must either be here or somewhere to the left, so you move your search to the left half. If the middle value is false, you know that the first true must be to the right, so you focus on the right half. This type of searching, based on where a condition is true and where it is false, can be reused for every single binary search problem. In fact, we actually have this free template for this on our website, Algamonster. All we need to do is find out what makes something feasible. For example, the common lead code problem, minimum in rotated sorted array, doesn't appear to follow binary search at first. After all, it's not sorted. However, there's a monotonic condition we can use to apply binary search. The condition is that any element that is less than the last element of the array is part of the rotated section, while any element greater than the last element is part of the original sorted section. We can mentally convert this to trues and falses, and just like that, we have the same true and false question we just solve. This can be applied to a ton of different questions. For more practice and an in-depth explanation, check out algo.monster. Now we'll take a look at non-linear structure problems which work with trees and graphs. In fact, instead of treating trees and graphs as two entirely different structures, you should imagine that a tree is just a graph with no cycles. The only difference between the two is that for a graph that could have cycles, you need some visited set to keep track of nodes you've already visited. This makes the patterns we will talk about applicable to both. For non-linear problems, we'll start with breadth-first search, as it's the easiest algorithm to understand and build off of. breadth-first search is an algorithm used to explore nodes in a graph or tree level by level. The idea behind this is that it starts at a given node, commonly called the root, and explores all its immediate neighbors first before moving on to the neighbors' neighbors, and so on. To keep track of the nodes that have already been visited so that we don't revisit them, BFS uses a queue, a data structure that works like a line. First in, first out. This ensures that nodes are visited in the correct order, starting from the closest to the root and moving outward. BFS is such a common algorithm that you will use all the time. Luckily for you, instead of having to derive it from scratch each time, we have this template that we can reuse. If you want to see more about how we got this template, check it out at algo.monster. Now let's see BFS in action. We're going to use this template to solve a common lead code problem, level order traversal of a binary tree. The problem asks us to give all of the levels of the tree at each depth This means we need to visit the nodes of the tree level by level, starting from the root and moving down, visiting all the nodes at each level before proceeding to the next. For example, given a tree with the root node 3 and children 9 and 20, where 20 has children 15 and 7, we need to return the values of the nodes level by level in the following order. First 3, then 9, 20, and finally 15, 16th phrase which is not a kill, we can solve this problem using BFS as its ideal for level by level traversal. The idea is to use a queue to help explore the tree one level at a time. First, we add the root node to the queue. Then for each level, we process all nodes currently in the queue by removing them and adding their values to the result. For each node we process, we also add its left and right children to the queue so they can be processed in the next level. This ensures that we visit all nodes on one level before moving to the next. By repeating this process until the queue is empty, we can traverse the entire tree level by level and collect the node values in the correct order. Finally, we return the list of node values grouped by levels. Devth first search is an algorithm that builds on the foundation of BFS but explores the tree or graph in a different way. While BFS focuses on exploring nodes level by level, DFS dives deep into one path as far as possible before exploring the next path. In BFS, we use a queue to process nodes in a breadth first manner, ensuring all nodes at one level are explored before moving to the next. In contrast, DFS uses a stack to explore nodes in a depth first manner, where you keep going down one branch until you reach the end, and then you come back to explore other branches. Most often, the stack DFS uses is the call stack. As most DFS implementations use recursion, where BFS is ideal for finding the shortest path or exploring nodes layer by layer, DFS is more suited for problems where you need to explore all paths or check every possible configuration, such as finding all paths in a tree, searching for a specific condition deep in the structure or detecting cycles. The depth first nature of DFS makes it more memory efficient in some cases, but it's less suited for problems where the shortest path or shallow exploration is required, as it doesn't guarantee finding the closest solution first. Like with BFS, DFS is a common algorithm that you will use all the time, so we have a template that we can reuse. Again, if you're curious to how this works, check it out at algo.monster. Now, let's solve a leap code problem with DFS. A common leap code problem that uses this pattern is called number of islands. This problem asks us to count the number of islands in a 2D grid where one represents land and zero represents water. An island is formed by connecting adjacent ones horizontally or vertically. We need to determine how many distinct islands exist by identifying connected components of ones in the grid. For example, in a grid where someone's are grouped together, each connected group is considered an island. Our goal is to traverse the grid, find all islands, and count them. We can solve this problem using DFS to explore each island. The idea is to iterate through each cell in the grid. When we encounter a one land, it indicates the start of an island. From there, we perform DFS to visit all connected ones all parts of the same island by exploring the neighboring cells in all four directions as deep as they go. During the DFS, we mark each visited cell by changing its value to zero to ensure we don't count it again. Once all connected cells for that island are visited, we increment the island count and continue searching the rest of the grid. This process ensures that we explore each island once and count it correctly. By the end, the total number of initializing DFS calls we make, not including the recursive calls, equals the number of islands. Backtracking is a pattern that many people struggle with, but in reality, it's actually just an extension of depth first search. In DFS, we typically traverse through a prebuilt structure like a tree or graph, where the nodes and connections are already defined. With backtracking, however, you often have to build the solution tree yourself as you explore different options, especially in combinatorial problems, where the structure of the tree isn't given explicitly, but is generated dynamically as you make decisions. In a backtracking problem, you explore all possible solutions by making a series of decisions. Each decision represents a node in the tree, and each potential decision forms a branch. As you explore a decision, you either reach a valid solution, or you hit a dead end. When a decision leads to a dead end, you backtrack to the previous decision, undo it, and try another path. Just like with all of our other patterns, we also have a template we are going to use here, which is this. Now, let's walk through it by solving a lead code problem. Letter combinations of a phone number. In this problem, we're given a string of digits, typically from 2 to 9, and we need to return all the possible letter combinations that the digits could represent using the mapping of a phone keypad. For example, if we have the digits 23, each digit corresponds to a set of letters, two maps to A, B, C, and three maps to D, E, F. Our goal is to generate every possible combination of these letters. So, for 23, some outputs could be a D, A, E, A, F, B, D, B, E, B, F, and so on. Now, our goal is to find all of these combinations. Backtracking is the optimal approach for solving this problem because it allows us to explore each possible letter one at a time while pruning invalid configurations early. Rather than brute forcing through every possible combination, backtracking lets us build the solution letter by letter, discarding incomplete paths that no longer make sense. We start by defining our base case, which in this case is when we've exhausted all the digitals. At that point, we simply append the current combination to our output list and return. Otherwise, we loop through each possible option for the current digit, recursively calling ourselves for each option. During each recursive call, we update our current combination with the new letter and continue exploring the remaining digits. This continues until we'e exhausted all possibilities for the given digits and returned the final list"
"mistral-7b-v0.3","leetcode_patterns","3","2","342","For example, if we had a sorted list of only true and false, we can actually use binary search to find the first true occurrence. The binary search would work like this. You look at the middle of the list. If the middle value is true, you know that the first true must either be here or somewhere to the left, so you move your search to the left half. If the middle value is false, you know that the first true must be to the right, so you focus on the right half. This type of searching, based on where a condition is true and where it is false, can be reused for every single binary search problem. In fact, we actually have this free template for this on our website, Algamonster. All we need to do is find out what makes something feasible. For example, the common lead code problem, minimum in rotated sorted array, doesn't appear to follow binary search at first. After all, it's not sorted. However, there's a monotonic condition we can use to apply binary search. The condition is that any element that is less than the last element of the array is part of the rotated section, while any element greater than the last element is part of the original sorted section. We can mentally convert this to trues and falses, and just like that, we have the same true and false question we just solve. This can be applied to a ton of different questions. For more practice and an in-depth explanation, check out algo.monster. Now we'll take a look at non-linear structure problems which work with trees and graphs. In fact, instead of treating trees and graphs as two entirely different structures, you should imagine that a tree is just a graph with no cycles. The only difference between the two is that for a graph that could have cycles, you need some visited set to keep track of nodes you've already visited. This makes the patterns we will talk about applicable to both. For non-linear problems, we'll start with breadth-first search, as it's the easiest algorithm to understand and build off of. breadth-first search is an algorithm used to explore nodes in a graph or tree level by level. The idea behind this is that it starts at a given node, commonly called the root, and explores all its immediate neighbors first before moving on to the neighbors' neighbors, and so on. To keep track of the nodes that have already been visited so that we don't revisit them, BFS uses a queue, a data structure that works like a line. First in, first out. This ensures that nodes are visited in the correct order, starting from the closest to the root and moving outward. BFS is such a common algorithm that you will use all the time. Luckily for you, instead of having to derive it from scratch each time, we have this template that we can reuse. If you want to see more about how we got this template, check it out at algo.monster. Now let's see BFS in action. We're going to use this template to solve a common lead code problem, level order traversal of a binary tree. The problem asks us to give all of the levels of the tree at each depth This means we need to visit the nodes of the tree level by level, starting from the root and moving down, visiting all the nodes at each level before proceeding to the next. For example, given a tree with the root node 3 and children 9 and 20, where 20 has children 15 and 7, we need to return the values of the nodes level by level in the following order. First 3, then 9, 20, and finally 15, 16th phrase which is not a kill, we can solve this problem using BFS as its ideal for level by level traversal. The idea is to use a queue to help explore the tree one level at a time. First, we add the root node to the queue. Then for each level, we process all nodes currently in the queue by removing them and adding their values to the result. For each node we process, we also add its left and right children to the queue so they can be processed in the next level. This ensures that we visit all nodes on one level before moving to the next. By repeating this process until the queue is empty, we can traverse the entire tree level by level and collect the node values in the correct order. Finally, we return the list of node values grouped by levels. Devth first search is an algorithm that builds on the foundation of BFS but explores the tree or graph in a different way. While BFS focuses on exploring nodes level by level, DFS dives deep into one path as far as possible before exploring the next path. In BFS, we use a queue to process nodes in a breadth first manner, ensuring all nodes at one level are explored before moving to the next. In contrast, DFS uses a stack to explore nodes in a depth first manner, where you keep going down one branch until you reach the end, and then you come back to explore other branches. Most often, the stack DFS uses is the call stack. As most DFS implementations use recursion, where BFS is ideal for finding the shortest path or exploring nodes layer by layer, DFS is more suited for problems where you need to explore all paths or check every possible configuration, such as finding all paths in a tree, searching for a specific condition deep in the structure or detecting cycles. The depth first nature of DFS makes it more memory efficient in some cases, but it's less suited for problems where the shortest path or shallow exploration is required, as it doesn't guarantee finding the closest solution first. Like with BFS, DFS is a common algorithm that you will use all the time, so we have a template that we can reuse. Again, if you're curious to how this works, check it out at algo.monster. Now, let's solve a leap code problem with DFS. A common leap code problem that uses this pattern is called number of islands. This problem asks us to count the number of islands in a 2D grid where one represents land and zero represents water. An island is formed by connecting adjacent ones horizontally or vertically. We need to determine how many distinct islands exist by identifying connected components of ones in the grid. For example, in a grid where someone's are grouped together, each connected group is considered an island. Our goal is to traverse the grid, find all islands, and count them. We can solve this problem using DFS to explore each island. The idea is to iterate through each cell in the grid. When we encounter a one land, it indicates the start of an island. From there, we perform DFS to visit all connected ones all parts of the same island by exploring the neighboring cells in all four directions as deep as they go. During the DFS, we mark each visited cell by changing its value to zero to ensure we don't count it again. Once all connected cells for that island are visited, we increment the island count and continue searching the rest of the grid. This process ensures that we explore each island once and count it correctly. By the end, the total number of initializing DFS calls we make, not including the recursive calls, equals the number of islands. Backtracking is a pattern that many people struggle with, but in reality, it's actually just an extension of depth first search. In DFS, we typically traverse through a prebuilt structure like a tree or graph, where the nodes and connections are already defined. With backtracking, however, you often have to build the solution tree yourself as you explore different options, especially in combinatorial problems, where the structure of the tree isn't given explicitly, but is generated dynamically as you make decisions. In a backtracking problem, you explore all possible solutions by making a series of decisions. Each decision represents a node in the tree, and each potential decision forms a branch. As you explore a decision, you either reach a valid solution, or you hit a dead end. When a decision leads to a dead end, you backtrack to the previous decision, undo it, and try another path. Just like with all of our other patterns, we also have a template we are going to use here, which is this. Now, let's walk through it by solving a lead code problem. Letter combinations of a phone number. In this problem, we're given a string of digits, typically from 2 to 9, and we need to return all the possible letter combinations that the digits could represent using the mapping of a phone keypad. For example, if we have the digits 23, each digit corresponds to a set of letters, two maps to A, B, C, and three maps to D, E, F. Our goal is to generate every possible combination of these letters. So, for 23, some outputs could be a D, A, E, A, F, B, D, B, E, B, F, and so on. Now, our goal is to find all of these combinations. Backtracking is the optimal approach for solving this problem because it allows us to explore each possible letter one at a time while pruning invalid configurations early. Rather than brute forcing through every possible combination, backtracking lets us build the solution letter by letter, discarding incomplete paths that no longer make sense. We start by defining a function that takes a list of digites as input, and returns a list containing all possible combinations. Inside the function, we initialize an empty list to store the final results. Next, we define a helper function that generates all possible letter choices for a given digit. For the sake of simplicity, we assume that the digit is between 2 and 9. We then define a recursive function that performs the actual backtrack. This function takes three arguments: the current index, the current"
"mistral-7b-v0.3","leetcode_patterns","3","3","342","For example, if we had a sorted list of only true and false, we can actually use binary search to find the first true occurrence. The binary search would work like this. You look at the middle of the list. If the middle value is true, you know that the first true must either be here or somewhere to the left, so you move your search to the left half. If the middle value is false, you know that the first true must be to the right, so you focus on the right half. This type of searching, based on where a condition is true and where it is false, can be reused for every single binary search problem. In fact, we actually have this free template for this on our website, Algamonster. All we need to do is find out what makes something feasible. For example, the common lead code problem, minimum in rotated sorted array, doesn't appear to follow binary search at first. After all, it's not sorted. However, there's a monotonic condition we can use to apply binary search. The condition is that any element that is less than the last element of the array is part of the rotated section, while any element greater than the last element is part of the original sorted section. We can mentally convert this to trues and falses, and just like that, we have the same true and false question we just solve. This can be applied to a ton of different questions. For more practice and an in-depth explanation, check out algo.monster. Now we'll take a look at non-linear structure problems which work with trees and graphs. In fact, instead of treating trees and graphs as two entirely different structures, you should imagine that a tree is just a graph with no cycles. The only difference between the two is that for a graph that could have cycles, you need some visited set to keep track of nodes you've already visited. This makes the patterns we will talk about applicable to both. For non-linear problems, we'll start with breadth-first search, as it's the easiest algorithm to understand and build off of. breadth-first search is an algorithm used to explore nodes in a graph or tree level by level. The idea behind this is that it starts at a given node, commonly called the root, and explores all its immediate neighbors first before moving on to the neighbors' neighbors, and so on. To keep track of the nodes that have already been visited so that we don't revisit them, BFS uses a queue, a data structure that works like a line. First in, first out. This ensures that nodes are visited in the correct order, starting from the closest to the root and moving outward. BFS is such a common algorithm that you will use all the time. Luckily for you, instead of having to derive it from scratch each time, we have this template that we can reuse. If you want to see more about how we got this template, check it out at algo.monster. Now let's see BFS in action. We're going to use this template to solve a common lead code problem, level order traversal of a binary tree. The problem asks us to give all of the levels of the tree at each depth This means we need to visit the nodes of the tree level by level, starting from the root and moving down, visiting all the nodes at each level before proceeding to the next. For example, given a tree with the root node 3 and children 9 and 20, where 20 has children 15 and 7, we need to return the values of the nodes level by level in the following order. First 3, then 9, 20, and finally 15, 16th phrase which is not a kill, we can solve this problem using BFS as its ideal for level by level traversal. The idea is to use a queue to help explore the tree one level at a time. First, we add the root node to the queue. Then for each level, we process all nodes currently in the queue by removing them and adding their values to the result. For each node we process, we also add its left and right children to the queue so they can be processed in the next level. This ensures that we visit all nodes on one level before moving to the next. By repeating this process until the queue is empty, we can traverse the entire tree level by level and collect the node values in the correct order. Finally, we return the list of node values grouped by levels. Devth first search is an algorithm that builds on the foundation of BFS but explores the tree or graph in a different way. While BFS focuses on exploring nodes level by level, DFS dives deep into one path as far as possible before exploring the next path. In BFS, we use a queue to process nodes in a breadth first manner, ensuring all nodes at one level are explored before moving to the next. In contrast, DFS uses a stack to explore nodes in a depth first manner, where you keep going down one branch until you reach the end, and then you come back to explore other branches. Most often, the stack DFS uses is the call stack. As most DFS implementations use recursion, where BFS is ideal for finding the shortest path or exploring nodes layer by layer, DFS is more suited for problems where you need to explore all paths or check every possible configuration, such as finding all paths in a tree, searching for a specific condition deep in the structure or detecting cycles. The depth first nature of DFS makes it more memory efficient in some cases, but it's less suited for problems where the shortest path or shallow exploration is required, as it doesn't guarantee finding the closest solution first. Like with BFS, DFS is a common algorithm that you will use all the time, so we have a template that we can reuse. Again, if you're curious to how this works, check it out at algo.monster. Now, let's solve a leap code problem with DFS. A common leap code problem that uses this pattern is called number of islands. This problem asks us to count the number of islands in a 2D grid where one represents land and zero represents water. An island is formed by connecting adjacent ones horizontally or vertically. We need to determine how many distinct islands exist by identifying connected components of ones in the grid. For example, in a grid where someone's are grouped together, each connected group is considered an island. Our goal is to traverse the grid, find all islands, and count them. We can solve this problem using DFS to explore each island. The idea is to iterate through each cell in the grid. When we encounter a one land, it indicates the start of an island. From there, we perform DFS to visit all connected ones all parts of the same island by exploring the neighboring cells in all four directions as deep as they go. During the DFS, we mark each visited cell by changing its value to zero to ensure we don't count it again. Once all connected cells for that island are visited, we increment the island count and continue searching the rest of the grid. This process ensures that we explore each island once and count it correctly. By the end, the total number of initializing DFS calls we make, not including the recursive calls, equals the number of islands. Backtracking is a pattern that many people struggle with, but in reality, it's actually just an extension of depth first search. In DFS, we typically traverse through a prebuilt structure like a tree or graph, where the nodes and connections are already defined. With backtracking, however, you often have to build the solution tree yourself as you explore different options, especially in combinatorial problems, where the structure of the tree isn't given explicitly, but is generated dynamically as you make decisions. In a backtracking problem, you explore all possible solutions by making a series of decisions. Each decision represents a node in the tree, and each potential decision forms a branch. As you explore a decision, you either reach a valid solution, or you hit a dead end. When a decision leads to a dead end, you backtrack to the previous decision, undo it, and try another path. Just like with all of our other patterns, we also have a template we are going to use here, which is this. Now, let's walk through it by solving a lead code problem. Letter combinations of a phone number. In this problem, we're given a string of digits, typically from 2 to 9, and we need to return all the possible letter combinations that the digits could represent using the mapping of a phone keypad. For example, if we have the digits 23, each digit corresponds to a set of letters, two maps to A, B, C, and three maps to D, E, F. Our goal is to generate every possible combination of these letters. So, for 23, some outputs could be a D, A, E, A, F, B, D, B, E, B, F, and so on. Now, our goal is to find all of these combinations. Backtracking is the optimal approach for solving this problem because it allows us to explore each possible letter one at a time while pruning invalid configurations early. Rather than brute forcing through every possible combination, backtracking lets us build the solution letter by letter, discarding incomplete paths that no longer make sense. We start by defining our base case, which in this case is when we have exhausted all digits. At this point, we simply append the current combination to our results and return. Otherwise, we loop through each possible option for the current digit, recursively calling ourselves with the updated combination and the remaining digits until we reach the base case. This pattern ensures that every valid combination is found and that we avoid duplicates. One important thing to note is that we need a way to prune invalid combinations"
"mistral-7b-v0.3","leetcode_patterns","3","4","342","For example, if we had a sorted list of only true and false, we can actually use binary search to find the first true occurrence. The binary search would work like this. You look at the middle of the list. If the middle value is true, you know that the first true must either be here or somewhere to the left, so you move your search to the left half. If the middle value is false, you know that the first true must be to the right, so you focus on the right half. This type of searching, based on where a condition is true and where it is false, can be reused for every single binary search problem. In fact, we actually have this free template for this on our website, Algamonster. All we need to do is find out what makes something feasible. For example, the common lead code problem, minimum in rotated sorted array, doesn't appear to follow binary search at first. After all, it's not sorted. However, there's a monotonic condition we can use to apply binary search. The condition is that any element that is less than the last element of the array is part of the rotated section, while any element greater than the last element is part of the original sorted section. We can mentally convert this to trues and falses, and just like that, we have the same true and false question we just solve. This can be applied to a ton of different questions. For more practice and an in-depth explanation, check out algo.monster. Now we'll take a look at non-linear structure problems which work with trees and graphs. In fact, instead of treating trees and graphs as two entirely different structures, you should imagine that a tree is just a graph with no cycles. The only difference between the two is that for a graph that could have cycles, you need some visited set to keep track of nodes you've already visited. This makes the patterns we will talk about applicable to both. For non-linear problems, we'll start with breadth-first search, as it's the easiest algorithm to understand and build off of. breadth-first search is an algorithm used to explore nodes in a graph or tree level by level. The idea behind this is that it starts at a given node, commonly called the root, and explores all its immediate neighbors first before moving on to the neighbors' neighbors, and so on. To keep track of the nodes that have already been visited so that we don't revisit them, BFS uses a queue, a data structure that works like a line. First in, first out. This ensures that nodes are visited in the correct order, starting from the closest to the root and moving outward. BFS is such a common algorithm that you will use all the time. Luckily for you, instead of having to derive it from scratch each time, we have this template that we can reuse. If you want to see more about how we got this template, check it out at algo.monster. Now let's see BFS in action. We're going to use this template to solve a common lead code problem, level order traversal of a binary tree. The problem asks us to give all of the levels of the tree at each depth This means we need to visit the nodes of the tree level by level, starting from the root and moving down, visiting all the nodes at each level before proceeding to the next. For example, given a tree with the root node 3 and children 9 and 20, where 20 has children 15 and 7, we need to return the values of the nodes level by level in the following order. First 3, then 9, 20, and finally 15, 16th phrase which is not a kill, we can solve this problem using BFS as its ideal for level by level traversal. The idea is to use a queue to help explore the tree one level at a time. First, we add the root node to the queue. Then for each level, we process all nodes currently in the queue by removing them and adding their values to the result. For each node we process, we also add its left and right children to the queue so they can be processed in the next level. This ensures that we visit all nodes on one level before moving to the next. By repeating this process until the queue is empty, we can traverse the entire tree level by level and collect the node values in the correct order. Finally, we return the list of node values grouped by levels. Devth first search is an algorithm that builds on the foundation of BFS but explores the tree or graph in a different way. While BFS focuses on exploring nodes level by level, DFS dives deep into one path as far as possible before exploring the next path. In BFS, we use a queue to process nodes in a breadth first manner, ensuring all nodes at one level are explored before moving to the next. In contrast, DFS uses a stack to explore nodes in a depth first manner, where you keep going down one branch until you reach the end, and then you come back to explore other branches. Most often, the stack DFS uses is the call stack. As most DFS implementations use recursion, where BFS is ideal for finding the shortest path or exploring nodes layer by layer, DFS is more suited for problems where you need to explore all paths or check every possible configuration, such as finding all paths in a tree, searching for a specific condition deep in the structure or detecting cycles. The depth first nature of DFS makes it more memory efficient in some cases, but it's less suited for problems where the shortest path or shallow exploration is required, as it doesn't guarantee finding the closest solution first. Like with BFS, DFS is a common algorithm that you will use all the time, so we have a template that we can reuse. Again, if you're curious to how this works, check it out at algo.monster. Now, let's solve a leap code problem with DFS. A common leap code problem that uses this pattern is called number of islands. This problem asks us to count the number of islands in a 2D grid where one represents land and zero represents water. An island is formed by connecting adjacent ones horizontally or vertically. We need to determine how many distinct islands exist by identifying connected components of ones in the grid. For example, in a grid where someone's are grouped together, each connected group is considered an island. Our goal is to traverse the grid, find all islands, and count them. We can solve this problem using DFS to explore each island. The idea is to iterate through each cell in the grid. When we encounter a one land, it indicates the start of an island. From there, we perform DFS to visit all connected ones all parts of the same island by exploring the neighboring cells in all four directions as deep as they go. During the DFS, we mark each visited cell by changing its value to zero to ensure we don't count it again. Once all connected cells for that island are visited, we increment the island count and continue searching the rest of the grid. This process ensures that we explore each island once and count it correctly. By the end, the total number of initializing DFS calls we make, not including the recursive calls, equals the number of islands. Backtracking is a pattern that many people struggle with, but in reality, it's actually just an extension of depth first search. In DFS, we typically traverse through a prebuilt structure like a tree or graph, where the nodes and connections are already defined. With backtracking, however, you often have to build the solution tree yourself as you explore different options, especially in combinatorial problems, where the structure of the tree isn't given explicitly, but is generated dynamically as you make decisions. In a backtracking problem, you explore all possible solutions by making a series of decisions. Each decision represents a node in the tree, and each potential decision forms a branch. As you explore a decision, you either reach a valid solution, or you hit a dead end. When a decision leads to a dead end, you backtrack to the previous decision, undo it, and try another path. Just like with all of our other patterns, we also have a template we are going to use here, which is this. Now, let's walk through it by solving a lead code problem. Letter combinations of a phone number. In this problem, we're given a string of digits, typically from 2 to 9, and we need to return all the possible letter combinations that the digits could represent using the mapping of a phone keypad. For example, if we have the digits 23, each digit corresponds to a set of letters, two maps to A, B, C, and three maps to D, E, F. Our goal is to generate every possible combination of these letters. So, for 23, some outputs could be a D, A, E, A, F, B, D, B, E, B, F, and so on. Now, our goal is to find all of these combinations. Backtracking is the optimal approach for solving this problem because it allows us to explore each possible letter one at a time while pruning invalid configurations early. Rather than brute forcing through every possible combination, backtracking lets us build the solution letter by letter, discarding incomplete paths that no longer make sense. We start by defining a helper function that takes a current index and a partial solution. It then iterates through each remaining digit, checks if the digit is valid for the current position, and if so, adds the corresponding letters to the partial solution and recursively calls itself for the next position. If we reach the last position without hitting a dead-end, we append the final solution to our results. If a deadend is reached, we backtrack by undoing the last decision and trying a new path"
"mistral-7b-v0.3","leetcode_patterns","3","5","342","For example, if we had a sorted list of only true and false, we can actually use binary search to find the first true occurrence. The binary search would work like this. You look at the middle of the list. If the middle value is true, you know that the first true must either be here or somewhere to the left, so you move your search to the left half. If the middle value is false, you know that the first true must be to the right, so you focus on the right half. This type of searching, based on where a condition is true and where it is false, can be reused for every single binary search problem. In fact, we actually have this free template for this on our website, Algamonster. All we need to do is find out what makes something feasible. For example, the common lead code problem, minimum in rotated sorted array, doesn't appear to follow binary search at first. After all, it's not sorted. However, there's a monotonic condition we can use to apply binary search. The condition is that any element that is less than the last element of the array is part of the rotated section, while any element greater than the last element is part of the original sorted section. We can mentally convert this to trues and falses, and just like that, we have the same true and false question we just solve. This can be applied to a ton of different questions. For more practice and an in-depth explanation, check out algo.monster. Now we'll take a look at non-linear structure problems which work with trees and graphs. In fact, instead of treating trees and graphs as two entirely different structures, you should imagine that a tree is just a graph with no cycles. The only difference between the two is that for a graph that could have cycles, you need some visited set to keep track of nodes you've already visited. This makes the patterns we will talk about applicable to both. For non-linear problems, we'll start with breadth-first search, as it's the easiest algorithm to understand and build off of. breadth-first search is an algorithm used to explore nodes in a graph or tree level by level. The idea behind this is that it starts at a given node, commonly called the root, and explores all its immediate neighbors first before moving on to the neighbors' neighbors, and so on. To keep track of the nodes that have already been visited so that we don't revisit them, BFS uses a queue, a data structure that works like a line. First in, first out. This ensures that nodes are visited in the correct order, starting from the closest to the root and moving outward. BFS is such a common algorithm that you will use all the time. Luckily for you, instead of having to derive it from scratch each time, we have this template that we can reuse. If you want to see more about how we got this template, check it out at algo.monster. Now let's see BFS in action. We're going to use this template to solve a common lead code problem, level order traversal of a binary tree. The problem asks us to give all of the levels of the tree at each depth This means we need to visit the nodes of the tree level by level, starting from the root and moving down, visiting all the nodes at each level before proceeding to the next. For example, given a tree with the root node 3 and children 9 and 20, where 20 has children 15 and 7, we need to return the values of the nodes level by level in the following order. First 3, then 9, 20, and finally 15, 16th phrase which is not a kill, we can solve this problem using BFS as its ideal for level by level traversal. The idea is to use a queue to help explore the tree one level at a time. First, we add the root node to the queue. Then for each level, we process all nodes currently in the queue by removing them and adding their values to the result. For each node we process, we also add its left and right children to the queue so they can be processed in the next level. This ensures that we visit all nodes on one level before moving to the next. By repeating this process until the queue is empty, we can traverse the entire tree level by level and collect the node values in the correct order. Finally, we return the list of node values grouped by levels. Devth first search is an algorithm that builds on the foundation of BFS but explores the tree or graph in a different way. While BFS focuses on exploring nodes level by level, DFS dives deep into one path as far as possible before exploring the next path. In BFS, we use a queue to process nodes in a breadth first manner, ensuring all nodes at one level are explored before moving to the next. In contrast, DFS uses a stack to explore nodes in a depth first manner, where you keep going down one branch until you reach the end, and then you come back to explore other branches. Most often, the stack DFS uses is the call stack. As most DFS implementations use recursion, where BFS is ideal for finding the shortest path or exploring nodes layer by layer, DFS is more suited for problems where you need to explore all paths or check every possible configuration, such as finding all paths in a tree, searching for a specific condition deep in the structure or detecting cycles. The depth first nature of DFS makes it more memory efficient in some cases, but it's less suited for problems where the shortest path or shallow exploration is required, as it doesn't guarantee finding the closest solution first. Like with BFS, DFS is a common algorithm that you will use all the time, so we have a template that we can reuse. Again, if you're curious to how this works, check it out at algo.monster. Now, let's solve a leap code problem with DFS. A common leap code problem that uses this pattern is called number of islands. This problem asks us to count the number of islands in a 2D grid where one represents land and zero represents water. An island is formed by connecting adjacent ones horizontally or vertically. We need to determine how many distinct islands exist by identifying connected components of ones in the grid. For example, in a grid where someone's are grouped together, each connected group is considered an island. Our goal is to traverse the grid, find all islands, and count them. We can solve this problem using DFS to explore each island. The idea is to iterate through each cell in the grid. When we encounter a one land, it indicates the start of an island. From there, we perform DFS to visit all connected ones all parts of the same island by exploring the neighboring cells in all four directions as deep as they go. During the DFS, we mark each visited cell by changing its value to zero to ensure we don't count it again. Once all connected cells for that island are visited, we increment the island count and continue searching the rest of the grid. This process ensures that we explore each island once and count it correctly. By the end, the total number of initializing DFS calls we make, not including the recursive calls, equals the number of islands. Backtracking is a pattern that many people struggle with, but in reality, it's actually just an extension of depth first search. In DFS, we typically traverse through a prebuilt structure like a tree or graph, where the nodes and connections are already defined. With backtracking, however, you often have to build the solution tree yourself as you explore different options, especially in combinatorial problems, where the structure of the tree isn't given explicitly, but is generated dynamically as you make decisions. In a backtracking problem, you explore all possible solutions by making a series of decisions. Each decision represents a node in the tree, and each potential decision forms a branch. As you explore a decision, you either reach a valid solution, or you hit a dead end. When a decision leads to a dead end, you backtrack to the previous decision, undo it, and try another path. Just like with all of our other patterns, we also have a template we are going to use here, which is this. Now, let's walk through it by solving a lead code problem. Letter combinations of a phone number. In this problem, we're given a string of digits, typically from 2 to 9, and we need to return all the possible letter combinations that the digits could represent using the mapping of a phone keypad. For example, if we have the digits 23, each digit corresponds to a set of letters, two maps to A, B, C, and three maps to D, E, F. Our goal is to generate every possible combination of these letters. So, for 23, some outputs could be a D, A, E, A, F, B, D, B, E, B, F, and so on. Now, our goal is to find all of these combinations. Backtracking is the optimal approach for solving this problem because it allows us to explore each possible letter one at a time while pruning invalid configurations early. Rather than brute forcing through every possible combination, backtracking lets us build the solution letter by letter, discarding incomplete paths that no longer make sense. We start by defining the base case, which in this case is when we've reached the end of the input string. At this point, we simply return the current combination. Otherwise, we loop through each valid option for the current digit, add it to our current combination, and recursively call the function with the remaining digits. After generating all possible combinations for the given input, we collect them and return them"
"mistral-7b-v0.3","leetcode_patterns","3","6","342","For example, if we had a sorted list of only true and false, we can actually use binary search to find the first true occurrence. The binary search would work like this. You look at the middle of the list. If the middle value is true, you know that the first true must either be here or somewhere to the left, so you move your search to the left half. If the middle value is false, you know that the first true must be to the right, so you focus on the right half. This type of searching, based on where a condition is true and where it is false, can be reused for every single binary search problem. In fact, we actually have this free template for this on our website, Algamonster. All we need to do is find out what makes something feasible. For example, the common lead code problem, minimum in rotated sorted array, doesn't appear to follow binary search at first. After all, it's not sorted. However, there's a monotonic condition we can use to apply binary search. The condition is that any element that is less than the last element of the array is part of the rotated section, while any element greater than the last element is part of the original sorted section. We can mentally convert this to trues and falses, and just like that, we have the same true and false question we just solve. This can be applied to a ton of different questions. For more practice and an in-depth explanation, check out algo.monster. Now we'll take a look at non-linear structure problems which work with trees and graphs. In fact, instead of treating trees and graphs as two entirely different structures, you should imagine that a tree is just a graph with no cycles. The only difference between the two is that for a graph that could have cycles, you need some visited set to keep track of nodes you've already visited. This makes the patterns we will talk about applicable to both. For non-linear problems, we'll start with breadth-first search, as it's the easiest algorithm to understand and build off of. breadth-first search is an algorithm used to explore nodes in a graph or tree level by level. The idea behind this is that it starts at a given node, commonly called the root, and explores all its immediate neighbors first before moving on to the neighbors' neighbors, and so on. To keep track of the nodes that have already been visited so that we don't revisit them, BFS uses a queue, a data structure that works like a line. First in, first out. This ensures that nodes are visited in the correct order, starting from the closest to the root and moving outward. BFS is such a common algorithm that you will use all the time. Luckily for you, instead of having to derive it from scratch each time, we have this template that we can reuse. If you want to see more about how we got this template, check it out at algo.monster. Now let's see BFS in action. We're going to use this template to solve a common lead code problem, level order traversal of a binary tree. The problem asks us to give all of the levels of the tree at each depth This means we need to visit the nodes of the tree level by level, starting from the root and moving down, visiting all the nodes at each level before proceeding to the next. For example, given a tree with the root node 3 and children 9 and 20, where 20 has children 15 and 7, we need to return the values of the nodes level by level in the following order. First 3, then 9, 20, and finally 15, 16th phrase which is not a kill, we can solve this problem using BFS as its ideal for level by level traversal. The idea is to use a queue to help explore the tree one level at a time. First, we add the root node to the queue. Then for each level, we process all nodes currently in the queue by removing them and adding their values to the result. For each node we process, we also add its left and right children to the queue so they can be processed in the next level. This ensures that we visit all nodes on one level before moving to the next. By repeating this process until the queue is empty, we can traverse the entire tree level by level and collect the node values in the correct order. Finally, we return the list of node values grouped by levels. Devth first search is an algorithm that builds on the foundation of BFS but explores the tree or graph in a different way. While BFS focuses on exploring nodes level by level, DFS dives deep into one path as far as possible before exploring the next path. In BFS, we use a queue to process nodes in a breadth first manner, ensuring all nodes at one level are explored before moving to the next. In contrast, DFS uses a stack to explore nodes in a depth first manner, where you keep going down one branch until you reach the end, and then you come back to explore other branches. Most often, the stack DFS uses is the call stack. As most DFS implementations use recursion, where BFS is ideal for finding the shortest path or exploring nodes layer by layer, DFS is more suited for problems where you need to explore all paths or check every possible configuration, such as finding all paths in a tree, searching for a specific condition deep in the structure or detecting cycles. The depth first nature of DFS makes it more memory efficient in some cases, but it's less suited for problems where the shortest path or shallow exploration is required, as it doesn't guarantee finding the closest solution first. Like with BFS, DFS is a common algorithm that you will use all the time, so we have a template that we can reuse. Again, if you're curious to how this works, check it out at algo.monster. Now, let's solve a leap code problem with DFS. A common leap code problem that uses this pattern is called number of islands. This problem asks us to count the number of islands in a 2D grid where one represents land and zero represents water. An island is formed by connecting adjacent ones horizontally or vertically. We need to determine how many distinct islands exist by identifying connected components of ones in the grid. For example, in a grid where someone's are grouped together, each connected group is considered an island. Our goal is to traverse the grid, find all islands, and count them. We can solve this problem using DFS to explore each island. The idea is to iterate through each cell in the grid. When we encounter a one land, it indicates the start of an island. From there, we perform DFS to visit all connected ones all parts of the same island by exploring the neighboring cells in all four directions as deep as they go. During the DFS, we mark each visited cell by changing its value to zero to ensure we don't count it again. Once all connected cells for that island are visited, we increment the island count and continue searching the rest of the grid. This process ensures that we explore each island once and count it correctly. By the end, the total number of initializing DFS calls we make, not including the recursive calls, equals the number of islands. Backtracking is a pattern that many people struggle with, but in reality, it's actually just an extension of depth first search. In DFS, we typically traverse through a prebuilt structure like a tree or graph, where the nodes and connections are already defined. With backtracking, however, you often have to build the solution tree yourself as you explore different options, especially in combinatorial problems, where the structure of the tree isn't given explicitly, but is generated dynamically as you make decisions. In a backtracking problem, you explore all possible solutions by making a series of decisions. Each decision represents a node in the tree, and each potential decision forms a branch. As you explore a decision, you either reach a valid solution, or you hit a dead end. When a decision leads to a dead end, you backtrack to the previous decision, undo it, and try another path. Just like with all of our other patterns, we also have a template we are going to use here, which is this. Now, let's walk through it by solving a lead code problem. Letter combinations of a phone number. In this problem, we're given a string of digits, typically from 2 to 9, and we need to return all the possible letter combinations that the digits could represent using the mapping of a phone keypad. For example, if we have the digits 23, each digit corresponds to a set of letters, two maps to A, B, C, and three maps to D, E, F. Our goal is to generate every possible combination of these letters. So, for 23, some outputs could be a D, A, E, A, F, B, D, B, E, B, F, and so on. Now, our goal is to find all of these combinations. Backtracking is the optimal approach for solving this problem because it allows us to explore each possible letter one at a time while pruning invalid configurations early. Rather than brute forcing through every possible combination, backtracking lets us build the solution letter by letter, discarding incomplete paths that no longer make sense. We start by defining the base case, which in this case is when we have exhausted all digits and found a valid combination. Next, we define the helper function that generates the combinations for a given digit. It takes in the current index, the current partial combination, and the remaining digits. Inside this function, we loop over the allowed letters for the current digit and append them to the current combination. We then recursively call ourselves for the remaining indices and digits after the current one. Finally we return"
"mistral-7b-v0.3","leetcode_patterns","3","7","342","For example, if we had a sorted list of only true and false, we can actually use binary search to find the first true occurrence. The binary search would work like this. You look at the middle of the list. If the middle value is true, you know that the first true must either be here or somewhere to the left, so you move your search to the left half. If the middle value is false, you know that the first true must be to the right, so you focus on the right half. This type of searching, based on where a condition is true and where it is false, can be reused for every single binary search problem. In fact, we actually have this free template for this on our website, Algamonster. All we need to do is find out what makes something feasible. For example, the common lead code problem, minimum in rotated sorted array, doesn't appear to follow binary search at first. After all, it's not sorted. However, there's a monotonic condition we can use to apply binary search. The condition is that any element that is less than the last element of the array is part of the rotated section, while any element greater than the last element is part of the original sorted section. We can mentally convert this to trues and falses, and just like that, we have the same true and false question we just solve. This can be applied to a ton of different questions. For more practice and an in-depth explanation, check out algo.monster. Now we'll take a look at non-linear structure problems which work with trees and graphs. In fact, instead of treating trees and graphs as two entirely different structures, you should imagine that a tree is just a graph with no cycles. The only difference between the two is that for a graph that could have cycles, you need some visited set to keep track of nodes you've already visited. This makes the patterns we will talk about applicable to both. For non-linear problems, we'll start with breadth-first search, as it's the easiest algorithm to understand and build off of. breadth-first search is an algorithm used to explore nodes in a graph or tree level by level. The idea behind this is that it starts at a given node, commonly called the root, and explores all its immediate neighbors first before moving on to the neighbors' neighbors, and so on. To keep track of the nodes that have already been visited so that we don't revisit them, BFS uses a queue, a data structure that works like a line. First in, first out. This ensures that nodes are visited in the correct order, starting from the closest to the root and moving outward. BFS is such a common algorithm that you will use all the time. Luckily for you, instead of having to derive it from scratch each time, we have this template that we can reuse. If you want to see more about how we got this template, check it out at algo.monster. Now let's see BFS in action. We're going to use this template to solve a common lead code problem, level order traversal of a binary tree. The problem asks us to give all of the levels of the tree at each depth This means we need to visit the nodes of the tree level by level, starting from the root and moving down, visiting all the nodes at each level before proceeding to the next. For example, given a tree with the root node 3 and children 9 and 20, where 20 has children 15 and 7, we need to return the values of the nodes level by level in the following order. First 3, then 9, 20, and finally 15, 16th phrase which is not a kill, we can solve this problem using BFS as its ideal for level by level traversal. The idea is to use a queue to help explore the tree one level at a time. First, we add the root node to the queue. Then for each level, we process all nodes currently in the queue by removing them and adding their values to the result. For each node we process, we also add its left and right children to the queue so they can be processed in the next level. This ensures that we visit all nodes on one level before moving to the next. By repeating this process until the queue is empty, we can traverse the entire tree level by level and collect the node values in the correct order. Finally, we return the list of node values grouped by levels. Devth first search is an algorithm that builds on the foundation of BFS but explores the tree or graph in a different way. While BFS focuses on exploring nodes level by level, DFS dives deep into one path as far as possible before exploring the next path. In BFS, we use a queue to process nodes in a breadth first manner, ensuring all nodes at one level are explored before moving to the next. In contrast, DFS uses a stack to explore nodes in a depth first manner, where you keep going down one branch until you reach the end, and then you come back to explore other branches. Most often, the stack DFS uses is the call stack. As most DFS implementations use recursion, where BFS is ideal for finding the shortest path or exploring nodes layer by layer, DFS is more suited for problems where you need to explore all paths or check every possible configuration, such as finding all paths in a tree, searching for a specific condition deep in the structure or detecting cycles. The depth first nature of DFS makes it more memory efficient in some cases, but it's less suited for problems where the shortest path or shallow exploration is required, as it doesn't guarantee finding the closest solution first. Like with BFS, DFS is a common algorithm that you will use all the time, so we have a template that we can reuse. Again, if you're curious to how this works, check it out at algo.monster. Now, let's solve a leap code problem with DFS. A common leap code problem that uses this pattern is called number of islands. This problem asks us to count the number of islands in a 2D grid where one represents land and zero represents water. An island is formed by connecting adjacent ones horizontally or vertically. We need to determine how many distinct islands exist by identifying connected components of ones in the grid. For example, in a grid where someone's are grouped together, each connected group is considered an island. Our goal is to traverse the grid, find all islands, and count them. We can solve this problem using DFS to explore each island. The idea is to iterate through each cell in the grid. When we encounter a one land, it indicates the start of an island. From there, we perform DFS to visit all connected ones all parts of the same island by exploring the neighboring cells in all four directions as deep as they go. During the DFS, we mark each visited cell by changing its value to zero to ensure we don't count it again. Once all connected cells for that island are visited, we increment the island count and continue searching the rest of the grid. This process ensures that we explore each island once and count it correctly. By the end, the total number of initializing DFS calls we make, not including the recursive calls, equals the number of islands. Backtracking is a pattern that many people struggle with, but in reality, it's actually just an extension of depth first search. In DFS, we typically traverse through a prebuilt structure like a tree or graph, where the nodes and connections are already defined. With backtracking, however, you often have to build the solution tree yourself as you explore different options, especially in combinatorial problems, where the structure of the tree isn't given explicitly, but is generated dynamically as you make decisions. In a backtracking problem, you explore all possible solutions by making a series of decisions. Each decision represents a node in the tree, and each potential decision forms a branch. As you explore a decision, you either reach a valid solution, or you hit a dead end. When a decision leads to a dead end, you backtrack to the previous decision, undo it, and try another path. Just like with all of our other patterns, we also have a template we are going to use here, which is this. Now, let's walk through it by solving a lead code problem. Letter combinations of a phone number. In this problem, we're given a string of digits, typically from 2 to 9, and we need to return all the possible letter combinations that the digits could represent using the mapping of a phone keypad. For example, if we have the digits 23, each digit corresponds to a set of letters, two maps to A, B, C, and three maps to D, E, F. Our goal is to generate every possible combination of these letters. So, for 23, some outputs could be a D, A, E, A, F, B, D, B, E, B, F, and so on. Now, our goal is to find all of these combinations. Backtracking is the optimal approach for solving this problem because it allows us to explore each possible letter one at a time while pruning invalid configurations early. Rather than brute forcing through every possible combination, backtracking lets us build the solution letter by letter, discarding incomplete paths that no longer make sense. We start by defining our base case, which in this case is when we have exhausted all digits. At that point, we simply append the current combination to our results. Otherwise, we loop through each possible character for the current digit, recursively calling ourselves with the remaining digits and updated combination. If we ever reach a dead-end, where we cannot form a valid combination, we backtrack by undoing the current choice and trying another option. By doing this, we systematically explore every possible"
"mistral-7b-v0.3","leetcode_patterns","3","8","342","For example, if we had a sorted list of only true and false, we can actually use binary search to find the first true occurrence. The binary search would work like this. You look at the middle of the list. If the middle value is true, you know that the first true must either be here or somewhere to the left, so you move your search to the left half. If the middle value is false, you know that the first true must be to the right, so you focus on the right half. This type of searching, based on where a condition is true and where it is false, can be reused for every single binary search problem. In fact, we actually have this free template for this on our website, Algamonster. All we need to do is find out what makes something feasible. For example, the common lead code problem, minimum in rotated sorted array, doesn't appear to follow binary search at first. After all, it's not sorted. However, there's a monotonic condition we can use to apply binary search. The condition is that any element that is less than the last element of the array is part of the rotated section, while any element greater than the last element is part of the original sorted section. We can mentally convert this to trues and falses, and just like that, we have the same true and false question we just solve. This can be applied to a ton of different questions. For more practice and an in-depth explanation, check out algo.monster. Now we'll take a look at non-linear structure problems which work with trees and graphs. In fact, instead of treating trees and graphs as two entirely different structures, you should imagine that a tree is just a graph with no cycles. The only difference between the two is that for a graph that could have cycles, you need some visited set to keep track of nodes you've already visited. This makes the patterns we will talk about applicable to both. For non-linear problems, we'll start with breadth-first search, as it's the easiest algorithm to understand and build off of. breadth-first search is an algorithm used to explore nodes in a graph or tree level by level. The idea behind this is that it starts at a given node, commonly called the root, and explores all its immediate neighbors first before moving on to the neighbors' neighbors, and so on. To keep track of the nodes that have already been visited so that we don't revisit them, BFS uses a queue, a data structure that works like a line. First in, first out. This ensures that nodes are visited in the correct order, starting from the closest to the root and moving outward. BFS is such a common algorithm that you will use all the time. Luckily for you, instead of having to derive it from scratch each time, we have this template that we can reuse. If you want to see more about how we got this template, check it out at algo.monster. Now let's see BFS in action. We're going to use this template to solve a common lead code problem, level order traversal of a binary tree. The problem asks us to give all of the levels of the tree at each depth This means we need to visit the nodes of the tree level by level, starting from the root and moving down, visiting all the nodes at each level before proceeding to the next. For example, given a tree with the root node 3 and children 9 and 20, where 20 has children 15 and 7, we need to return the values of the nodes level by level in the following order. First 3, then 9, 20, and finally 15, 16th phrase which is not a kill, we can solve this problem using BFS as its ideal for level by level traversal. The idea is to use a queue to help explore the tree one level at a time. First, we add the root node to the queue. Then for each level, we process all nodes currently in the queue by removing them and adding their values to the result. For each node we process, we also add its left and right children to the queue so they can be processed in the next level. This ensures that we visit all nodes on one level before moving to the next. By repeating this process until the queue is empty, we can traverse the entire tree level by level and collect the node values in the correct order. Finally, we return the list of node values grouped by levels. Devth first search is an algorithm that builds on the foundation of BFS but explores the tree or graph in a different way. While BFS focuses on exploring nodes level by level, DFS dives deep into one path as far as possible before exploring the next path. In BFS, we use a queue to process nodes in a breadth first manner, ensuring all nodes at one level are explored before moving to the next. In contrast, DFS uses a stack to explore nodes in a depth first manner, where you keep going down one branch until you reach the end, and then you come back to explore other branches. Most often, the stack DFS uses is the call stack. As most DFS implementations use recursion, where BFS is ideal for finding the shortest path or exploring nodes layer by layer, DFS is more suited for problems where you need to explore all paths or check every possible configuration, such as finding all paths in a tree, searching for a specific condition deep in the structure or detecting cycles. The depth first nature of DFS makes it more memory efficient in some cases, but it's less suited for problems where the shortest path or shallow exploration is required, as it doesn't guarantee finding the closest solution first. Like with BFS, DFS is a common algorithm that you will use all the time, so we have a template that we can reuse. Again, if you're curious to how this works, check it out at algo.monster. Now, let's solve a leap code problem with DFS. A common leap code problem that uses this pattern is called number of islands. This problem asks us to count the number of islands in a 2D grid where one represents land and zero represents water. An island is formed by connecting adjacent ones horizontally or vertically. We need to determine how many distinct islands exist by identifying connected components of ones in the grid. For example, in a grid where someone's are grouped together, each connected group is considered an island. Our goal is to traverse the grid, find all islands, and count them. We can solve this problem using DFS to explore each island. The idea is to iterate through each cell in the grid. When we encounter a one land, it indicates the start of an island. From there, we perform DFS to visit all connected ones all parts of the same island by exploring the neighboring cells in all four directions as deep as they go. During the DFS, we mark each visited cell by changing its value to zero to ensure we don't count it again. Once all connected cells for that island are visited, we increment the island count and continue searching the rest of the grid. This process ensures that we explore each island once and count it correctly. By the end, the total number of initializing DFS calls we make, not including the recursive calls, equals the number of islands. Backtracking is a pattern that many people struggle with, but in reality, it's actually just an extension of depth first search. In DFS, we typically traverse through a prebuilt structure like a tree or graph, where the nodes and connections are already defined. With backtracking, however, you often have to build the solution tree yourself as you explore different options, especially in combinatorial problems, where the structure of the tree isn't given explicitly, but is generated dynamically as you make decisions. In a backtracking problem, you explore all possible solutions by making a series of decisions. Each decision represents a node in the tree, and each potential decision forms a branch. As you explore a decision, you either reach a valid solution, or you hit a dead end. When a decision leads to a dead end, you backtrack to the previous decision, undo it, and try another path. Just like with all of our other patterns, we also have a template we are going to use here, which is this. Now, let's walk through it by solving a lead code problem. Letter combinations of a phone number. In this problem, we're given a string of digits, typically from 2 to 9, and we need to return all the possible letter combinations that the digits could represent using the mapping of a phone keypad. For example, if we have the digits 23, each digit corresponds to a set of letters, two maps to A, B, C, and three maps to D, E, F. Our goal is to generate every possible combination of these letters. So, for 23, some outputs could be a D, A, E, A, F, B, D, B, E, B, F, and so on. Now, our goal is to find all of these combinations. Backtracking is the optimal approach for solving this problem because it allows us to explore each possible letter one at a time while pruning invalid configurations early. Rather than brute forcing through every possible combination, backtracking lets us build the solution letter by letter, discarding incomplete paths that no longer make sense. We start by defining the base case, which in this case is when we've exhausted all digits and found a valid combination. At this point, we simply append the combination to our results. Next, we define the recursion step, which involves choosing a letter for the current digit. Since each digit has multiple possible letters, we loop through all of them, checking whether the chosen letter is valid. If it is, we move on to choose the next letter for our next digit. If not"
"mistral-7b-v0.3","leetcode_patterns","3","9","342","For example, if we had a sorted list of only true and false, we can actually use binary search to find the first true occurrence. The binary search would work like this. You look at the middle of the list. If the middle value is true, you know that the first true must either be here or somewhere to the left, so you move your search to the left half. If the middle value is false, you know that the first true must be to the right, so you focus on the right half. This type of searching, based on where a condition is true and where it is false, can be reused for every single binary search problem. In fact, we actually have this free template for this on our website, Algamonster. All we need to do is find out what makes something feasible. For example, the common lead code problem, minimum in rotated sorted array, doesn't appear to follow binary search at first. After all, it's not sorted. However, there's a monotonic condition we can use to apply binary search. The condition is that any element that is less than the last element of the array is part of the rotated section, while any element greater than the last element is part of the original sorted section. We can mentally convert this to trues and falses, and just like that, we have the same true and false question we just solve. This can be applied to a ton of different questions. For more practice and an in-depth explanation, check out algo.monster. Now we'll take a look at non-linear structure problems which work with trees and graphs. In fact, instead of treating trees and graphs as two entirely different structures, you should imagine that a tree is just a graph with no cycles. The only difference between the two is that for a graph that could have cycles, you need some visited set to keep track of nodes you've already visited. This makes the patterns we will talk about applicable to both. For non-linear problems, we'll start with breadth-first search, as it's the easiest algorithm to understand and build off of. breadth-first search is an algorithm used to explore nodes in a graph or tree level by level. The idea behind this is that it starts at a given node, commonly called the root, and explores all its immediate neighbors first before moving on to the neighbors' neighbors, and so on. To keep track of the nodes that have already been visited so that we don't revisit them, BFS uses a queue, a data structure that works like a line. First in, first out. This ensures that nodes are visited in the correct order, starting from the closest to the root and moving outward. BFS is such a common algorithm that you will use all the time. Luckily for you, instead of having to derive it from scratch each time, we have this template that we can reuse. If you want to see more about how we got this template, check it out at algo.monster. Now let's see BFS in action. We're going to use this template to solve a common lead code problem, level order traversal of a binary tree. The problem asks us to give all of the levels of the tree at each depth This means we need to visit the nodes of the tree level by level, starting from the root and moving down, visiting all the nodes at each level before proceeding to the next. For example, given a tree with the root node 3 and children 9 and 20, where 20 has children 15 and 7, we need to return the values of the nodes level by level in the following order. First 3, then 9, 20, and finally 15, 16th phrase which is not a kill, we can solve this problem using BFS as its ideal for level by level traversal. The idea is to use a queue to help explore the tree one level at a time. First, we add the root node to the queue. Then for each level, we process all nodes currently in the queue by removing them and adding their values to the result. For each node we process, we also add its left and right children to the queue so they can be processed in the next level. This ensures that we visit all nodes on one level before moving to the next. By repeating this process until the queue is empty, we can traverse the entire tree level by level and collect the node values in the correct order. Finally, we return the list of node values grouped by levels. Devth first search is an algorithm that builds on the foundation of BFS but explores the tree or graph in a different way. While BFS focuses on exploring nodes level by level, DFS dives deep into one path as far as possible before exploring the next path. In BFS, we use a queue to process nodes in a breadth first manner, ensuring all nodes at one level are explored before moving to the next. In contrast, DFS uses a stack to explore nodes in a depth first manner, where you keep going down one branch until you reach the end, and then you come back to explore other branches. Most often, the stack DFS uses is the call stack. As most DFS implementations use recursion, where BFS is ideal for finding the shortest path or exploring nodes layer by layer, DFS is more suited for problems where you need to explore all paths or check every possible configuration, such as finding all paths in a tree, searching for a specific condition deep in the structure or detecting cycles. The depth first nature of DFS makes it more memory efficient in some cases, but it's less suited for problems where the shortest path or shallow exploration is required, as it doesn't guarantee finding the closest solution first. Like with BFS, DFS is a common algorithm that you will use all the time, so we have a template that we can reuse. Again, if you're curious to how this works, check it out at algo.monster. Now, let's solve a leap code problem with DFS. A common leap code problem that uses this pattern is called number of islands. This problem asks us to count the number of islands in a 2D grid where one represents land and zero represents water. An island is formed by connecting adjacent ones horizontally or vertically. We need to determine how many distinct islands exist by identifying connected components of ones in the grid. For example, in a grid where someone's are grouped together, each connected group is considered an island. Our goal is to traverse the grid, find all islands, and count them. We can solve this problem using DFS to explore each island. The idea is to iterate through each cell in the grid. When we encounter a one land, it indicates the start of an island. From there, we perform DFS to visit all connected ones all parts of the same island by exploring the neighboring cells in all four directions as deep as they go. During the DFS, we mark each visited cell by changing its value to zero to ensure we don't count it again. Once all connected cells for that island are visited, we increment the island count and continue searching the rest of the grid. This process ensures that we explore each island once and count it correctly. By the end, the total number of initializing DFS calls we make, not including the recursive calls, equals the number of islands. Backtracking is a pattern that many people struggle with, but in reality, it's actually just an extension of depth first search. In DFS, we typically traverse through a prebuilt structure like a tree or graph, where the nodes and connections are already defined. With backtracking, however, you often have to build the solution tree yourself as you explore different options, especially in combinatorial problems, where the structure of the tree isn't given explicitly, but is generated dynamically as you make decisions. In a backtracking problem, you explore all possible solutions by making a series of decisions. Each decision represents a node in the tree, and each potential decision forms a branch. As you explore a decision, you either reach a valid solution, or you hit a dead end. When a decision leads to a dead end, you backtrack to the previous decision, undo it, and try another path. Just like with all of our other patterns, we also have a template we are going to use here, which is this. Now, let's walk through it by solving a lead code problem. Letter combinations of a phone number. In this problem, we're given a string of digits, typically from 2 to 9, and we need to return all the possible letter combinations that the digits could represent using the mapping of a phone keypad. For example, if we have the digits 23, each digit corresponds to a set of letters, two maps to A, B, C, and three maps to D, E, F. Our goal is to generate every possible combination of these letters. So, for 23, some outputs could be a D, A, E, A, F, B, D, B, E, B, F, and so on. Now, our goal is to find all of these combinations. Backtracking is the optimal approach for solving this problem because it allows us to explore each possible letter one at a time while pruning invalid configurations early. Rather than brute forcing through every possible combination, backtracking lets us build the solution letter by letter, discarding incomplete paths that no longer make sense. We start by defining our base case, which in this case is when we've reached the end of the input string. At this point, we simply return the current combination. Otherwise, we pick the next digit in the input, map it to its corresponding letters, and recursively call the function for each letter. For every letter we try, we append it to the current solution and recursive call the remaining digits. When the recursion ends, we remove the last appended letter and try the next"
"mistral-7b-v0.3","leetcode_patterns","3","10","342","For example, if we had a sorted list of only true and false, we can actually use binary search to find the first true occurrence. The binary search would work like this. You look at the middle of the list. If the middle value is true, you know that the first true must either be here or somewhere to the left, so you move your search to the left half. If the middle value is false, you know that the first true must be to the right, so you focus on the right half. This type of searching, based on where a condition is true and where it is false, can be reused for every single binary search problem. In fact, we actually have this free template for this on our website, Algamonster. All we need to do is find out what makes something feasible. For example, the common lead code problem, minimum in rotated sorted array, doesn't appear to follow binary search at first. After all, it's not sorted. However, there's a monotonic condition we can use to apply binary search. The condition is that any element that is less than the last element of the array is part of the rotated section, while any element greater than the last element is part of the original sorted section. We can mentally convert this to trues and falses, and just like that, we have the same true and false question we just solve. This can be applied to a ton of different questions. For more practice and an in-depth explanation, check out algo.monster. Now we'll take a look at non-linear structure problems which work with trees and graphs. In fact, instead of treating trees and graphs as two entirely different structures, you should imagine that a tree is just a graph with no cycles. The only difference between the two is that for a graph that could have cycles, you need some visited set to keep track of nodes you've already visited. This makes the patterns we will talk about applicable to both. For non-linear problems, we'll start with breadth-first search, as it's the easiest algorithm to understand and build off of. breadth-first search is an algorithm used to explore nodes in a graph or tree level by level. The idea behind this is that it starts at a given node, commonly called the root, and explores all its immediate neighbors first before moving on to the neighbors' neighbors, and so on. To keep track of the nodes that have already been visited so that we don't revisit them, BFS uses a queue, a data structure that works like a line. First in, first out. This ensures that nodes are visited in the correct order, starting from the closest to the root and moving outward. BFS is such a common algorithm that you will use all the time. Luckily for you, instead of having to derive it from scratch each time, we have this template that we can reuse. If you want to see more about how we got this template, check it out at algo.monster. Now let's see BFS in action. We're going to use this template to solve a common lead code problem, level order traversal of a binary tree. The problem asks us to give all of the levels of the tree at each depth This means we need to visit the nodes of the tree level by level, starting from the root and moving down, visiting all the nodes at each level before proceeding to the next. For example, given a tree with the root node 3 and children 9 and 20, where 20 has children 15 and 7, we need to return the values of the nodes level by level in the following order. First 3, then 9, 20, and finally 15, 16th phrase which is not a kill, we can solve this problem using BFS as its ideal for level by level traversal. The idea is to use a queue to help explore the tree one level at a time. First, we add the root node to the queue. Then for each level, we process all nodes currently in the queue by removing them and adding their values to the result. For each node we process, we also add its left and right children to the queue so they can be processed in the next level. This ensures that we visit all nodes on one level before moving to the next. By repeating this process until the queue is empty, we can traverse the entire tree level by level and collect the node values in the correct order. Finally, we return the list of node values grouped by levels. Devth first search is an algorithm that builds on the foundation of BFS but explores the tree or graph in a different way. While BFS focuses on exploring nodes level by level, DFS dives deep into one path as far as possible before exploring the next path. In BFS, we use a queue to process nodes in a breadth first manner, ensuring all nodes at one level are explored before moving to the next. In contrast, DFS uses a stack to explore nodes in a depth first manner, where you keep going down one branch until you reach the end, and then you come back to explore other branches. Most often, the stack DFS uses is the call stack. As most DFS implementations use recursion, where BFS is ideal for finding the shortest path or exploring nodes layer by layer, DFS is more suited for problems where you need to explore all paths or check every possible configuration, such as finding all paths in a tree, searching for a specific condition deep in the structure or detecting cycles. The depth first nature of DFS makes it more memory efficient in some cases, but it's less suited for problems where the shortest path or shallow exploration is required, as it doesn't guarantee finding the closest solution first. Like with BFS, DFS is a common algorithm that you will use all the time, so we have a template that we can reuse. Again, if you're curious to how this works, check it out at algo.monster. Now, let's solve a leap code problem with DFS. A common leap code problem that uses this pattern is called number of islands. This problem asks us to count the number of islands in a 2D grid where one represents land and zero represents water. An island is formed by connecting adjacent ones horizontally or vertically. We need to determine how many distinct islands exist by identifying connected components of ones in the grid. For example, in a grid where someone's are grouped together, each connected group is considered an island. Our goal is to traverse the grid, find all islands, and count them. We can solve this problem using DFS to explore each island. The idea is to iterate through each cell in the grid. When we encounter a one land, it indicates the start of an island. From there, we perform DFS to visit all connected ones all parts of the same island by exploring the neighboring cells in all four directions as deep as they go. During the DFS, we mark each visited cell by changing its value to zero to ensure we don't count it again. Once all connected cells for that island are visited, we increment the island count and continue searching the rest of the grid. This process ensures that we explore each island once and count it correctly. By the end, the total number of initializing DFS calls we make, not including the recursive calls, equals the number of islands. Backtracking is a pattern that many people struggle with, but in reality, it's actually just an extension of depth first search. In DFS, we typically traverse through a prebuilt structure like a tree or graph, where the nodes and connections are already defined. With backtracking, however, you often have to build the solution tree yourself as you explore different options, especially in combinatorial problems, where the structure of the tree isn't given explicitly, but is generated dynamically as you make decisions. In a backtracking problem, you explore all possible solutions by making a series of decisions. Each decision represents a node in the tree, and each potential decision forms a branch. As you explore a decision, you either reach a valid solution, or you hit a dead end. When a decision leads to a dead end, you backtrack to the previous decision, undo it, and try another path. Just like with all of our other patterns, we also have a template we are going to use here, which is this. Now, let's walk through it by solving a lead code problem. Letter combinations of a phone number. In this problem, we're given a string of digits, typically from 2 to 9, and we need to return all the possible letter combinations that the digits could represent using the mapping of a phone keypad. For example, if we have the digits 23, each digit corresponds to a set of letters, two maps to A, B, C, and three maps to D, E, F. Our goal is to generate every possible combination of these letters. So, for 23, some outputs could be a D, A, E, A, F, B, D, B, E, B, F, and so on. Now, our goal is to find all of these combinations. Backtracking is the optimal approach for solving this problem because it allows us to explore each possible letter one at a time while pruning invalid configurations early. Rather than brute forcing through every possible combination, backtracking lets us build the solution letter by letter, discarding incomplete paths that no longer make sense. We start by defining our base case, which in this case is when we have exhausted all digits. At this point, we simply return our current combination. Otherwise, we pick up the next digit, map it to its corresponding letters, and loop through each letter. For every letter, we recursively call the function with the remaining digits and the updated combination. If we find a valid combination, we store it and continue exploring other possibilities. If none of the remaining combinations are valid, we backtrack"
"mistral-7b-v0.3","leetcode_patterns","4","1","1250","Deep Dive into Dynamic Programming"
"mistral-7b-v0.3","leetcode_patterns","4","2","1250","Deep Dive: Dynamically Programming Solutions"
"mistral-7b-v0.3","leetcode_patterns","4","3","1250","Exploring Dynamic Programming: Resources on Algo.Monster"
"mistral-7b-v0.3","leetcode_patterns","4","4","1250","Mastering Dynamic Programming: A Deep Dive"
"mistral-7b-v0.3","leetcode_patterns","4","5","1250","Exploring Dynamic Programming: More Details Await"
"mistral-7b-v0.3","leetcode_patterns","4","6","1250","Exploring Dynamic Programming: More on Our Website"
"mistral-7b-v0.3","leetcode_patterns","4","7","1250","Mastering Dynamic Programming: Check Out Our Resources"
"mistral-7b-v0.3","leetcode_patterns","4","8","1250","Explore Dynamic Programming at Algo.Monster"
"mistral-7b-v0.3","leetcode_patterns","4","9","1250","Mastering Dynamic Programming: Resources on Algo.Monster"
"mistral-7b-v0.3","leetcode_patterns","4","10","1250","Exploring Dynamic Programming: More Info at Algo.Monster"
"tinyllama","leetcode_patterns","1","1","0","The Ultimate Guide to Coding Interview Patterns"
"tinyllama","leetcode_patterns","1","2","0","Eight Most Important Patterns for Coding Interviews"
"tinyllama","leetcode_patterns","1","3","0","The 8 Most Important Patterns for Coding Interviews"
"tinyllama","leetcode_patterns","1","4","0","The 7 Most Important Patterns for Coding Interviews"
"tinyllama","leetcode_patterns","1","5","0","The Ultimate Guide to Coding Interviews: 8 Patterns You Need to Know"
"tinyllama","leetcode_patterns","1","6","0","The 8 Most Important Patterns for Coding Interviews"
"tinyllama","leetcode_patterns","1","7","0","Eight Most Important Patterns for Coding Interviews"
"tinyllama","leetcode_patterns","1","8","0","Eight Most Important Patterns for Coding Interviews"
"tinyllama","leetcode_patterns","1","9","0","The 8 Most Important Patterns for Coding Interviews"
"tinyllama","leetcode_patterns","1","10","0","Eight Most Important Patterns for Coding Interviews"
"tinyllama","leetcode_patterns","2","1","3","Understanding Leak Code Patterns"
"tinyllama","leetcode_patterns","2","2","3","Understanding Leak Code Patterns for Coding Interviews"
"tinyllama","leetcode_patterns","2","3","3","Understanding Leak Code Patterns for Coding Interviews"
"tinyllama","leetcode_patterns","2","4","3","The 8 Most Important Patterns for Coding Interviews"
"tinyllama","leetcode_patterns","2","5","3","The 8 Most Important Patterns for Coding Interviews"
"tinyllama","leetcode_patterns","2","6","3","Understanding Leak Code Patterns for Coding Interviews"
"tinyllama","leetcode_patterns","2","7","3","Understanding Leak Code Patterns for Coding Interviews"
"tinyllama","leetcode_patterns","2","8","3","Understanding Leak Code Patterns"
"tinyllama","leetcode_patterns","2","9","3","Understanding Leak Code Patterns"
"tinyllama","leetcode_patterns","2","10","3","Understanding Leak Code Patterns for Coding Interviews"
"tinyllama","leetcode_patterns","3","1","342","For example, if we had a sorted list of only true and false, we can actually use binary search to find the first true occurrence. The binary search would work like this. You look at the middle of the list. If the middle value is true, you know that the first true must either be here or somewhere to the left, so you move your search to the left half. If the middle value is false, you know that the first true must be to the right, so you focus on the right half. This type of searching, based on where a condition is true and where it is false, can be reused for every single binary search problem. In fact, we actually have this free template for this on our website, Algamonster. All we need to do is find out what makes something feasible. For example, the common lead code problem, minimum in rotated sorted array, doesn't appear to follow binary search at first. After all, it's not sorted. However, there's a monotonic condition we can use to apply binary search. The condition is that any element that is less than the last element of the array is part of the rotated section, while any element greater than the last element is part of the original sorted section. We can mentally convert this to trues and falses, and just like that, we have the same true and false question we just solve. This can be applied to a ton of different questions. For more practice and an in-depth explanation, check out algo.monster. Now we'll take a look at non-linear structure problems which work with trees and graphs. In fact, instead of treating trees and graphs as two entirely different structures, you should imagine that a tree is just a graph with no cycles. The only difference between the two is that for a graph that could have cycles, you need some visited set to keep track of nodes you've already visited. This makes the patterns we will talk about applicable to both. For non-linear problems, we'll start with breadth-first search, as it's the easiest algorithm to understand and build off of. breadth-first search is an algorithm used to explore nodes in a graph or tree level by level. The idea behind this is that it starts at a given node, commonly called the root, and explores all its immediate neighbors first before moving on to the neighbors' neighbors, and so on. To keep track of the nodes that have already been visited so that we don't revisit them, BFS uses a queue, a data structure that works like a line. First in, first out. This ensures that nodes are visited in the correct order, starting from the closest to the root and moving outward. BFS is such a common algorithm that you will use all the time. Luckily for you, instead of having to derive it from scratch each time, we have this template that we can reuse. If you want to see more about how we got this template, check it out at algo.monster. Now let's see BFS in action. We're going to use this template to solve a common lead code problem, level order traversal of a binary tree. The problem asks us to give all of the levels of the tree at each depth This means we need to visit the nodes of the tree level by level, starting from the root and moving down, visiting all the nodes at each level before proceeding to the next. For example, given a tree with the root node 3 and children 9 and 20, where 20 has children 15 and 7, we need to return the values of the nodes level by level in the following order. First 3, then 9, 20, and finally 15, 16th phrase which is not a kill, we can solve this problem using BFS as its ideal for level by level traversal. The idea is to use a queue to help explore the tree one level at a time. First, we add the root node to the queue. Then for each level, we process all nodes currently in the queue by removing them and adding their values to the result. For each node we process, we also add its left and right children to the queue so they can be processed in the next level. This ensures that we visit all nodes on one level before moving to the next. By repeating this process until the queue is empty, we can traverse the entire tree level by level and collect the node values in the correct order. Finally, we return the list of node values grouped by levels. Devth first search is an algorithm that builds on the foundation of BFS but explores the tree or graph in a different way. While BFS focuses on exploring nodes level by level, DFS dives deep into one path as far as possible before exploring the next path. In BFS, we use a queue to process nodes in a breadth first manner, ensuring all nodes at one level are explored before moving to the next. In contrast, DFS uses a stack to explore nodes in a depth first manner, where you keep going down one branch until you reach the end, and then you come back to explore other branches. Most often, the stack DFS uses is the call stack. As most DFS implementations use recursion, where BFS is ideal for finding the shortest path or exploring nodes layer by layer, DFS is more suited for problems where you need to explore all paths or check every possible configuration, such as finding all paths in a tree, searching for a specific condition deep in the structure or detecting cycles. The depth first nature of DFS makes it more memory efficient in some cases, but it's less suited for problems where the shortest path or shallow exploration is required, as it doesn't guarantee finding the closest solution first. Like with BFS, DFS is a common algorithm that you will use all the time, so we have a template that we can reuse. Again, if you're curious to how this works, check it out at algo.monster. Now, let's solve a leap code problem with DFS. A common leap code problem that uses this pattern is called number of islands. This problem asks us to count the number of islands in a 2D grid where one represents land and zero represents water. An island is formed by connecting adjacent ones horizontally or vertically. We need to determine how many distinct islands exist by identifying connected components of ones in the grid. For example, in a grid where someone's are grouped together, each connected group is considered an island. Our goal is to traverse the grid, find all islands, and count them. We can solve this problem using DFS to explore each island. The idea is to iterate through each cell in the grid. When we encounter a one land, it indicates the start of an island. From there, we perform DFS to visit all connected ones all parts of the same island by exploring the neighboring cells in all four directions as deep as they go. During the DFS, we mark each visited cell by changing its value to zero to ensure we don't count it again. Once all connected cells for that island are visited, we increment the island count and continue searching the rest of the grid. This process ensures that we explore each island once and count it correctly. By the end, the total number of initializing DFS calls we make, not including the recursive calls, equals the number of islands. Backtracking is a pattern that many people struggle with, but in reality, it's actually just an extension of depth first search. In DFS, we typically traverse through a prebuilt structure like a tree or graph, where the nodes and connections are already defined. With backtracking, however, you often have to build the solution tree yourself as you explore different options, especially in combinatorial problems, where the structure of the tree isn't given explicitly, but is generated dynamically as you make decisions. In a backtracking problem, you explore all possible solutions by making a series of decisions. Each decision represents a node in the tree, and each potential decision forms a branch. As you explore a decision, you either reach a valid solution, or you hit a dead end. When a decision leads to a dead end, you backtrack to the previous decision, undo it, and try another path. Just like with all of our other patterns, we also have a template we are going to use here, which is this. Now, let's walk through it by solving a lead code problem. Letter combinations of a phone number. In this problem, we're given a string of digits, typically from 2 to 9, and we need to return all the possible letter combinations that the digits could represent using the mapping of a phone keypad. For example, if we have the digits 23, each digit corresponds to a set of letters, two maps to A, B, C, and three maps to D, E, F. Our goal is to generate every possible combination of these letters. So, for 23, some outputs could be a D, A, E, A, F, B, D, B, E, B, F, and so on. Now, our goal is to find all of these combinations. Backtracking is the optimal approach for solving this problem because it allows us to explore each possible letter one at a time while pruning invalid configurations early. Rather than brute forcing through every possible combination, backtracking lets us build the solution letter by letter, discarding incomplete paths. This way, we avoid wasting time exploring unnecessary paths, and instead, we focus on building the best possible solution. Let's create a template for backtracked solutions. We will use this for all of my patterns. I hope this helps!"
"tinyllama","leetcode_patterns","3","2","342","For example, if we had a sorted list of only true and false, we can actually use binary search to find the first true occurrence. The binary search would work like this. You look at the middle of the list. If the middle value is true, you know that the first true must either be here or somewhere to the left, so you move your search to the left half. If the middle value is false, you know that the first true must be to the right, so you focus on the right half. This type of searching, based on where a condition is true and where it is false, can be reused for every single binary search problem. In fact, we actually have this free template for this on our website, Algamonster. All we need to do is find out what makes something feasible. For example, the common lead code problem, minimum in rotated sorted array, doesn't appear to follow binary search at first. After all, it's not sorted. However, there's a monotonic condition we can use to apply binary search. The condition is that any element that is less than the last element of the array is part of the rotated section, while any element greater than the last element is part of the original sorted section. We can mentally convert this to trues and falses, and just like that, we have the same true and false question we just solve. This can be applied to a ton of different questions. For more practice and an in-depth explanation, check out algo.monster. Now we'll take a look at non-linear structure problems which work with trees and graphs. In fact, instead of treating trees and graphs as two entirely different structures, you should imagine that a tree is just a graph with no cycles. The only difference between the two is that for a graph that could have cycles, you need some visited set to keep track of nodes you've already visited. This makes the patterns we will talk about applicable to both. For non-linear problems, we'll start with breadth-first search, as it's the easiest algorithm to understand and build off of. breadth-first search is an algorithm used to explore nodes in a graph or tree level by level. The idea behind this is that it starts at a given node, commonly called the root, and explores all its immediate neighbors first before moving on to the neighbors' neighbors, and so on. To keep track of the nodes that have already been visited so that we don't revisit them, BFS uses a queue, a data structure that works like a line. First in, first out. This ensures that nodes are visited in the correct order, starting from the closest to the root and moving outward. BFS is such a common algorithm that you will use all the time. Luckily for you, instead of having to derive it from scratch each time, we have this template that we can reuse. If you want to see more about how we got this template, check it out at algo.monster. Now let's see BFS in action. We're going to use this template to solve a common lead code problem, level order traversal of a binary tree. The problem asks us to give all of the levels of the tree at each depth This means we need to visit the nodes of the tree level by level, starting from the root and moving down, visiting all the nodes at each level before proceeding to the next. For example, given a tree with the root node 3 and children 9 and 20, where 20 has children 15 and 7, we need to return the values of the nodes level by level in the following order. First 3, then 9, 20, and finally 15, 16th phrase which is not a kill, we can solve this problem using BFS as its ideal for level by level traversal. The idea is to use a queue to help explore the tree one level at a time. First, we add the root node to the queue. Then for each level, we process all nodes currently in the queue by removing them and adding their values to the result. For each node we process, we also add its left and right children to the queue so they can be processed in the next level. This ensures that we visit all nodes on one level before moving to the next. By repeating this process until the queue is empty, we can traverse the entire tree level by level and collect the node values in the correct order. Finally, we return the list of node values grouped by levels. Devth first search is an algorithm that builds on the foundation of BFS but explores the tree or graph in a different way. While BFS focuses on exploring nodes level by level, DFS dives deep into one path as far as possible before exploring the next path. In BFS, we use a queue to process nodes in a breadth first manner, ensuring all nodes at one level are explored before moving to the next. In contrast, DFS uses a stack to explore nodes in a depth first manner, where you keep going down one branch until you reach the end, and then you come back to explore other branches. Most often, the stack DFS uses is the call stack. As most DFS implementations use recursion, where BFS is ideal for finding the shortest path or exploring nodes layer by layer, DFS is more suited for problems where you need to explore all paths or check every possible configuration, such as finding all paths in a tree, searching for a specific condition deep in the structure or detecting cycles. The depth first nature of DFS makes it more memory efficient in some cases, but it's less suited for problems where the shortest path or shallow exploration is required, as it doesn't guarantee finding the closest solution first. Like with BFS, DFS is a common algorithm that you will use all the time, so we have a template that we can reuse. Again, if you're curious to how this works, check it out at algo.monster. Now, let's solve a leap code problem with DFS. A common leap code problem that uses this pattern is called number of islands. This problem asks us to count the number of islands in a 2D grid where one represents land and zero represents water. An island is formed by connecting adjacent ones horizontally or vertically. We need to determine how many distinct islands exist by identifying connected components of ones in the grid. For example, in a grid where someone's are grouped together, each connected group is considered an island. Our goal is to traverse the grid, find all islands, and count them. We can solve this problem using DFS to explore each island. The idea is to iterate through each cell in the grid. When we encounter a one land, it indicates the start of an island. From there, we perform DFS to visit all connected ones all parts of the same island by exploring the neighboring cells in all four directions as deep as they go. During the DFS, we mark each visited cell by changing its value to zero to ensure we don't count it again. Once all connected cells for that island are visited, we increment the island count and continue searching the rest of the grid. This process ensures that we explore each island once and count it correctly. By the end, the total number of initializing DFS calls we make, not including the recursive calls, equals the number of islands. Backtracking is a pattern that many people struggle with, but in reality, it's actually just an extension of depth first search. In DFS, we typically traverse through a prebuilt structure like a tree or graph, where the nodes and connections are already defined. With backtracking, however, you often have to build the solution tree yourself as you explore different options, especially in combinatorial problems, where the structure of the tree isn't given explicitly, but is generated dynamically as you make decisions. In a backtracking problem, you explore all possible solutions by making a series of decisions. Each decision represents a node in the tree, and each potential decision forms a branch. As you explore a decision, you either reach a valid solution, or you hit a dead end. When a decision leads to a dead end, you backtrack to the previous decision, undo it, and try another path. Just like with all of our other patterns, we also have a template we are going to use here, which is this. Now, let's walk through it by solving a lead code problem. Letter combinations of a phone number. In this problem, we're given a string of digits, typically from 2 to 9, and we need to return all the possible letter combinations that the digits could represent using the mapping of a phone keypad. For example, if we have the digits 23, each digit corresponds to a set of letters, two maps to A, B, C, and three maps to D, E, F. Our goal is to generate every possible combination of these letters. So, for 23, some outputs could be a D, A, E, A, F, B, D, B, E, B, F, and so on. Now, our goal is to find all of these combinations. Backtracking is the optimal approach for solving this problem because it allows us to explore each possible letter one at a time while pruning invalid configurations early. Rather than brute forcing through every possible combination, backtracking lets us build the solution letter by letter, discarding incomplete paths. We start with the first digit, 0, which represents nothing. We then explore the second digit, which could be A, 4, 8, or 12. We mark the first letter as A, and explore the remaining digits. We explore the first two digits, which correspond to A and B. We remove the first A, leaving B. Now that we've removed B, we explore the third digit, C. We now have a valid combination of letters"
"tinyllama","leetcode_patterns","3","3","342","For example, if we had a sorted list of only true and false, we can actually use binary search to find the first true occurrence. The binary search would work like this. You look at the middle of the list. If the middle value is true, you know that the first true must either be here or somewhere to the left, so you move your search to the left half. If the middle value is false, you know that the first true must be to the right, so you focus on the right half. This type of searching, based on where a condition is true and where it is false, can be reused for every single binary search problem. In fact, we actually have this free template for this on our website, Algamonster. All we need to do is find out what makes something feasible. For example, the common lead code problem, minimum in rotated sorted array, doesn't appear to follow binary search at first. After all, it's not sorted. However, there's a monotonic condition we can use to apply binary search. The condition is that any element that is less than the last element of the array is part of the rotated section, while any element greater than the last element is part of the original sorted section. We can mentally convert this to trues and falses, and just like that, we have the same true and false question we just solve. This can be applied to a ton of different questions. For more practice and an in-depth explanation, check out algo.monster. Now we'll take a look at non-linear structure problems which work with trees and graphs. In fact, instead of treating trees and graphs as two entirely different structures, you should imagine that a tree is just a graph with no cycles. The only difference between the two is that for a graph that could have cycles, you need some visited set to keep track of nodes you've already visited. This makes the patterns we will talk about applicable to both. For non-linear problems, we'll start with breadth-first search, as it's the easiest algorithm to understand and build off of. breadth-first search is an algorithm used to explore nodes in a graph or tree level by level. The idea behind this is that it starts at a given node, commonly called the root, and explores all its immediate neighbors first before moving on to the neighbors' neighbors, and so on. To keep track of the nodes that have already been visited so that we don't revisit them, BFS uses a queue, a data structure that works like a line. First in, first out. This ensures that nodes are visited in the correct order, starting from the closest to the root and moving outward. BFS is such a common algorithm that you will use all the time. Luckily for you, instead of having to derive it from scratch each time, we have this template that we can reuse. If you want to see more about how we got this template, check it out at algo.monster. Now let's see BFS in action. We're going to use this template to solve a common lead code problem, level order traversal of a binary tree. The problem asks us to give all of the levels of the tree at each depth This means we need to visit the nodes of the tree level by level, starting from the root and moving down, visiting all the nodes at each level before proceeding to the next. For example, given a tree with the root node 3 and children 9 and 20, where 20 has children 15 and 7, we need to return the values of the nodes level by level in the following order. First 3, then 9, 20, and finally 15, 16th phrase which is not a kill, we can solve this problem using BFS as its ideal for level by level traversal. The idea is to use a queue to help explore the tree one level at a time. First, we add the root node to the queue. Then for each level, we process all nodes currently in the queue by removing them and adding their values to the result. For each node we process, we also add its left and right children to the queue so they can be processed in the next level. This ensures that we visit all nodes on one level before moving to the next. By repeating this process until the queue is empty, we can traverse the entire tree level by level and collect the node values in the correct order. Finally, we return the list of node values grouped by levels. Devth first search is an algorithm that builds on the foundation of BFS but explores the tree or graph in a different way. While BFS focuses on exploring nodes level by level, DFS dives deep into one path as far as possible before exploring the next path. In BFS, we use a queue to process nodes in a breadth first manner, ensuring all nodes at one level are explored before moving to the next. In contrast, DFS uses a stack to explore nodes in a depth first manner, where you keep going down one branch until you reach the end, and then you come back to explore other branches. Most often, the stack DFS uses is the call stack. As most DFS implementations use recursion, where BFS is ideal for finding the shortest path or exploring nodes layer by layer, DFS is more suited for problems where you need to explore all paths or check every possible configuration, such as finding all paths in a tree, searching for a specific condition deep in the structure or detecting cycles. The depth first nature of DFS makes it more memory efficient in some cases, but it's less suited for problems where the shortest path or shallow exploration is required, as it doesn't guarantee finding the closest solution first. Like with BFS, DFS is a common algorithm that you will use all the time, so we have a template that we can reuse. Again, if you're curious to how this works, check it out at algo.monster. Now, let's solve a leap code problem with DFS. A common leap code problem that uses this pattern is called number of islands. This problem asks us to count the number of islands in a 2D grid where one represents land and zero represents water. An island is formed by connecting adjacent ones horizontally or vertically. We need to determine how many distinct islands exist by identifying connected components of ones in the grid. For example, in a grid where someone's are grouped together, each connected group is considered an island. Our goal is to traverse the grid, find all islands, and count them. We can solve this problem using DFS to explore each island. The idea is to iterate through each cell in the grid. When we encounter a one land, it indicates the start of an island. From there, we perform DFS to visit all connected ones all parts of the same island by exploring the neighboring cells in all four directions as deep as they go. During the DFS, we mark each visited cell by changing its value to zero to ensure we don't count it again. Once all connected cells for that island are visited, we increment the island count and continue searching the rest of the grid. This process ensures that we explore each island once and count it correctly. By the end, the total number of initializing DFS calls we make, not including the recursive calls, equals the number of islands. Backtracking is a pattern that many people struggle with, but in reality, it's actually just an extension of depth first search. In DFS, we typically traverse through a prebuilt structure like a tree or graph, where the nodes and connections are already defined. With backtracking, however, you often have to build the solution tree yourself as you explore different options, especially in combinatorial problems, where the structure of the tree isn't given explicitly, but is generated dynamically as you make decisions. In a backtracking problem, you explore all possible solutions by making a series of decisions. Each decision represents a node in the tree, and each potential decision forms a branch. As you explore a decision, you either reach a valid solution, or you hit a dead end. When a decision leads to a dead end, you backtrack to the previous decision, undo it, and try another path. Just like with all of our other patterns, we also have a template we are going to use here, which is this. Now, let's walk through it by solving a lead code problem. Letter combinations of a phone number. In this problem, we're given a string of digits, typically from 2 to 9, and we need to return all the possible letter combinations that the digits could represent using the mapping of a phone keypad. For example, if we have the digits 23, each digit corresponds to a set of letters, two maps to A, B, C, and three maps to D, E, F. Our goal is to generate every possible combination of these letters. So, for 23, some outputs could be a D, A, E, A, F, B, D, B, E, B, F, and so on. Now, our goal is to find all of these combinations. Backtracking is the optimal approach for solving this problem because it allows us to explore each possible letter one at a time while pruning invalid configurations early. Rather than brute forcing through every possible combination, backtracking lets us build the solution letter by letter, discarding incomplete paths and returning the best possible solution. We create a dictionary of all possible letter mappings, and for each digit, we create a new dictionary of possible letter combos. We start by creating a dictionary for the first digit, and fill it with the letter combinations for that digit. Then, for each subsequent digit, recursively call ourselves with the current digit and the remaining digits. For every letter combo we found, we update the corresponding letter mapping in the dictionary. At the end of the function"
"tinyllama","leetcode_patterns","3","4","342","For example, if we had a sorted list of only true and false, we can actually use binary search to find the first true occurrence. The binary search would work like this. You look at the middle of the list. If the middle value is true, you know that the first true must either be here or somewhere to the left, so you move your search to the left half. If the middle value is false, you know that the first true must be to the right, so you focus on the right half. This type of searching, based on where a condition is true and where it is false, can be reused for every single binary search problem. In fact, we actually have this free template for this on our website, Algamonster. All we need to do is find out what makes something feasible. For example, the common lead code problem, minimum in rotated sorted array, doesn't appear to follow binary search at first. After all, it's not sorted. However, there's a monotonic condition we can use to apply binary search. The condition is that any element that is less than the last element of the array is part of the rotated section, while any element greater than the last element is part of the original sorted section. We can mentally convert this to trues and falses, and just like that, we have the same true and false question we just solve. This can be applied to a ton of different questions. For more practice and an in-depth explanation, check out algo.monster. Now we'll take a look at non-linear structure problems which work with trees and graphs. In fact, instead of treating trees and graphs as two entirely different structures, you should imagine that a tree is just a graph with no cycles. The only difference between the two is that for a graph that could have cycles, you need some visited set to keep track of nodes you've already visited. This makes the patterns we will talk about applicable to both. For non-linear problems, we'll start with breadth-first search, as it's the easiest algorithm to understand and build off of. breadth-first search is an algorithm used to explore nodes in a graph or tree level by level. The idea behind this is that it starts at a given node, commonly called the root, and explores all its immediate neighbors first before moving on to the neighbors' neighbors, and so on. To keep track of the nodes that have already been visited so that we don't revisit them, BFS uses a queue, a data structure that works like a line. First in, first out. This ensures that nodes are visited in the correct order, starting from the closest to the root and moving outward. BFS is such a common algorithm that you will use all the time. Luckily for you, instead of having to derive it from scratch each time, we have this template that we can reuse. If you want to see more about how we got this template, check it out at algo.monster. Now let's see BFS in action. We're going to use this template to solve a common lead code problem, level order traversal of a binary tree. The problem asks us to give all of the levels of the tree at each depth This means we need to visit the nodes of the tree level by level, starting from the root and moving down, visiting all the nodes at each level before proceeding to the next. For example, given a tree with the root node 3 and children 9 and 20, where 20 has children 15 and 7, we need to return the values of the nodes level by level in the following order. First 3, then 9, 20, and finally 15, 16th phrase which is not a kill, we can solve this problem using BFS as its ideal for level by level traversal. The idea is to use a queue to help explore the tree one level at a time. First, we add the root node to the queue. Then for each level, we process all nodes currently in the queue by removing them and adding their values to the result. For each node we process, we also add its left and right children to the queue so they can be processed in the next level. This ensures that we visit all nodes on one level before moving to the next. By repeating this process until the queue is empty, we can traverse the entire tree level by level and collect the node values in the correct order. Finally, we return the list of node values grouped by levels. Devth first search is an algorithm that builds on the foundation of BFS but explores the tree or graph in a different way. While BFS focuses on exploring nodes level by level, DFS dives deep into one path as far as possible before exploring the next path. In BFS, we use a queue to process nodes in a breadth first manner, ensuring all nodes at one level are explored before moving to the next. In contrast, DFS uses a stack to explore nodes in a depth first manner, where you keep going down one branch until you reach the end, and then you come back to explore other branches. Most often, the stack DFS uses is the call stack. As most DFS implementations use recursion, where BFS is ideal for finding the shortest path or exploring nodes layer by layer, DFS is more suited for problems where you need to explore all paths or check every possible configuration, such as finding all paths in a tree, searching for a specific condition deep in the structure or detecting cycles. The depth first nature of DFS makes it more memory efficient in some cases, but it's less suited for problems where the shortest path or shallow exploration is required, as it doesn't guarantee finding the closest solution first. Like with BFS, DFS is a common algorithm that you will use all the time, so we have a template that we can reuse. Again, if you're curious to how this works, check it out at algo.monster. Now, let's solve a leap code problem with DFS. A common leap code problem that uses this pattern is called number of islands. This problem asks us to count the number of islands in a 2D grid where one represents land and zero represents water. An island is formed by connecting adjacent ones horizontally or vertically. We need to determine how many distinct islands exist by identifying connected components of ones in the grid. For example, in a grid where someone's are grouped together, each connected group is considered an island. Our goal is to traverse the grid, find all islands, and count them. We can solve this problem using DFS to explore each island. The idea is to iterate through each cell in the grid. When we encounter a one land, it indicates the start of an island. From there, we perform DFS to visit all connected ones all parts of the same island by exploring the neighboring cells in all four directions as deep as they go. During the DFS, we mark each visited cell by changing its value to zero to ensure we don't count it again. Once all connected cells for that island are visited, we increment the island count and continue searching the rest of the grid. This process ensures that we explore each island once and count it correctly. By the end, the total number of initializing DFS calls we make, not including the recursive calls, equals the number of islands. Backtracking is a pattern that many people struggle with, but in reality, it's actually just an extension of depth first search. In DFS, we typically traverse through a prebuilt structure like a tree or graph, where the nodes and connections are already defined. With backtracking, however, you often have to build the solution tree yourself as you explore different options, especially in combinatorial problems, where the structure of the tree isn't given explicitly, but is generated dynamically as you make decisions. In a backtracking problem, you explore all possible solutions by making a series of decisions. Each decision represents a node in the tree, and each potential decision forms a branch. As you explore a decision, you either reach a valid solution, or you hit a dead end. When a decision leads to a dead end, you backtrack to the previous decision, undo it, and try another path. Just like with all of our other patterns, we also have a template we are going to use here, which is this. Now, let's walk through it by solving a lead code problem. Letter combinations of a phone number. In this problem, we're given a string of digits, typically from 2 to 9, and we need to return all the possible letter combinations that the digits could represent using the mapping of a phone keypad. For example, if we have the digits 23, each digit corresponds to a set of letters, two maps to A, B, C, and three maps to D, E, F. Our goal is to generate every possible combination of these letters. So, for 23, some outputs could be a D, A, E, A, F, B, D, B, E, B, F, and so on. Now, our goal is to find all of these combinations. Backtracking is the optimal approach for solving this problem because it allows us to explore each possible letter one at a time while pruning invalid configurations early. Rather than brute forcing through every possible combination, backtracking lets us build the solution letter by letter, discarding incomplete paths. By doing this, we save space and time, and can efficiently explore all possibilities without wasting too much time on invalid paths. Backtracker is a template for solving a back tracking problem. It's an algorithmic framework that allows us write code that explores multiple possible solutions to a problem, one at the time by one at first sight. Backtrace is a simple algorithm that we've seen before. It works by iteratively building up a solution tree by backtrackning through"
"tinyllama","leetcode_patterns","3","5","342","For example, if we had a sorted list of only true and false, we can actually use binary search to find the first true occurrence. The binary search would work like this. You look at the middle of the list. If the middle value is true, you know that the first true must either be here or somewhere to the left, so you move your search to the left half. If the middle value is false, you know that the first true must be to the right, so you focus on the right half. This type of searching, based on where a condition is true and where it is false, can be reused for every single binary search problem. In fact, we actually have this free template for this on our website, Algamonster. All we need to do is find out what makes something feasible. For example, the common lead code problem, minimum in rotated sorted array, doesn't appear to follow binary search at first. After all, it's not sorted. However, there's a monotonic condition we can use to apply binary search. The condition is that any element that is less than the last element of the array is part of the rotated section, while any element greater than the last element is part of the original sorted section. We can mentally convert this to trues and falses, and just like that, we have the same true and false question we just solve. This can be applied to a ton of different questions. For more practice and an in-depth explanation, check out algo.monster. Now we'll take a look at non-linear structure problems which work with trees and graphs. In fact, instead of treating trees and graphs as two entirely different structures, you should imagine that a tree is just a graph with no cycles. The only difference between the two is that for a graph that could have cycles, you need some visited set to keep track of nodes you've already visited. This makes the patterns we will talk about applicable to both. For non-linear problems, we'll start with breadth-first search, as it's the easiest algorithm to understand and build off of. breadth-first search is an algorithm used to explore nodes in a graph or tree level by level. The idea behind this is that it starts at a given node, commonly called the root, and explores all its immediate neighbors first before moving on to the neighbors' neighbors, and so on. To keep track of the nodes that have already been visited so that we don't revisit them, BFS uses a queue, a data structure that works like a line. First in, first out. This ensures that nodes are visited in the correct order, starting from the closest to the root and moving outward. BFS is such a common algorithm that you will use all the time. Luckily for you, instead of having to derive it from scratch each time, we have this template that we can reuse. If you want to see more about how we got this template, check it out at algo.monster. Now let's see BFS in action. We're going to use this template to solve a common lead code problem, level order traversal of a binary tree. The problem asks us to give all of the levels of the tree at each depth This means we need to visit the nodes of the tree level by level, starting from the root and moving down, visiting all the nodes at each level before proceeding to the next. For example, given a tree with the root node 3 and children 9 and 20, where 20 has children 15 and 7, we need to return the values of the nodes level by level in the following order. First 3, then 9, 20, and finally 15, 16th phrase which is not a kill, we can solve this problem using BFS as its ideal for level by level traversal. The idea is to use a queue to help explore the tree one level at a time. First, we add the root node to the queue. Then for each level, we process all nodes currently in the queue by removing them and adding their values to the result. For each node we process, we also add its left and right children to the queue so they can be processed in the next level. This ensures that we visit all nodes on one level before moving to the next. By repeating this process until the queue is empty, we can traverse the entire tree level by level and collect the node values in the correct order. Finally, we return the list of node values grouped by levels. Devth first search is an algorithm that builds on the foundation of BFS but explores the tree or graph in a different way. While BFS focuses on exploring nodes level by level, DFS dives deep into one path as far as possible before exploring the next path. In BFS, we use a queue to process nodes in a breadth first manner, ensuring all nodes at one level are explored before moving to the next. In contrast, DFS uses a stack to explore nodes in a depth first manner, where you keep going down one branch until you reach the end, and then you come back to explore other branches. Most often, the stack DFS uses is the call stack. As most DFS implementations use recursion, where BFS is ideal for finding the shortest path or exploring nodes layer by layer, DFS is more suited for problems where you need to explore all paths or check every possible configuration, such as finding all paths in a tree, searching for a specific condition deep in the structure or detecting cycles. The depth first nature of DFS makes it more memory efficient in some cases, but it's less suited for problems where the shortest path or shallow exploration is required, as it doesn't guarantee finding the closest solution first. Like with BFS, DFS is a common algorithm that you will use all the time, so we have a template that we can reuse. Again, if you're curious to how this works, check it out at algo.monster. Now, let's solve a leap code problem with DFS. A common leap code problem that uses this pattern is called number of islands. This problem asks us to count the number of islands in a 2D grid where one represents land and zero represents water. An island is formed by connecting adjacent ones horizontally or vertically. We need to determine how many distinct islands exist by identifying connected components of ones in the grid. For example, in a grid where someone's are grouped together, each connected group is considered an island. Our goal is to traverse the grid, find all islands, and count them. We can solve this problem using DFS to explore each island. The idea is to iterate through each cell in the grid. When we encounter a one land, it indicates the start of an island. From there, we perform DFS to visit all connected ones all parts of the same island by exploring the neighboring cells in all four directions as deep as they go. During the DFS, we mark each visited cell by changing its value to zero to ensure we don't count it again. Once all connected cells for that island are visited, we increment the island count and continue searching the rest of the grid. This process ensures that we explore each island once and count it correctly. By the end, the total number of initializing DFS calls we make, not including the recursive calls, equals the number of islands. Backtracking is a pattern that many people struggle with, but in reality, it's actually just an extension of depth first search. In DFS, we typically traverse through a prebuilt structure like a tree or graph, where the nodes and connections are already defined. With backtracking, however, you often have to build the solution tree yourself as you explore different options, especially in combinatorial problems, where the structure of the tree isn't given explicitly, but is generated dynamically as you make decisions. In a backtracking problem, you explore all possible solutions by making a series of decisions. Each decision represents a node in the tree, and each potential decision forms a branch. As you explore a decision, you either reach a valid solution, or you hit a dead end. When a decision leads to a dead end, you backtrack to the previous decision, undo it, and try another path. Just like with all of our other patterns, we also have a template we are going to use here, which is this. Now, let's walk through it by solving a lead code problem. Letter combinations of a phone number. In this problem, we're given a string of digits, typically from 2 to 9, and we need to return all the possible letter combinations that the digits could represent using the mapping of a phone keypad. For example, if we have the digits 23, each digit corresponds to a set of letters, two maps to A, B, C, and three maps to D, E, F. Our goal is to generate every possible combination of these letters. So, for 23, some outputs could be a D, A, E, A, F, B, D, B, E, B, F, and so on. Now, our goal is to find all of these combinations. Backtracking is the optimal approach for solving this problem because it allows us to explore each possible letter one at a time while pruning invalid configurations early. Rather than brute forcing through every possible combination, backtracking lets us build the solution letter by letter, discarding incomplete paths as we find them. In the template, we define a function called `generate_letter_combinations` that takes in a string representing the phone number and returns a list of all possible letter combos. The function takes advantage of the backtracked approach by iterating over all possible combinations of digits in the phone key pad. It starts with the base case, where we've reached the end of the phone numbers, and it'll return an empty list. Then, it generates"
"tinyllama","leetcode_patterns","3","6","342","For example, if we had a sorted list of only true and false, we can actually use binary search to find the first true occurrence. The binary search would work like this. You look at the middle of the list. If the middle value is true, you know that the first true must either be here or somewhere to the left, so you move your search to the left half. If the middle value is false, you know that the first true must be to the right, so you focus on the right half. This type of searching, based on where a condition is true and where it is false, can be reused for every single binary search problem. In fact, we actually have this free template for this on our website, Algamonster. All we need to do is find out what makes something feasible. For example, the common lead code problem, minimum in rotated sorted array, doesn't appear to follow binary search at first. After all, it's not sorted. However, there's a monotonic condition we can use to apply binary search. The condition is that any element that is less than the last element of the array is part of the rotated section, while any element greater than the last element is part of the original sorted section. We can mentally convert this to trues and falses, and just like that, we have the same true and false question we just solve. This can be applied to a ton of different questions. For more practice and an in-depth explanation, check out algo.monster. Now we'll take a look at non-linear structure problems which work with trees and graphs. In fact, instead of treating trees and graphs as two entirely different structures, you should imagine that a tree is just a graph with no cycles. The only difference between the two is that for a graph that could have cycles, you need some visited set to keep track of nodes you've already visited. This makes the patterns we will talk about applicable to both. For non-linear problems, we'll start with breadth-first search, as it's the easiest algorithm to understand and build off of. breadth-first search is an algorithm used to explore nodes in a graph or tree level by level. The idea behind this is that it starts at a given node, commonly called the root, and explores all its immediate neighbors first before moving on to the neighbors' neighbors, and so on. To keep track of the nodes that have already been visited so that we don't revisit them, BFS uses a queue, a data structure that works like a line. First in, first out. This ensures that nodes are visited in the correct order, starting from the closest to the root and moving outward. BFS is such a common algorithm that you will use all the time. Luckily for you, instead of having to derive it from scratch each time, we have this template that we can reuse. If you want to see more about how we got this template, check it out at algo.monster. Now let's see BFS in action. We're going to use this template to solve a common lead code problem, level order traversal of a binary tree. The problem asks us to give all of the levels of the tree at each depth This means we need to visit the nodes of the tree level by level, starting from the root and moving down, visiting all the nodes at each level before proceeding to the next. For example, given a tree with the root node 3 and children 9 and 20, where 20 has children 15 and 7, we need to return the values of the nodes level by level in the following order. First 3, then 9, 20, and finally 15, 16th phrase which is not a kill, we can solve this problem using BFS as its ideal for level by level traversal. The idea is to use a queue to help explore the tree one level at a time. First, we add the root node to the queue. Then for each level, we process all nodes currently in the queue by removing them and adding their values to the result. For each node we process, we also add its left and right children to the queue so they can be processed in the next level. This ensures that we visit all nodes on one level before moving to the next. By repeating this process until the queue is empty, we can traverse the entire tree level by level and collect the node values in the correct order. Finally, we return the list of node values grouped by levels. Devth first search is an algorithm that builds on the foundation of BFS but explores the tree or graph in a different way. While BFS focuses on exploring nodes level by level, DFS dives deep into one path as far as possible before exploring the next path. In BFS, we use a queue to process nodes in a breadth first manner, ensuring all nodes at one level are explored before moving to the next. In contrast, DFS uses a stack to explore nodes in a depth first manner, where you keep going down one branch until you reach the end, and then you come back to explore other branches. Most often, the stack DFS uses is the call stack. As most DFS implementations use recursion, where BFS is ideal for finding the shortest path or exploring nodes layer by layer, DFS is more suited for problems where you need to explore all paths or check every possible configuration, such as finding all paths in a tree, searching for a specific condition deep in the structure or detecting cycles. The depth first nature of DFS makes it more memory efficient in some cases, but it's less suited for problems where the shortest path or shallow exploration is required, as it doesn't guarantee finding the closest solution first. Like with BFS, DFS is a common algorithm that you will use all the time, so we have a template that we can reuse. Again, if you're curious to how this works, check it out at algo.monster. Now, let's solve a leap code problem with DFS. A common leap code problem that uses this pattern is called number of islands. This problem asks us to count the number of islands in a 2D grid where one represents land and zero represents water. An island is formed by connecting adjacent ones horizontally or vertically. We need to determine how many distinct islands exist by identifying connected components of ones in the grid. For example, in a grid where someone's are grouped together, each connected group is considered an island. Our goal is to traverse the grid, find all islands, and count them. We can solve this problem using DFS to explore each island. The idea is to iterate through each cell in the grid. When we encounter a one land, it indicates the start of an island. From there, we perform DFS to visit all connected ones all parts of the same island by exploring the neighboring cells in all four directions as deep as they go. During the DFS, we mark each visited cell by changing its value to zero to ensure we don't count it again. Once all connected cells for that island are visited, we increment the island count and continue searching the rest of the grid. This process ensures that we explore each island once and count it correctly. By the end, the total number of initializing DFS calls we make, not including the recursive calls, equals the number of islands. Backtracking is a pattern that many people struggle with, but in reality, it's actually just an extension of depth first search. In DFS, we typically traverse through a prebuilt structure like a tree or graph, where the nodes and connections are already defined. With backtracking, however, you often have to build the solution tree yourself as you explore different options, especially in combinatorial problems, where the structure of the tree isn't given explicitly, but is generated dynamically as you make decisions. In a backtracking problem, you explore all possible solutions by making a series of decisions. Each decision represents a node in the tree, and each potential decision forms a branch. As you explore a decision, you either reach a valid solution, or you hit a dead end. When a decision leads to a dead end, you backtrack to the previous decision, undo it, and try another path. Just like with all of our other patterns, we also have a template we are going to use here, which is this. Now, let's walk through it by solving a lead code problem. Letter combinations of a phone number. In this problem, we're given a string of digits, typically from 2 to 9, and we need to return all the possible letter combinations that the digits could represent using the mapping of a phone keypad. For example, if we have the digits 23, each digit corresponds to a set of letters, two maps to A, B, C, and three maps to D, E, F. Our goal is to generate every possible combination of these letters. So, for 23, some outputs could be a D, A, E, A, F, B, D, B, E, B, F, and so on. Now, our goal is to find all of these combinations. Backtracking is the optimal approach for solving this problem because it allows us to explore each possible letter one at a time while pruning invalid configurations early. Rather than brute forcing through every possible combination, backtracking lets us build the solution letter by letter, discarding incomplete paths along the way. We start with the first letter, which we can assume is valid. We then explore all the remaining letters in turn, checking whether they form a valid combination. If they do, we move on to explore the next letter. If we run out of letters or reach a dead-end, we backtrack and try a different path. This pattern is known as a backtracker. We use a stack, a simple data structure, to store all the valid combinations we've"
"tinyllama","leetcode_patterns","3","7","342","For example, if we had a sorted list of only true and false, we can actually use binary search to find the first true occurrence. The binary search would work like this. You look at the middle of the list. If the middle value is true, you know that the first true must either be here or somewhere to the left, so you move your search to the left half. If the middle value is false, you know that the first true must be to the right, so you focus on the right half. This type of searching, based on where a condition is true and where it is false, can be reused for every single binary search problem. In fact, we actually have this free template for this on our website, Algamonster. All we need to do is find out what makes something feasible. For example, the common lead code problem, minimum in rotated sorted array, doesn't appear to follow binary search at first. After all, it's not sorted. However, there's a monotonic condition we can use to apply binary search. The condition is that any element that is less than the last element of the array is part of the rotated section, while any element greater than the last element is part of the original sorted section. We can mentally convert this to trues and falses, and just like that, we have the same true and false question we just solve. This can be applied to a ton of different questions. For more practice and an in-depth explanation, check out algo.monster. Now we'll take a look at non-linear structure problems which work with trees and graphs. In fact, instead of treating trees and graphs as two entirely different structures, you should imagine that a tree is just a graph with no cycles. The only difference between the two is that for a graph that could have cycles, you need some visited set to keep track of nodes you've already visited. This makes the patterns we will talk about applicable to both. For non-linear problems, we'll start with breadth-first search, as it's the easiest algorithm to understand and build off of. breadth-first search is an algorithm used to explore nodes in a graph or tree level by level. The idea behind this is that it starts at a given node, commonly called the root, and explores all its immediate neighbors first before moving on to the neighbors' neighbors, and so on. To keep track of the nodes that have already been visited so that we don't revisit them, BFS uses a queue, a data structure that works like a line. First in, first out. This ensures that nodes are visited in the correct order, starting from the closest to the root and moving outward. BFS is such a common algorithm that you will use all the time. Luckily for you, instead of having to derive it from scratch each time, we have this template that we can reuse. If you want to see more about how we got this template, check it out at algo.monster. Now let's see BFS in action. We're going to use this template to solve a common lead code problem, level order traversal of a binary tree. The problem asks us to give all of the levels of the tree at each depth This means we need to visit the nodes of the tree level by level, starting from the root and moving down, visiting all the nodes at each level before proceeding to the next. For example, given a tree with the root node 3 and children 9 and 20, where 20 has children 15 and 7, we need to return the values of the nodes level by level in the following order. First 3, then 9, 20, and finally 15, 16th phrase which is not a kill, we can solve this problem using BFS as its ideal for level by level traversal. The idea is to use a queue to help explore the tree one level at a time. First, we add the root node to the queue. Then for each level, we process all nodes currently in the queue by removing them and adding their values to the result. For each node we process, we also add its left and right children to the queue so they can be processed in the next level. This ensures that we visit all nodes on one level before moving to the next. By repeating this process until the queue is empty, we can traverse the entire tree level by level and collect the node values in the correct order. Finally, we return the list of node values grouped by levels. Devth first search is an algorithm that builds on the foundation of BFS but explores the tree or graph in a different way. While BFS focuses on exploring nodes level by level, DFS dives deep into one path as far as possible before exploring the next path. In BFS, we use a queue to process nodes in a breadth first manner, ensuring all nodes at one level are explored before moving to the next. In contrast, DFS uses a stack to explore nodes in a depth first manner, where you keep going down one branch until you reach the end, and then you come back to explore other branches. Most often, the stack DFS uses is the call stack. As most DFS implementations use recursion, where BFS is ideal for finding the shortest path or exploring nodes layer by layer, DFS is more suited for problems where you need to explore all paths or check every possible configuration, such as finding all paths in a tree, searching for a specific condition deep in the structure or detecting cycles. The depth first nature of DFS makes it more memory efficient in some cases, but it's less suited for problems where the shortest path or shallow exploration is required, as it doesn't guarantee finding the closest solution first. Like with BFS, DFS is a common algorithm that you will use all the time, so we have a template that we can reuse. Again, if you're curious to how this works, check it out at algo.monster. Now, let's solve a leap code problem with DFS. A common leap code problem that uses this pattern is called number of islands. This problem asks us to count the number of islands in a 2D grid where one represents land and zero represents water. An island is formed by connecting adjacent ones horizontally or vertically. We need to determine how many distinct islands exist by identifying connected components of ones in the grid. For example, in a grid where someone's are grouped together, each connected group is considered an island. Our goal is to traverse the grid, find all islands, and count them. We can solve this problem using DFS to explore each island. The idea is to iterate through each cell in the grid. When we encounter a one land, it indicates the start of an island. From there, we perform DFS to visit all connected ones all parts of the same island by exploring the neighboring cells in all four directions as deep as they go. During the DFS, we mark each visited cell by changing its value to zero to ensure we don't count it again. Once all connected cells for that island are visited, we increment the island count and continue searching the rest of the grid. This process ensures that we explore each island once and count it correctly. By the end, the total number of initializing DFS calls we make, not including the recursive calls, equals the number of islands. Backtracking is a pattern that many people struggle with, but in reality, it's actually just an extension of depth first search. In DFS, we typically traverse through a prebuilt structure like a tree or graph, where the nodes and connections are already defined. With backtracking, however, you often have to build the solution tree yourself as you explore different options, especially in combinatorial problems, where the structure of the tree isn't given explicitly, but is generated dynamically as you make decisions. In a backtracking problem, you explore all possible solutions by making a series of decisions. Each decision represents a node in the tree, and each potential decision forms a branch. As you explore a decision, you either reach a valid solution, or you hit a dead end. When a decision leads to a dead end, you backtrack to the previous decision, undo it, and try another path. Just like with all of our other patterns, we also have a template we are going to use here, which is this. Now, let's walk through it by solving a lead code problem. Letter combinations of a phone number. In this problem, we're given a string of digits, typically from 2 to 9, and we need to return all the possible letter combinations that the digits could represent using the mapping of a phone keypad. For example, if we have the digits 23, each digit corresponds to a set of letters, two maps to A, B, C, and three maps to D, E, F. Our goal is to generate every possible combination of these letters. So, for 23, some outputs could be a D, A, E, A, F, B, D, B, E, B, F, and so on. Now, our goal is to find all of these combinations. Backtracking is the optimal approach for solving this problem because it allows us to explore each possible letter one at a time while pruning invalid configurations early. Rather than brute forcing through every possible combination, backtracking lets us build the solution letter by letter, discarding incomplete paths and returning the best possible solution. We use a stack, which keeps track of all possible letter combos, to build up the solution. At each step, we remove the top element from the stack, and if it'd be a valid letter, we push it onto the stack. If it'll cause a deadend, we pop the top elements from the bottom of the stack and try a new combination. This way, we never hit a situation where we've explored all possibilities"
"tinyllama","leetcode_patterns","3","8","342","For example, if we had a sorted list of only true and false, we can actually use binary search to find the first true occurrence. The binary search would work like this. You look at the middle of the list. If the middle value is true, you know that the first true must either be here or somewhere to the left, so you move your search to the left half. If the middle value is false, you know that the first true must be to the right, so you focus on the right half. This type of searching, based on where a condition is true and where it is false, can be reused for every single binary search problem. In fact, we actually have this free template for this on our website, Algamonster. All we need to do is find out what makes something feasible. For example, the common lead code problem, minimum in rotated sorted array, doesn't appear to follow binary search at first. After all, it's not sorted. However, there's a monotonic condition we can use to apply binary search. The condition is that any element that is less than the last element of the array is part of the rotated section, while any element greater than the last element is part of the original sorted section. We can mentally convert this to trues and falses, and just like that, we have the same true and false question we just solve. This can be applied to a ton of different questions. For more practice and an in-depth explanation, check out algo.monster. Now we'll take a look at non-linear structure problems which work with trees and graphs. In fact, instead of treating trees and graphs as two entirely different structures, you should imagine that a tree is just a graph with no cycles. The only difference between the two is that for a graph that could have cycles, you need some visited set to keep track of nodes you've already visited. This makes the patterns we will talk about applicable to both. For non-linear problems, we'll start with breadth-first search, as it's the easiest algorithm to understand and build off of. breadth-first search is an algorithm used to explore nodes in a graph or tree level by level. The idea behind this is that it starts at a given node, commonly called the root, and explores all its immediate neighbors first before moving on to the neighbors' neighbors, and so on. To keep track of the nodes that have already been visited so that we don't revisit them, BFS uses a queue, a data structure that works like a line. First in, first out. This ensures that nodes are visited in the correct order, starting from the closest to the root and moving outward. BFS is such a common algorithm that you will use all the time. Luckily for you, instead of having to derive it from scratch each time, we have this template that we can reuse. If you want to see more about how we got this template, check it out at algo.monster. Now let's see BFS in action. We're going to use this template to solve a common lead code problem, level order traversal of a binary tree. The problem asks us to give all of the levels of the tree at each depth This means we need to visit the nodes of the tree level by level, starting from the root and moving down, visiting all the nodes at each level before proceeding to the next. For example, given a tree with the root node 3 and children 9 and 20, where 20 has children 15 and 7, we need to return the values of the nodes level by level in the following order. First 3, then 9, 20, and finally 15, 16th phrase which is not a kill, we can solve this problem using BFS as its ideal for level by level traversal. The idea is to use a queue to help explore the tree one level at a time. First, we add the root node to the queue. Then for each level, we process all nodes currently in the queue by removing them and adding their values to the result. For each node we process, we also add its left and right children to the queue so they can be processed in the next level. This ensures that we visit all nodes on one level before moving to the next. By repeating this process until the queue is empty, we can traverse the entire tree level by level and collect the node values in the correct order. Finally, we return the list of node values grouped by levels. Devth first search is an algorithm that builds on the foundation of BFS but explores the tree or graph in a different way. While BFS focuses on exploring nodes level by level, DFS dives deep into one path as far as possible before exploring the next path. In BFS, we use a queue to process nodes in a breadth first manner, ensuring all nodes at one level are explored before moving to the next. In contrast, DFS uses a stack to explore nodes in a depth first manner, where you keep going down one branch until you reach the end, and then you come back to explore other branches. Most often, the stack DFS uses is the call stack. As most DFS implementations use recursion, where BFS is ideal for finding the shortest path or exploring nodes layer by layer, DFS is more suited for problems where you need to explore all paths or check every possible configuration, such as finding all paths in a tree, searching for a specific condition deep in the structure or detecting cycles. The depth first nature of DFS makes it more memory efficient in some cases, but it's less suited for problems where the shortest path or shallow exploration is required, as it doesn't guarantee finding the closest solution first. Like with BFS, DFS is a common algorithm that you will use all the time, so we have a template that we can reuse. Again, if you're curious to how this works, check it out at algo.monster. Now, let's solve a leap code problem with DFS. A common leap code problem that uses this pattern is called number of islands. This problem asks us to count the number of islands in a 2D grid where one represents land and zero represents water. An island is formed by connecting adjacent ones horizontally or vertically. We need to determine how many distinct islands exist by identifying connected components of ones in the grid. For example, in a grid where someone's are grouped together, each connected group is considered an island. Our goal is to traverse the grid, find all islands, and count them. We can solve this problem using DFS to explore each island. The idea is to iterate through each cell in the grid. When we encounter a one land, it indicates the start of an island. From there, we perform DFS to visit all connected ones all parts of the same island by exploring the neighboring cells in all four directions as deep as they go. During the DFS, we mark each visited cell by changing its value to zero to ensure we don't count it again. Once all connected cells for that island are visited, we increment the island count and continue searching the rest of the grid. This process ensures that we explore each island once and count it correctly. By the end, the total number of initializing DFS calls we make, not including the recursive calls, equals the number of islands. Backtracking is a pattern that many people struggle with, but in reality, it's actually just an extension of depth first search. In DFS, we typically traverse through a prebuilt structure like a tree or graph, where the nodes and connections are already defined. With backtracking, however, you often have to build the solution tree yourself as you explore different options, especially in combinatorial problems, where the structure of the tree isn't given explicitly, but is generated dynamically as you make decisions. In a backtracking problem, you explore all possible solutions by making a series of decisions. Each decision represents a node in the tree, and each potential decision forms a branch. As you explore a decision, you either reach a valid solution, or you hit a dead end. When a decision leads to a dead end, you backtrack to the previous decision, undo it, and try another path. Just like with all of our other patterns, we also have a template we are going to use here, which is this. Now, let's walk through it by solving a lead code problem. Letter combinations of a phone number. In this problem, we're given a string of digits, typically from 2 to 9, and we need to return all the possible letter combinations that the digits could represent using the mapping of a phone keypad. For example, if we have the digits 23, each digit corresponds to a set of letters, two maps to A, B, C, and three maps to D, E, F. Our goal is to generate every possible combination of these letters. So, for 23, some outputs could be a D, A, E, A, F, B, D, B, E, B, F, and so on. Now, our goal is to find all of these combinations. Backtracking is the optimal approach for solving this problem because it allows us to explore each possible letter one at a time while pruning invalid configurations early. Rather than brute forcing through every possible combination, backtracking lets us build the solution letter by letter, discarding incomplete paths. This approach is known as a bottom up approach, meaning we explore the smallest possible subset of the input at each step. In our case, we explore all the combinations of the digits from 1 to 10, starting with the smallest subset of 2, 3. We then explore the subsets of 4, 5, and 6, and repeat this process for each digit. This is a bottom-up approach, which means we explore smaller subsets of the larger input"
"tinyllama","leetcode_patterns","3","9","342","For example, if we had a sorted list of only true and false, we can actually use binary search to find the first true occurrence. The binary search would work like this. You look at the middle of the list. If the middle value is true, you know that the first true must either be here or somewhere to the left, so you move your search to the left half. If the middle value is false, you know that the first true must be to the right, so you focus on the right half. This type of searching, based on where a condition is true and where it is false, can be reused for every single binary search problem. In fact, we actually have this free template for this on our website, Algamonster. All we need to do is find out what makes something feasible. For example, the common lead code problem, minimum in rotated sorted array, doesn't appear to follow binary search at first. After all, it's not sorted. However, there's a monotonic condition we can use to apply binary search. The condition is that any element that is less than the last element of the array is part of the rotated section, while any element greater than the last element is part of the original sorted section. We can mentally convert this to trues and falses, and just like that, we have the same true and false question we just solve. This can be applied to a ton of different questions. For more practice and an in-depth explanation, check out algo.monster. Now we'll take a look at non-linear structure problems which work with trees and graphs. In fact, instead of treating trees and graphs as two entirely different structures, you should imagine that a tree is just a graph with no cycles. The only difference between the two is that for a graph that could have cycles, you need some visited set to keep track of nodes you've already visited. This makes the patterns we will talk about applicable to both. For non-linear problems, we'll start with breadth-first search, as it's the easiest algorithm to understand and build off of. breadth-first search is an algorithm used to explore nodes in a graph or tree level by level. The idea behind this is that it starts at a given node, commonly called the root, and explores all its immediate neighbors first before moving on to the neighbors' neighbors, and so on. To keep track of the nodes that have already been visited so that we don't revisit them, BFS uses a queue, a data structure that works like a line. First in, first out. This ensures that nodes are visited in the correct order, starting from the closest to the root and moving outward. BFS is such a common algorithm that you will use all the time. Luckily for you, instead of having to derive it from scratch each time, we have this template that we can reuse. If you want to see more about how we got this template, check it out at algo.monster. Now let's see BFS in action. We're going to use this template to solve a common lead code problem, level order traversal of a binary tree. The problem asks us to give all of the levels of the tree at each depth This means we need to visit the nodes of the tree level by level, starting from the root and moving down, visiting all the nodes at each level before proceeding to the next. For example, given a tree with the root node 3 and children 9 and 20, where 20 has children 15 and 7, we need to return the values of the nodes level by level in the following order. First 3, then 9, 20, and finally 15, 16th phrase which is not a kill, we can solve this problem using BFS as its ideal for level by level traversal. The idea is to use a queue to help explore the tree one level at a time. First, we add the root node to the queue. Then for each level, we process all nodes currently in the queue by removing them and adding their values to the result. For each node we process, we also add its left and right children to the queue so they can be processed in the next level. This ensures that we visit all nodes on one level before moving to the next. By repeating this process until the queue is empty, we can traverse the entire tree level by level and collect the node values in the correct order. Finally, we return the list of node values grouped by levels. Devth first search is an algorithm that builds on the foundation of BFS but explores the tree or graph in a different way. While BFS focuses on exploring nodes level by level, DFS dives deep into one path as far as possible before exploring the next path. In BFS, we use a queue to process nodes in a breadth first manner, ensuring all nodes at one level are explored before moving to the next. In contrast, DFS uses a stack to explore nodes in a depth first manner, where you keep going down one branch until you reach the end, and then you come back to explore other branches. Most often, the stack DFS uses is the call stack. As most DFS implementations use recursion, where BFS is ideal for finding the shortest path or exploring nodes layer by layer, DFS is more suited for problems where you need to explore all paths or check every possible configuration, such as finding all paths in a tree, searching for a specific condition deep in the structure or detecting cycles. The depth first nature of DFS makes it more memory efficient in some cases, but it's less suited for problems where the shortest path or shallow exploration is required, as it doesn't guarantee finding the closest solution first. Like with BFS, DFS is a common algorithm that you will use all the time, so we have a template that we can reuse. Again, if you're curious to how this works, check it out at algo.monster. Now, let's solve a leap code problem with DFS. A common leap code problem that uses this pattern is called number of islands. This problem asks us to count the number of islands in a 2D grid where one represents land and zero represents water. An island is formed by connecting adjacent ones horizontally or vertically. We need to determine how many distinct islands exist by identifying connected components of ones in the grid. For example, in a grid where someone's are grouped together, each connected group is considered an island. Our goal is to traverse the grid, find all islands, and count them. We can solve this problem using DFS to explore each island. The idea is to iterate through each cell in the grid. When we encounter a one land, it indicates the start of an island. From there, we perform DFS to visit all connected ones all parts of the same island by exploring the neighboring cells in all four directions as deep as they go. During the DFS, we mark each visited cell by changing its value to zero to ensure we don't count it again. Once all connected cells for that island are visited, we increment the island count and continue searching the rest of the grid. This process ensures that we explore each island once and count it correctly. By the end, the total number of initializing DFS calls we make, not including the recursive calls, equals the number of islands. Backtracking is a pattern that many people struggle with, but in reality, it's actually just an extension of depth first search. In DFS, we typically traverse through a prebuilt structure like a tree or graph, where the nodes and connections are already defined. With backtracking, however, you often have to build the solution tree yourself as you explore different options, especially in combinatorial problems, where the structure of the tree isn't given explicitly, but is generated dynamically as you make decisions. In a backtracking problem, you explore all possible solutions by making a series of decisions. Each decision represents a node in the tree, and each potential decision forms a branch. As you explore a decision, you either reach a valid solution, or you hit a dead end. When a decision leads to a dead end, you backtrack to the previous decision, undo it, and try another path. Just like with all of our other patterns, we also have a template we are going to use here, which is this. Now, let's walk through it by solving a lead code problem. Letter combinations of a phone number. In this problem, we're given a string of digits, typically from 2 to 9, and we need to return all the possible letter combinations that the digits could represent using the mapping of a phone keypad. For example, if we have the digits 23, each digit corresponds to a set of letters, two maps to A, B, C, and three maps to D, E, F. Our goal is to generate every possible combination of these letters. So, for 23, some outputs could be a D, A, E, A, F, B, D, B, E, B, F, and so on. Now, our goal is to find all of these combinations. Backtracking is the optimal approach for solving this problem because it allows us to explore each possible letter one at a time while pruning invalid configurations early. Rather than brute forcing through every possible combination, backtracking lets us build the solution letter by letter, discarding incomplete paths. This way, we only need to consider the valid paths, and the final answer is the sum of all valid paths. We have a solution template that includes this template for backtrack, which we can modify to fit the problem at hand. Now that we have solved the lead code lead code problems, let me show you how to apply this template across other problems. For instance, let us say we want to find a maximum subarray sum problem. We want to calculate the maximum sub-array"
"tinyllama","leetcode_patterns","3","10","342","For example, if we had a sorted list of only true and false, we can actually use binary search to find the first true occurrence. The binary search would work like this. You look at the middle of the list. If the middle value is true, you know that the first true must either be here or somewhere to the left, so you move your search to the left half. If the middle value is false, you know that the first true must be to the right, so you focus on the right half. This type of searching, based on where a condition is true and where it is false, can be reused for every single binary search problem. In fact, we actually have this free template for this on our website, Algamonster. All we need to do is find out what makes something feasible. For example, the common lead code problem, minimum in rotated sorted array, doesn't appear to follow binary search at first. After all, it's not sorted. However, there's a monotonic condition we can use to apply binary search. The condition is that any element that is less than the last element of the array is part of the rotated section, while any element greater than the last element is part of the original sorted section. We can mentally convert this to trues and falses, and just like that, we have the same true and false question we just solve. This can be applied to a ton of different questions. For more practice and an in-depth explanation, check out algo.monster. Now we'll take a look at non-linear structure problems which work with trees and graphs. In fact, instead of treating trees and graphs as two entirely different structures, you should imagine that a tree is just a graph with no cycles. The only difference between the two is that for a graph that could have cycles, you need some visited set to keep track of nodes you've already visited. This makes the patterns we will talk about applicable to both. For non-linear problems, we'll start with breadth-first search, as it's the easiest algorithm to understand and build off of. breadth-first search is an algorithm used to explore nodes in a graph or tree level by level. The idea behind this is that it starts at a given node, commonly called the root, and explores all its immediate neighbors first before moving on to the neighbors' neighbors, and so on. To keep track of the nodes that have already been visited so that we don't revisit them, BFS uses a queue, a data structure that works like a line. First in, first out. This ensures that nodes are visited in the correct order, starting from the closest to the root and moving outward. BFS is such a common algorithm that you will use all the time. Luckily for you, instead of having to derive it from scratch each time, we have this template that we can reuse. If you want to see more about how we got this template, check it out at algo.monster. Now let's see BFS in action. We're going to use this template to solve a common lead code problem, level order traversal of a binary tree. The problem asks us to give all of the levels of the tree at each depth This means we need to visit the nodes of the tree level by level, starting from the root and moving down, visiting all the nodes at each level before proceeding to the next. For example, given a tree with the root node 3 and children 9 and 20, where 20 has children 15 and 7, we need to return the values of the nodes level by level in the following order. First 3, then 9, 20, and finally 15, 16th phrase which is not a kill, we can solve this problem using BFS as its ideal for level by level traversal. The idea is to use a queue to help explore the tree one level at a time. First, we add the root node to the queue. Then for each level, we process all nodes currently in the queue by removing them and adding their values to the result. For each node we process, we also add its left and right children to the queue so they can be processed in the next level. This ensures that we visit all nodes on one level before moving to the next. By repeating this process until the queue is empty, we can traverse the entire tree level by level and collect the node values in the correct order. Finally, we return the list of node values grouped by levels. Devth first search is an algorithm that builds on the foundation of BFS but explores the tree or graph in a different way. While BFS focuses on exploring nodes level by level, DFS dives deep into one path as far as possible before exploring the next path. In BFS, we use a queue to process nodes in a breadth first manner, ensuring all nodes at one level are explored before moving to the next. In contrast, DFS uses a stack to explore nodes in a depth first manner, where you keep going down one branch until you reach the end, and then you come back to explore other branches. Most often, the stack DFS uses is the call stack. As most DFS implementations use recursion, where BFS is ideal for finding the shortest path or exploring nodes layer by layer, DFS is more suited for problems where you need to explore all paths or check every possible configuration, such as finding all paths in a tree, searching for a specific condition deep in the structure or detecting cycles. The depth first nature of DFS makes it more memory efficient in some cases, but it's less suited for problems where the shortest path or shallow exploration is required, as it doesn't guarantee finding the closest solution first. Like with BFS, DFS is a common algorithm that you will use all the time, so we have a template that we can reuse. Again, if you're curious to how this works, check it out at algo.monster. Now, let's solve a leap code problem with DFS. A common leap code problem that uses this pattern is called number of islands. This problem asks us to count the number of islands in a 2D grid where one represents land and zero represents water. An island is formed by connecting adjacent ones horizontally or vertically. We need to determine how many distinct islands exist by identifying connected components of ones in the grid. For example, in a grid where someone's are grouped together, each connected group is considered an island. Our goal is to traverse the grid, find all islands, and count them. We can solve this problem using DFS to explore each island. The idea is to iterate through each cell in the grid. When we encounter a one land, it indicates the start of an island. From there, we perform DFS to visit all connected ones all parts of the same island by exploring the neighboring cells in all four directions as deep as they go. During the DFS, we mark each visited cell by changing its value to zero to ensure we don't count it again. Once all connected cells for that island are visited, we increment the island count and continue searching the rest of the grid. This process ensures that we explore each island once and count it correctly. By the end, the total number of initializing DFS calls we make, not including the recursive calls, equals the number of islands. Backtracking is a pattern that many people struggle with, but in reality, it's actually just an extension of depth first search. In DFS, we typically traverse through a prebuilt structure like a tree or graph, where the nodes and connections are already defined. With backtracking, however, you often have to build the solution tree yourself as you explore different options, especially in combinatorial problems, where the structure of the tree isn't given explicitly, but is generated dynamically as you make decisions. In a backtracking problem, you explore all possible solutions by making a series of decisions. Each decision represents a node in the tree, and each potential decision forms a branch. As you explore a decision, you either reach a valid solution, or you hit a dead end. When a decision leads to a dead end, you backtrack to the previous decision, undo it, and try another path. Just like with all of our other patterns, we also have a template we are going to use here, which is this. Now, let's walk through it by solving a lead code problem. Letter combinations of a phone number. In this problem, we're given a string of digits, typically from 2 to 9, and we need to return all the possible letter combinations that the digits could represent using the mapping of a phone keypad. For example, if we have the digits 23, each digit corresponds to a set of letters, two maps to A, B, C, and three maps to D, E, F. Our goal is to generate every possible combination of these letters. So, for 23, some outputs could be a D, A, E, A, F, B, D, B, E, B, F, and so on. Now, our goal is to find all of these combinations. Backtracking is the optimal approach for solving this problem because it allows us to explore each possible letter one at a time while pruning invalid configurations early. Rather than brute forcing through every possible combination, backtracking lets us build the solution letter by letter, discarding incomplete paths as we find them. This helps us avoid dead ends and find the best possible solution quickly. By using backtrack, we only need to consider the first few possible combinations, and the remaining combinations can be found by exploration of the remaining possibilities. This is why backtrack is a powerful technique in combinatorics, and it'll save you hours of time when working on combinatorial optimization problems. Let's take a closer look at how we can implement backtrack in our code"
"tinyllama","leetcode_patterns","4","1","1250","Dynamic Programming: A Brief Introduction"
"tinyllama","leetcode_patterns","4","2","1250","Dynamic Programming - A Brief Introduction"
"tinyllama","leetcode_patterns","4","3","1250","Dynamic Programming - A Complete Guide to Understanding and Implementing Dynamic Programs"
"tinyllama","leetcode_patterns","4","4","1250","Dynamic Programming: The Ultimate Tool for Algorithms"
"tinyllama","leetcode_patterns","4","5","1250","Understanding Dynamic Programming"
"tinyllama","leetcode_patterns","4","6","1250","Dynamic Programming - A Complete Guide"
"tinyllama","leetcode_patterns","4","7","1250","Dynamic Programming - A Complete Guide"
"tinyllama","leetcode_patterns","4","8","1250","Dynamic Programming - The Ultimate Guide to Understanding It"
"tinyllama","leetcode_patterns","4","9","1250","Understanding Dynamic Programming"
"tinyllama","leetcode_patterns","4","10","1250","Dynamic Programming - The Ultimate Tool for Algorithms"
