"model","video","segment","title_number","start","generated_title"
"mistral-7b-v0.3","linux_file_system","1","1","0","Exploring the Linux File System Structure: From Root to User Directories"
"mistral-7b-v0.3","linux_file_system","1","2","0","Exploring the Linux File System Structure: From Root to Top Level Directories"
"mistral-7b-v0.3","linux_file_system","1","3","0","Exploring the Linux File System Structure: From Root to Top-Level Directories"
"mistral-7b-v0.3","linux_file_system","1","4","0","Exploring the Linux File System Structure: From Root to User Directories"
"mistral-7b-v0.3","linux_file_system","1","5","0","Exploring the Linux File System Structure: From Root to User Directories"
"mistral-7b-v0.3","linux_file_system","1","6","0","Exploring the Linux File System Structure: From Root to User Directories"
"mistral-7b-v0.3","linux_file_system","1","7","0","Exploring the Linux File System Structure: From Root to User Directories"
"mistral-7b-v0.3","linux_file_system","1","8","0","Exploring the Linux File System Structure: From Root to User Directories"
"mistral-7b-v0.3","linux_file_system","1","9","0","Exploring the Linux File System Structure: From Root to User Directories"
"mistral-7b-v0.3","linux_file_system","1","10","0","Exploring the Linux File System Structure: From Root to User Directories"
"mistral-7b-v0.3","linux_file_system","2","1","317","Exploring Boot, Dev, and Etc Directories"
"mistral-7b-v0.3","linux_file_system","2","2","317","Exploring Essential System Directories: Boot, Dev, and Etc"
"mistral-7b-v0.3","linux_file_system","2","3","317","Exploring Essential System Directories: Boot, Dev, and Etc"
"mistral-7b-v0.3","linux_file_system","2","4","317","Exploring Essential System Directories: Boot, Dev, and Etc"
"mistral-7b-v0.3","linux_file_system","2","5","317","Exploring Boot, Dev, and Etc Directories in Linux"
"mistral-7b-v0.3","linux_file_system","2","6","317","Exploring Essential System Directories: Boot, Dev, and Etc"
"mistral-7b-v0.3","linux_file_system","2","7","317","Exploring Boot, Dev, and Etc Directories in Linux"
"mistral-7b-v0.3","linux_file_system","2","8","317","Exploring Essential System Directories: Boot, Dev, and ETC"
"mistral-7b-v0.3","linux_file_system","2","9","317","Exploring Essential System Directories: Boot, Dev, and Etc"
"mistral-7b-v0.3","linux_file_system","2","10","317","Exploring Essential System Directories: Boot, Dev, and Etc"
"mistral-7b-v0.3","linux_file_system","3","1","410","Navigating the Linux File System: A Journey Through ETC to Home, Media, M&amp;T, PROCS, SISFs, Run, Srv, Var, Tmp, and Opt"
"mistral-7b-v0.3","linux_file_system","3","2","410","Navigating the Linux File System: A Journey Through Essential Directories"
"mistral-7b-v0.3","linux_file_system","3","3","410","Exploring the Linux File System: From ETC to OPT"
"mistral-7b-v0.3","linux_file_system","3","4","410","Navigating the Linux File System: From ETC to Opt"
"mistral-7b-v0.3","linux_file_system","3","5","410","Exploring the Linux File System: From ETC to OPT"
"mistral-7b-v0.3","linux_file_system","3","6","410","Navigating the Linux File System: A Tour of Essential Directories"
"mistral-7b-v0.3","linux_file_system","3","7","410","Exploring the Linux File System: From ETC to OPT, Understanding Directories and Their Roles"
"mistral-7b-v0.3","linux_file_system","3","8","410","Navigating the Linux File System: A Journey Through ETC to Home, Media, M&amp;T, Proc, Sysfs, Run, Srv, Var, Tmp, and Opt"
"mistral-7b-v0.3","linux_file_system","3","9","410","Exploring the Linux File System: From ETC to OPT, A Journey Through System Directories"
"mistral-7b-v0.3","linux_file_system","3","10","410","Navigating the Linux File System: From ETC to Opt"
"tinyllama","linux_file_system","1","1","0","Understanding the Linux File System Structure"
"tinyllama","linux_file_system","1","2","0","Understanding the Linux File System Structure"
"tinyllama","linux_file_system","1","3","0","Understanding the Linux File System Structure"
"tinyllama","linux_file_system","1","4","0","Understanding the Linux File System Structure"
"tinyllama","linux_file_system","1","5","0","Understanding the Linux File System Structure"
"tinyllama","linux_file_system","1","6","0","Understanding the Linux File System Structure"
"tinyllama","linux_file_system","1","7","0","Understanding the Linux File System Structure"
"tinyllama","linux_file_system","1","8","0","Understanding the Linux File System Structure"
"tinyllama","linux_file_system","1","9","0","Understanding the Linux File System Structure"
"tinyllama","linux_file_system","1","10","0","Understanding the Linux File System Structure"
"tinyllama","linux_file_system","2","1","317","Understanding Device Files in Linux"
"tinyllama","linux_file_system","2","2","317","Linux System Architecture - Boot Directory"
"tinyllama","linux_file_system","2","3","317","Exploring the Boot Directory"
"tinyllama","linux_file_system","2","4","317","Understanding Linux Boot Partitions"
"tinyllama","linux_file_system","2","5","317","Understanding the Boot Directory in Linux"
"tinyllama","linux_file_system","2","6","317","Linux Boot Process"
"tinyllama","linux_file_system","2","7","317","Linux Boot Partition"
"tinyllama","linux_file_system","2","8","317","Understanding Device Files in Linux"
"tinyllama","linux_file_system","2","9","317","Understanding Device Files in Linux"
"tinyllama","linux_file_system","2","10","317","The Boot Directory"
"tinyllama","linux_file_system","3","1","410","Next up is the ETC directory. This is the central location for system-wide configuration files, covering everything from network settings and user accounts to start-up scripts and service configurations. For example, ETC slash password holds basic user information, and ETC slash FS tab defines how drives are mounted at boot. Most of these are plaintext files designed to be readable and editable by system administrators. The name, ETC, originally stood for et cetera, but some like to think of it as editable text configuration. Either way, it's a vital part of system management. While it's worth exploring to understand how Linux works under the hood, changes here should always be made carefully since they can affect how the entire system behaves. Next is the home directory, the personal space for regular users. Each user has their own sub directory here, like home slash Alex or home slash Emma, where they store documents, downloads, projects, and personal settings. These folders keep user data separate from system files, making backups and account management much easier. User-specific configuration files often live here too. Many are hidden by default. Hidden files and Linux usually start with a dot, like .bash RC. You might also see a shared or public folder, depending on the system, used to exchange files between users. By default, users don't have access to each other's home folders unless permissions are changed, adding a layer of privacy. An unlike most system directories, home is meant to be customized. This is your space to create, modify, and save files freely. The root user, however, has a separate home directory located at root instead of inside home to keep it isolated and more secure. Next, we have media. This directory is where modern Linux systems automatically mount removable media like USB drives, CDs, and DVDs. Each device gets its own subfolder inside media, often named after the volume label. It's the place where users can access the actual contents, like photos, documents, or software. Unlike other mount points like M&T, which we'll look at in the next chapter, media is designed for removable devices and is often handled automatically by the system. Media is user-friendly and often doesn't require administrative privileges. Desktop environments like NOME or KDE handle this seamlessly, so your flash drive just appears ready to use. To clarify, Dev holds the device files that represent the hardware itself, while Media is where those devices are mounted and made usable by the system. So think of Dev as the raw connection and Media as the convenient entry point for users. Let's move on to M&T, another directory used for mounting file systems. Traditionally, this is where system administrators would manually mount external storage, like USB drives, petitions, backup disks, or remote file systems, especially during system maintenance or recovery. Unlike media, which automatically mounts removable devices for user access. M&T is reserved for manual, temporary mounts, and is typically used by the root user or advanced scripts. For example, if you need to access the contents of a failing hard drive or mounted network share during troubleshooting, MNT is the go-to location. It doesn't contain anything by default and only is content when something is actively mounted there. While you might not use it often as a regular user, understanding its role is helpful when working with Linux at a deeper level. Now let's take a look at PROC, one of the more unusual directories in Linux. Like Dev, PROC is a virtual file system. It doesn't contain real file stored on disk, but instead provides a dynamic, in memory view of the system. While Dev represents hardware devices, PROC acts as a live interface to the Linux kernel and running processes. Inside, you'll find folders named after process IDs, like proc-slash-1234, with details about each process, as well as system information files like proc-slash-cpu-info, and proc-slash-mem-info. Essentially, proc is a vital tool for monitoring, debugging, and interacting with the system's inner workings in real time. Next is SIS, a virtual directory like PROC, but with a different purpose. It's part of the SISFS pseudo-file system and acts as a dynamic interface between the Linux kernel and your hardware. Here, the kernel exposes information about devices, drivers, and system buses. For example, you'll find folders representing CPUs, memory blocks, USB ports, and even the system's power state. What sets CIS a part is that it's not just for reading information. Certain files here can actually be written to, allowing advanced users or system tools to tweak kernel settings on the fly. This makes Sysa Key back in for system utilities like UDEV, Power Managers, and Hardware Configuration Tools. It's structured hierarchically, so each hardware component and subsystem has its own path. But unless you're developing drivers or customizing hardware behavior, you typically won't need to interact with it directly. Next up is Run. This in Memory Directory holds temporary runtime data used by the system and applications right after boot. It's created very early in the startup process, before most of the file system is ready, and everything inside it disappears on reboot. You'll find sub-directories like Run Slash user for user sessions or Run Slash Lock for system locks. Unlike PROC or SIS, which exposed kernel and hardware information, Run is writable and is used by running processes to communicate, track state or store short live files like process IDs and sockets. It replaced older directories like VAR slash run and VAR slash lock, helping unify runtime data in one central, reliable location. Next up is the SRV directory, short for service. This is where data for services provided by the system, like web servers, FTP servers, or other hosted services is stored. Think of it as the content served to users connecting to your machine remotely. For example, if your system is running a web server, the actual website files might live under SRV slash WWW. Unlike configuration files in ETC, SRV holds the data that services share with others. It's worth noting that not all Linux systems use SRV by default, some may place service data elsewhere, like in VAR. But its purpose is to offer a clean, predictable location for service-related content, especially in server setups. If you're not running any services, this directory might be empty, but it becomes more important on multi-user or enterprise systems. Next, we have var, short for variable. The var directory is used for storing files that change frequently during system operation, like logs, caches, spool files, and more. For example, var slash log holds system logs that track activity and errors, and these logs are often rotated to prevent them from using too much space. Package managers also use this directory. Debbie and base systems, for instance, keep important metadata in var slash lib. because it stores data that reflects the system's behavior over time. VAR can contain sensitive information and should be properly protected, especially on multi-user or server setups. Since these files can expand significantly, this directory is often placed on its own partition and server setups to avoid filling up the root file system. Regular users rarely need to touch this directory directly, but understanding its role helps with troubleshooting and managing disk space. Let's now take a look at a directory design for short term use, TMP. This is where temporary files go, often created by applications or users while tasks are in progress. For example, when you open a file in a text editor or install a program. Temporary working files may be stored here. These files aren't meant to stick around. They're typically deleted automatically on reboot or after a certain period. TMP is writable by all users, but it includes a special permission called the sticky bit. This ensures users can only delete files they own, even though the directory is shared. This helps prevent accidental or malicious file deletions. It's also worth noting that because TMP resides in memory on some systems, using a TMPFS mount, writing large files here can consume RAM. For that reason, it's generally used for lightweight, temporary data only. Keeping it clean helps prevent clutter and maintain smooth system operation. And lastly, we have opt. Opt is where optional or third-party software is installed, often kept separate from the system's main directories. Each application usually has its own subfolder, like opt slash Google slash Chrome, which helps keep things organized and makes uninstalling easier. This directory is especially common in enterprise or commercial environments where large proprietary programs are installed outside the usual package manager paths. On many systems, Opt may even be empty unless manually used. Because software here doesn't always follow standard Linux file structure rules, Opt provides a safe space without interfering with core system files. Like most system directories, modifying it requires administrative privileges. In conclusion, the Linux file system structure is more than just a collection of folders. It's a well thought out hierarchy that separates critical system components from user files, temporary data, and application resources. Each directory has a specific purpose, helping keep the system stable, organized, and secure. By understanding what goes where, you're not only improving your navigation skills, but also gaining valuable insights into the Linux operating system"
"tinyllama","linux_file_system","3","2","410","Next up is the ETC directory. This is the central location for system-wide configuration files, covering everything from network settings and user accounts to start-up scripts and service configurations. For example, ETC slash password holds basic user information, and ETC slash FS tab defines how drives are mounted at boot. Most of these are plaintext files designed to be readable and editable by system administrators. The name, ETC, originally stood for et cetera, but some like to think of it as editable text configuration. Either way, it's a vital part of system management. While it's worth exploring to understand how Linux works under the hood, changes here should always be made carefully since they can affect how the entire system behaves. Next is the home directory, the personal space for regular users. Each user has their own sub directory here, like home slash Alex or home slash Emma, where they store documents, downloads, projects, and personal settings. These folders keep user data separate from system files, making backups and account management much easier. User-specific configuration files often live here too. Many are hidden by default. Hidden files and Linux usually start with a dot, like .bash RC. You might also see a shared or public folder, depending on the system, used to exchange files between users. By default, users don't have access to each other's home folders unless permissions are changed, adding a layer of privacy. An unlike most system directories, home is meant to be customized. This is your space to create, modify, and save files freely. The root user, however, has a separate home directory located at root instead of inside home to keep it isolated and more secure. Next, we have media. This directory is where modern Linux systems automatically mount removable media like USB drives, CDs, and DVDs. Each device gets its own subfolder inside media, often named after the volume label. It's the place where users can access the actual contents, like photos, documents, or software. Unlike other mount points like M&T, which we'll look at in the next chapter, media is designed for removable devices and is often handled automatically by the system. Media is user-friendly and often doesn't require administrative privileges. Desktop environments like NOME or KDE handle this seamlessly, so your flash drive just appears ready to use. To clarify, Dev holds the device files that represent the hardware itself, while Media is where those devices are mounted and made usable by the system. So think of Dev as the raw connection and Media as the convenient entry point for users. Let's move on to M&T, another directory used for mounting file systems. Traditionally, this is where system administrators would manually mount external storage, like USB drives, petitions, backup disks, or remote file systems, especially during system maintenance or recovery. Unlike media, which automatically mounts removable devices for user access. M&T is reserved for manual, temporary mounts, and is typically used by the root user or advanced scripts. For example, if you need to access the contents of a failing hard drive or mounted network share during troubleshooting, MNT is the go-to location. It doesn't contain anything by default and only is content when something is actively mounted there. While you might not use it often as a regular user, understanding its role is helpful when working with Linux at a deeper level. Now let's take a look at PROC, one of the more unusual directories in Linux. Like Dev, PROC is a virtual file system. It doesn't contain real file stored on disk, but instead provides a dynamic, in memory view of the system. While Dev represents hardware devices, PROC acts as a live interface to the Linux kernel and running processes. Inside, you'll find folders named after process IDs, like proc-slash-1234, with details about each process, as well as system information files like proc-slash-cpu-info, and proc-slash-mem-info. Essentially, proc is a vital tool for monitoring, debugging, and interacting with the system's inner workings in real time. Next is SIS, a virtual directory like PROC, but with a different purpose. It's part of the SISFS pseudo-file system and acts as a dynamic interface between the Linux kernel and your hardware. Here, the kernel exposes information about devices, drivers, and system buses. For example, you'll find folders representing CPUs, memory blocks, USB ports, and even the system's power state. What sets CIS a part is that it's not just for reading information. Certain files here can actually be written to, allowing advanced users or system tools to tweak kernel settings on the fly. This makes Sysa Key back in for system utilities like UDEV, Power Managers, and Hardware Configuration Tools. It's structured hierarchically, so each hardware component and subsystem has its own path. But unless you're developing drivers or customizing hardware behavior, you typically won't need to interact with it directly. Next up is Run. This in Memory Directory holds temporary runtime data used by the system and applications right after boot. It's created very early in the startup process, before most of the file system is ready, and everything inside it disappears on reboot. You'll find sub-directories like Run Slash user for user sessions or Run Slash Lock for system locks. Unlike PROC or SIS, which exposed kernel and hardware information, Run is writable and is used by running processes to communicate, track state or store short live files like process IDs and sockets. It replaced older directories like VAR slash run and VAR slash lock, helping unify runtime data in one central, reliable location. Next up is the SRV directory, short for service. This is where data for services provided by the system, like web servers, FTP servers, or other hosted services is stored. Think of it as the content served to users connecting to your machine remotely. For example, if your system is running a web server, the actual website files might live under SRV slash WWW. Unlike configuration files in ETC, SRV holds the data that services share with others. It's worth noting that not all Linux systems use SRV by default, some may place service data elsewhere, like in VAR. But its purpose is to offer a clean, predictable location for service-related content, especially in server setups. If you're not running any services, this directory might be empty, but it becomes more important on multi-user or enterprise systems. Next, we have var, short for variable. The var directory is used for storing files that change frequently during system operation, like logs, caches, spool files, and more. For example, var slash log holds system logs that track activity and errors, and these logs are often rotated to prevent them from using too much space. Package managers also use this directory. Debbie and base systems, for instance, keep important metadata in var slash lib. because it stores data that reflects the system's behavior over time. VAR can contain sensitive information and should be properly protected, especially on multi-user or server setups. Since these files can expand significantly, this directory is often placed on its own partition and server setups to avoid filling up the root file system. Regular users rarely need to touch this directory directly, but understanding its role helps with troubleshooting and managing disk space. Let's now take a look at a directory design for short term use, TMP. This is where temporary files go, often created by applications or users while tasks are in progress. For example, when you open a file in a text editor or install a program. Temporary working files may be stored here. These files aren't meant to stick around. They're typically deleted automatically on reboot or after a certain period. TMP is writable by all users, but it includes a special permission called the sticky bit. This ensures users can only delete files they own, even though the directory is shared. This helps prevent accidental or malicious file deletions. It's also worth noting that because TMP resides in memory on some systems, using a TMPFS mount, writing large files here can consume RAM. For that reason, it's generally used for lightweight, temporary data only. Keeping it clean helps prevent clutter and maintain smooth system operation. And lastly, we have opt. Opt is where optional or third-party software is installed, often kept separate from the system's main directories. Each application usually has its own subfolder, like opt slash Google slash Chrome, which helps keep things organized and makes uninstalling easier. This directory is especially common in enterprise or commercial environments where large proprietary programs are installed outside the usual package manager paths. On many systems, Opt may even be empty unless manually used. Because software here doesn't always follow standard Linux file structure rules, Opt provides a safe space without interfering with core system files. Like most system directories, modifying it requires administrative privileges. In conclusion, the Linux file system structure is more than just a collection of folders. It's a well thought out hierarchy that separates critical system components from user files, temporary data, and application resources. Each directory has a specific purpose, helping keep the system stable, organized, and secure. By understanding what goes where, you're not only improving your navigation skills, but also enhancing your overall system knowledge"
"tinyllama","linux_file_system","3","3","410","Next up is the ETC directory. This is the central location for system-wide configuration files, covering everything from network settings and user accounts to start-up scripts and service configurations. For example, ETC slash password holds basic user information, and ETC slash FS tab defines how drives are mounted at boot. Most of these are plaintext files designed to be readable and editable by system administrators. The name, ETC, originally stood for et cetera, but some like to think of it as editable text configuration. Either way, it's a vital part of system management. While it's worth exploring to understand how Linux works under the hood, changes here should always be made carefully since they can affect how the entire system behaves. Next is the home directory, the personal space for regular users. Each user has their own sub directory here, like home slash Alex or home slash Emma, where they store documents, downloads, projects, and personal settings. These folders keep user data separate from system files, making backups and account management much easier. User-specific configuration files often live here too. Many are hidden by default. Hidden files and Linux usually start with a dot, like .bash RC. You might also see a shared or public folder, depending on the system, used to exchange files between users. By default, users don't have access to each other's home folders unless permissions are changed, adding a layer of privacy. An unlike most system directories, home is meant to be customized. This is your space to create, modify, and save files freely. The root user, however, has a separate home directory located at root instead of inside home to keep it isolated and more secure. Next, we have media. This directory is where modern Linux systems automatically mount removable media like USB drives, CDs, and DVDs. Each device gets its own subfolder inside media, often named after the volume label. It's the place where users can access the actual contents, like photos, documents, or software. Unlike other mount points like M&T, which we'll look at in the next chapter, media is designed for removable devices and is often handled automatically by the system. Media is user-friendly and often doesn't require administrative privileges. Desktop environments like NOME or KDE handle this seamlessly, so your flash drive just appears ready to use. To clarify, Dev holds the device files that represent the hardware itself, while Media is where those devices are mounted and made usable by the system. So think of Dev as the raw connection and Media as the convenient entry point for users. Let's move on to M&T, another directory used for mounting file systems. Traditionally, this is where system administrators would manually mount external storage, like USB drives, petitions, backup disks, or remote file systems, especially during system maintenance or recovery. Unlike media, which automatically mounts removable devices for user access. M&T is reserved for manual, temporary mounts, and is typically used by the root user or advanced scripts. For example, if you need to access the contents of a failing hard drive or mounted network share during troubleshooting, MNT is the go-to location. It doesn't contain anything by default and only is content when something is actively mounted there. While you might not use it often as a regular user, understanding its role is helpful when working with Linux at a deeper level. Now let's take a look at PROC, one of the more unusual directories in Linux. Like Dev, PROC is a virtual file system. It doesn't contain real file stored on disk, but instead provides a dynamic, in memory view of the system. While Dev represents hardware devices, PROC acts as a live interface to the Linux kernel and running processes. Inside, you'll find folders named after process IDs, like proc-slash-1234, with details about each process, as well as system information files like proc-slash-cpu-info, and proc-slash-mem-info. Essentially, proc is a vital tool for monitoring, debugging, and interacting with the system's inner workings in real time. Next is SIS, a virtual directory like PROC, but with a different purpose. It's part of the SISFS pseudo-file system and acts as a dynamic interface between the Linux kernel and your hardware. Here, the kernel exposes information about devices, drivers, and system buses. For example, you'll find folders representing CPUs, memory blocks, USB ports, and even the system's power state. What sets CIS a part is that it's not just for reading information. Certain files here can actually be written to, allowing advanced users or system tools to tweak kernel settings on the fly. This makes Sysa Key back in for system utilities like UDEV, Power Managers, and Hardware Configuration Tools. It's structured hierarchically, so each hardware component and subsystem has its own path. But unless you're developing drivers or customizing hardware behavior, you typically won't need to interact with it directly. Next up is Run. This in Memory Directory holds temporary runtime data used by the system and applications right after boot. It's created very early in the startup process, before most of the file system is ready, and everything inside it disappears on reboot. You'll find sub-directories like Run Slash user for user sessions or Run Slash Lock for system locks. Unlike PROC or SIS, which exposed kernel and hardware information, Run is writable and is used by running processes to communicate, track state or store short live files like process IDs and sockets. It replaced older directories like VAR slash run and VAR slash lock, helping unify runtime data in one central, reliable location. Next up is the SRV directory, short for service. This is where data for services provided by the system, like web servers, FTP servers, or other hosted services is stored. Think of it as the content served to users connecting to your machine remotely. For example, if your system is running a web server, the actual website files might live under SRV slash WWW. Unlike configuration files in ETC, SRV holds the data that services share with others. It's worth noting that not all Linux systems use SRV by default, some may place service data elsewhere, like in VAR. But its purpose is to offer a clean, predictable location for service-related content, especially in server setups. If you're not running any services, this directory might be empty, but it becomes more important on multi-user or enterprise systems. Next, we have var, short for variable. The var directory is used for storing files that change frequently during system operation, like logs, caches, spool files, and more. For example, var slash log holds system logs that track activity and errors, and these logs are often rotated to prevent them from using too much space. Package managers also use this directory. Debbie and base systems, for instance, keep important metadata in var slash lib. because it stores data that reflects the system's behavior over time. VAR can contain sensitive information and should be properly protected, especially on multi-user or server setups. Since these files can expand significantly, this directory is often placed on its own partition and server setups to avoid filling up the root file system. Regular users rarely need to touch this directory directly, but understanding its role helps with troubleshooting and managing disk space. Let's now take a look at a directory design for short term use, TMP. This is where temporary files go, often created by applications or users while tasks are in progress. For example, when you open a file in a text editor or install a program. Temporary working files may be stored here. These files aren't meant to stick around. They're typically deleted automatically on reboot or after a certain period. TMP is writable by all users, but it includes a special permission called the sticky bit. This ensures users can only delete files they own, even though the directory is shared. This helps prevent accidental or malicious file deletions. It's also worth noting that because TMP resides in memory on some systems, using a TMPFS mount, writing large files here can consume RAM. For that reason, it's generally used for lightweight, temporary data only. Keeping it clean helps prevent clutter and maintain smooth system operation. And lastly, we have opt. Opt is where optional or third-party software is installed, often kept separate from the system's main directories. Each application usually has its own subfolder, like opt slash Google slash Chrome, which helps keep things organized and makes uninstalling easier. This directory is especially common in enterprise or commercial environments where large proprietary programs are installed outside the usual package manager paths. On many systems, Opt may even be empty unless manually used. Because software here doesn't always follow standard Linux file structure rules, Opt provides a safe space without interfering with core system files. Like most system directories, modifying it requires administrative privileges. In conclusion, the Linux file system structure is more than just a collection of folders. It's a well thought out hierarchy that separates critical system components from user files, temporary data, and application resources. Each directory has a specific purpose, helping keep the system stable, organized, and secure. By understanding what goes where, you're not only improving your navigation skills, but also enhancing your ability to manage and maintain your system"
"tinyllama","linux_file_system","3","4","410","Next up is the ETC directory. This is the central location for system-wide configuration files, covering everything from network settings and user accounts to start-up scripts and service configurations. For example, ETC slash password holds basic user information, and ETC slash FS tab defines how drives are mounted at boot. Most of these are plaintext files designed to be readable and editable by system administrators. The name, ETC, originally stood for et cetera, but some like to think of it as editable text configuration. Either way, it's a vital part of system management. While it's worth exploring to understand how Linux works under the hood, changes here should always be made carefully since they can affect how the entire system behaves. Next is the home directory, the personal space for regular users. Each user has their own sub directory here, like home slash Alex or home slash Emma, where they store documents, downloads, projects, and personal settings. These folders keep user data separate from system files, making backups and account management much easier. User-specific configuration files often live here too. Many are hidden by default. Hidden files and Linux usually start with a dot, like .bash RC. You might also see a shared or public folder, depending on the system, used to exchange files between users. By default, users don't have access to each other's home folders unless permissions are changed, adding a layer of privacy. An unlike most system directories, home is meant to be customized. This is your space to create, modify, and save files freely. The root user, however, has a separate home directory located at root instead of inside home to keep it isolated and more secure. Next, we have media. This directory is where modern Linux systems automatically mount removable media like USB drives, CDs, and DVDs. Each device gets its own subfolder inside media, often named after the volume label. It's the place where users can access the actual contents, like photos, documents, or software. Unlike other mount points like M&T, which we'll look at in the next chapter, media is designed for removable devices and is often handled automatically by the system. Media is user-friendly and often doesn't require administrative privileges. Desktop environments like NOME or KDE handle this seamlessly, so your flash drive just appears ready to use. To clarify, Dev holds the device files that represent the hardware itself, while Media is where those devices are mounted and made usable by the system. So think of Dev as the raw connection and Media as the convenient entry point for users. Let's move on to M&T, another directory used for mounting file systems. Traditionally, this is where system administrators would manually mount external storage, like USB drives, petitions, backup disks, or remote file systems, especially during system maintenance or recovery. Unlike media, which automatically mounts removable devices for user access. M&T is reserved for manual, temporary mounts, and is typically used by the root user or advanced scripts. For example, if you need to access the contents of a failing hard drive or mounted network share during troubleshooting, MNT is the go-to location. It doesn't contain anything by default and only is content when something is actively mounted there. While you might not use it often as a regular user, understanding its role is helpful when working with Linux at a deeper level. Now let's take a look at PROC, one of the more unusual directories in Linux. Like Dev, PROC is a virtual file system. It doesn't contain real file stored on disk, but instead provides a dynamic, in memory view of the system. While Dev represents hardware devices, PROC acts as a live interface to the Linux kernel and running processes. Inside, you'll find folders named after process IDs, like proc-slash-1234, with details about each process, as well as system information files like proc-slash-cpu-info, and proc-slash-mem-info. Essentially, proc is a vital tool for monitoring, debugging, and interacting with the system's inner workings in real time. Next is SIS, a virtual directory like PROC, but with a different purpose. It's part of the SISFS pseudo-file system and acts as a dynamic interface between the Linux kernel and your hardware. Here, the kernel exposes information about devices, drivers, and system buses. For example, you'll find folders representing CPUs, memory blocks, USB ports, and even the system's power state. What sets CIS a part is that it's not just for reading information. Certain files here can actually be written to, allowing advanced users or system tools to tweak kernel settings on the fly. This makes Sysa Key back in for system utilities like UDEV, Power Managers, and Hardware Configuration Tools. It's structured hierarchically, so each hardware component and subsystem has its own path. But unless you're developing drivers or customizing hardware behavior, you typically won't need to interact with it directly. Next up is Run. This in Memory Directory holds temporary runtime data used by the system and applications right after boot. It's created very early in the startup process, before most of the file system is ready, and everything inside it disappears on reboot. You'll find sub-directories like Run Slash user for user sessions or Run Slash Lock for system locks. Unlike PROC or SIS, which exposed kernel and hardware information, Run is writable and is used by running processes to communicate, track state or store short live files like process IDs and sockets. It replaced older directories like VAR slash run and VAR slash lock, helping unify runtime data in one central, reliable location. Next up is the SRV directory, short for service. This is where data for services provided by the system, like web servers, FTP servers, or other hosted services is stored. Think of it as the content served to users connecting to your machine remotely. For example, if your system is running a web server, the actual website files might live under SRV slash WWW. Unlike configuration files in ETC, SRV holds the data that services share with others. It's worth noting that not all Linux systems use SRV by default, some may place service data elsewhere, like in VAR. But its purpose is to offer a clean, predictable location for service-related content, especially in server setups. If you're not running any services, this directory might be empty, but it becomes more important on multi-user or enterprise systems. Next, we have var, short for variable. The var directory is used for storing files that change frequently during system operation, like logs, caches, spool files, and more. For example, var slash log holds system logs that track activity and errors, and these logs are often rotated to prevent them from using too much space. Package managers also use this directory. Debbie and base systems, for instance, keep important metadata in var slash lib. because it stores data that reflects the system's behavior over time. VAR can contain sensitive information and should be properly protected, especially on multi-user or server setups. Since these files can expand significantly, this directory is often placed on its own partition and server setups to avoid filling up the root file system. Regular users rarely need to touch this directory directly, but understanding its role helps with troubleshooting and managing disk space. Let's now take a look at a directory design for short term use, TMP. This is where temporary files go, often created by applications or users while tasks are in progress. For example, when you open a file in a text editor or install a program. Temporary working files may be stored here. These files aren't meant to stick around. They're typically deleted automatically on reboot or after a certain period. TMP is writable by all users, but it includes a special permission called the sticky bit. This ensures users can only delete files they own, even though the directory is shared. This helps prevent accidental or malicious file deletions. It's also worth noting that because TMP resides in memory on some systems, using a TMPFS mount, writing large files here can consume RAM. For that reason, it's generally used for lightweight, temporary data only. Keeping it clean helps prevent clutter and maintain smooth system operation. And lastly, we have opt. Opt is where optional or third-party software is installed, often kept separate from the system's main directories. Each application usually has its own subfolder, like opt slash Google slash Chrome, which helps keep things organized and makes uninstalling easier. This directory is especially common in enterprise or commercial environments where large proprietary programs are installed outside the usual package manager paths. On many systems, Opt may even be empty unless manually used. Because software here doesn't always follow standard Linux file structure rules, Opt provides a safe space without interfering with core system files. Like most system directories, modifying it requires administrative privileges. In conclusion, the Linux file system structure is more than just a collection of folders. It's a well thought out hierarchy that separates critical system components from user files, temporary data, and application resources. Each directory has a specific purpose, helping keep the system stable, organized, and secure. By understanding what goes where, you're not only improving your navigation skills, but also enhancing your ability to manage and maintain your Linux system"
"tinyllama","linux_file_system","3","5","410","Next up is the ETC directory. This is the central location for system-wide configuration files, covering everything from network settings and user accounts to start-up scripts and service configurations. For example, ETC slash password holds basic user information, and ETC slash FS tab defines how drives are mounted at boot. Most of these are plaintext files designed to be readable and editable by system administrators. The name, ETC, originally stood for et cetera, but some like to think of it as editable text configuration. Either way, it's a vital part of system management. While it's worth exploring to understand how Linux works under the hood, changes here should always be made carefully since they can affect how the entire system behaves. Next is the home directory, the personal space for regular users. Each user has their own sub directory here, like home slash Alex or home slash Emma, where they store documents, downloads, projects, and personal settings. These folders keep user data separate from system files, making backups and account management much easier. User-specific configuration files often live here too. Many are hidden by default. Hidden files and Linux usually start with a dot, like .bash RC. You might also see a shared or public folder, depending on the system, used to exchange files between users. By default, users don't have access to each other's home folders unless permissions are changed, adding a layer of privacy. An unlike most system directories, home is meant to be customized. This is your space to create, modify, and save files freely. The root user, however, has a separate home directory located at root instead of inside home to keep it isolated and more secure. Next, we have media. This directory is where modern Linux systems automatically mount removable media like USB drives, CDs, and DVDs. Each device gets its own subfolder inside media, often named after the volume label. It's the place where users can access the actual contents, like photos, documents, or software. Unlike other mount points like M&T, which we'll look at in the next chapter, media is designed for removable devices and is often handled automatically by the system. Media is user-friendly and often doesn't require administrative privileges. Desktop environments like NOME or KDE handle this seamlessly, so your flash drive just appears ready to use. To clarify, Dev holds the device files that represent the hardware itself, while Media is where those devices are mounted and made usable by the system. So think of Dev as the raw connection and Media as the convenient entry point for users. Let's move on to M&T, another directory used for mounting file systems. Traditionally, this is where system administrators would manually mount external storage, like USB drives, petitions, backup disks, or remote file systems, especially during system maintenance or recovery. Unlike media, which automatically mounts removable devices for user access. M&T is reserved for manual, temporary mounts, and is typically used by the root user or advanced scripts. For example, if you need to access the contents of a failing hard drive or mounted network share during troubleshooting, MNT is the go-to location. It doesn't contain anything by default and only is content when something is actively mounted there. While you might not use it often as a regular user, understanding its role is helpful when working with Linux at a deeper level. Now let's take a look at PROC, one of the more unusual directories in Linux. Like Dev, PROC is a virtual file system. It doesn't contain real file stored on disk, but instead provides a dynamic, in memory view of the system. While Dev represents hardware devices, PROC acts as a live interface to the Linux kernel and running processes. Inside, you'll find folders named after process IDs, like proc-slash-1234, with details about each process, as well as system information files like proc-slash-cpu-info, and proc-slash-mem-info. Essentially, proc is a vital tool for monitoring, debugging, and interacting with the system's inner workings in real time. Next is SIS, a virtual directory like PROC, but with a different purpose. It's part of the SISFS pseudo-file system and acts as a dynamic interface between the Linux kernel and your hardware. Here, the kernel exposes information about devices, drivers, and system buses. For example, you'll find folders representing CPUs, memory blocks, USB ports, and even the system's power state. What sets CIS a part is that it's not just for reading information. Certain files here can actually be written to, allowing advanced users or system tools to tweak kernel settings on the fly. This makes Sysa Key back in for system utilities like UDEV, Power Managers, and Hardware Configuration Tools. It's structured hierarchically, so each hardware component and subsystem has its own path. But unless you're developing drivers or customizing hardware behavior, you typically won't need to interact with it directly. Next up is Run. This in Memory Directory holds temporary runtime data used by the system and applications right after boot. It's created very early in the startup process, before most of the file system is ready, and everything inside it disappears on reboot. You'll find sub-directories like Run Slash user for user sessions or Run Slash Lock for system locks. Unlike PROC or SIS, which exposed kernel and hardware information, Run is writable and is used by running processes to communicate, track state or store short live files like process IDs and sockets. It replaced older directories like VAR slash run and VAR slash lock, helping unify runtime data in one central, reliable location. Next up is the SRV directory, short for service. This is where data for services provided by the system, like web servers, FTP servers, or other hosted services is stored. Think of it as the content served to users connecting to your machine remotely. For example, if your system is running a web server, the actual website files might live under SRV slash WWW. Unlike configuration files in ETC, SRV holds the data that services share with others. It's worth noting that not all Linux systems use SRV by default, some may place service data elsewhere, like in VAR. But its purpose is to offer a clean, predictable location for service-related content, especially in server setups. If you're not running any services, this directory might be empty, but it becomes more important on multi-user or enterprise systems. Next, we have var, short for variable. The var directory is used for storing files that change frequently during system operation, like logs, caches, spool files, and more. For example, var slash log holds system logs that track activity and errors, and these logs are often rotated to prevent them from using too much space. Package managers also use this directory. Debbie and base systems, for instance, keep important metadata in var slash lib. because it stores data that reflects the system's behavior over time. VAR can contain sensitive information and should be properly protected, especially on multi-user or server setups. Since these files can expand significantly, this directory is often placed on its own partition and server setups to avoid filling up the root file system. Regular users rarely need to touch this directory directly, but understanding its role helps with troubleshooting and managing disk space. Let's now take a look at a directory design for short term use, TMP. This is where temporary files go, often created by applications or users while tasks are in progress. For example, when you open a file in a text editor or install a program. Temporary working files may be stored here. These files aren't meant to stick around. They're typically deleted automatically on reboot or after a certain period. TMP is writable by all users, but it includes a special permission called the sticky bit. This ensures users can only delete files they own, even though the directory is shared. This helps prevent accidental or malicious file deletions. It's also worth noting that because TMP resides in memory on some systems, using a TMPFS mount, writing large files here can consume RAM. For that reason, it's generally used for lightweight, temporary data only. Keeping it clean helps prevent clutter and maintain smooth system operation. And lastly, we have opt. Opt is where optional or third-party software is installed, often kept separate from the system's main directories. Each application usually has its own subfolder, like opt slash Google slash Chrome, which helps keep things organized and makes uninstalling easier. This directory is especially common in enterprise or commercial environments where large proprietary programs are installed outside the usual package manager paths. On many systems, Opt may even be empty unless manually used. Because software here doesn't always follow standard Linux file structure rules, Opt provides a safe space without interfering with core system files. Like most system directories, modifying it requires administrative privileges. In conclusion, the Linux file system structure is more than just a collection of folders. It's a well thought out hierarchy that separates critical system components from user files, temporary data, and application resources. Each directory has a specific purpose, helping keep the system stable, organized, and secure. By understanding what goes where, you're not only improving your navigation skills, but also enhancing your overall system experience"
"tinyllama","linux_file_system","3","6","410","Next up is the ETC directory. This is the central location for system-wide configuration files, covering everything from network settings and user accounts to start-up scripts and service configurations. For example, ETC slash password holds basic user information, and ETC slash FS tab defines how drives are mounted at boot. Most of these are plaintext files designed to be readable and editable by system administrators. The name, ETC, originally stood for et cetera, but some like to think of it as editable text configuration. Either way, it's a vital part of system management. While it's worth exploring to understand how Linux works under the hood, changes here should always be made carefully since they can affect how the entire system behaves. Next is the home directory, the personal space for regular users. Each user has their own sub directory here, like home slash Alex or home slash Emma, where they store documents, downloads, projects, and personal settings. These folders keep user data separate from system files, making backups and account management much easier. User-specific configuration files often live here too. Many are hidden by default. Hidden files and Linux usually start with a dot, like .bash RC. You might also see a shared or public folder, depending on the system, used to exchange files between users. By default, users don't have access to each other's home folders unless permissions are changed, adding a layer of privacy. An unlike most system directories, home is meant to be customized. This is your space to create, modify, and save files freely. The root user, however, has a separate home directory located at root instead of inside home to keep it isolated and more secure. Next, we have media. This directory is where modern Linux systems automatically mount removable media like USB drives, CDs, and DVDs. Each device gets its own subfolder inside media, often named after the volume label. It's the place where users can access the actual contents, like photos, documents, or software. Unlike other mount points like M&T, which we'll look at in the next chapter, media is designed for removable devices and is often handled automatically by the system. Media is user-friendly and often doesn't require administrative privileges. Desktop environments like NOME or KDE handle this seamlessly, so your flash drive just appears ready to use. To clarify, Dev holds the device files that represent the hardware itself, while Media is where those devices are mounted and made usable by the system. So think of Dev as the raw connection and Media as the convenient entry point for users. Let's move on to M&T, another directory used for mounting file systems. Traditionally, this is where system administrators would manually mount external storage, like USB drives, petitions, backup disks, or remote file systems, especially during system maintenance or recovery. Unlike media, which automatically mounts removable devices for user access. M&T is reserved for manual, temporary mounts, and is typically used by the root user or advanced scripts. For example, if you need to access the contents of a failing hard drive or mounted network share during troubleshooting, MNT is the go-to location. It doesn't contain anything by default and only is content when something is actively mounted there. While you might not use it often as a regular user, understanding its role is helpful when working with Linux at a deeper level. Now let's take a look at PROC, one of the more unusual directories in Linux. Like Dev, PROC is a virtual file system. It doesn't contain real file stored on disk, but instead provides a dynamic, in memory view of the system. While Dev represents hardware devices, PROC acts as a live interface to the Linux kernel and running processes. Inside, you'll find folders named after process IDs, like proc-slash-1234, with details about each process, as well as system information files like proc-slash-cpu-info, and proc-slash-mem-info. Essentially, proc is a vital tool for monitoring, debugging, and interacting with the system's inner workings in real time. Next is SIS, a virtual directory like PROC, but with a different purpose. It's part of the SISFS pseudo-file system and acts as a dynamic interface between the Linux kernel and your hardware. Here, the kernel exposes information about devices, drivers, and system buses. For example, you'll find folders representing CPUs, memory blocks, USB ports, and even the system's power state. What sets CIS a part is that it's not just for reading information. Certain files here can actually be written to, allowing advanced users or system tools to tweak kernel settings on the fly. This makes Sysa Key back in for system utilities like UDEV, Power Managers, and Hardware Configuration Tools. It's structured hierarchically, so each hardware component and subsystem has its own path. But unless you're developing drivers or customizing hardware behavior, you typically won't need to interact with it directly. Next up is Run. This in Memory Directory holds temporary runtime data used by the system and applications right after boot. It's created very early in the startup process, before most of the file system is ready, and everything inside it disappears on reboot. You'll find sub-directories like Run Slash user for user sessions or Run Slash Lock for system locks. Unlike PROC or SIS, which exposed kernel and hardware information, Run is writable and is used by running processes to communicate, track state or store short live files like process IDs and sockets. It replaced older directories like VAR slash run and VAR slash lock, helping unify runtime data in one central, reliable location. Next up is the SRV directory, short for service. This is where data for services provided by the system, like web servers, FTP servers, or other hosted services is stored. Think of it as the content served to users connecting to your machine remotely. For example, if your system is running a web server, the actual website files might live under SRV slash WWW. Unlike configuration files in ETC, SRV holds the data that services share with others. It's worth noting that not all Linux systems use SRV by default, some may place service data elsewhere, like in VAR. But its purpose is to offer a clean, predictable location for service-related content, especially in server setups. If you're not running any services, this directory might be empty, but it becomes more important on multi-user or enterprise systems. Next, we have var, short for variable. The var directory is used for storing files that change frequently during system operation, like logs, caches, spool files, and more. For example, var slash log holds system logs that track activity and errors, and these logs are often rotated to prevent them from using too much space. Package managers also use this directory. Debbie and base systems, for instance, keep important metadata in var slash lib. because it stores data that reflects the system's behavior over time. VAR can contain sensitive information and should be properly protected, especially on multi-user or server setups. Since these files can expand significantly, this directory is often placed on its own partition and server setups to avoid filling up the root file system. Regular users rarely need to touch this directory directly, but understanding its role helps with troubleshooting and managing disk space. Let's now take a look at a directory design for short term use, TMP. This is where temporary files go, often created by applications or users while tasks are in progress. For example, when you open a file in a text editor or install a program. Temporary working files may be stored here. These files aren't meant to stick around. They're typically deleted automatically on reboot or after a certain period. TMP is writable by all users, but it includes a special permission called the sticky bit. This ensures users can only delete files they own, even though the directory is shared. This helps prevent accidental or malicious file deletions. It's also worth noting that because TMP resides in memory on some systems, using a TMPFS mount, writing large files here can consume RAM. For that reason, it's generally used for lightweight, temporary data only. Keeping it clean helps prevent clutter and maintain smooth system operation. And lastly, we have opt. Opt is where optional or third-party software is installed, often kept separate from the system's main directories. Each application usually has its own subfolder, like opt slash Google slash Chrome, which helps keep things organized and makes uninstalling easier. This directory is especially common in enterprise or commercial environments where large proprietary programs are installed outside the usual package manager paths. On many systems, Opt may even be empty unless manually used. Because software here doesn't always follow standard Linux file structure rules, Opt provides a safe space without interfering with core system files. Like most system directories, modifying it requires administrative privileges. In conclusion, the Linux file system structure is more than just a collection of folders. It's a well thought out hierarchy that separates critical system components from user files, temporary data, and application resources. Each directory has a specific purpose, helping keep the system stable, organized, and secure. By understanding what goes where, you're not only improving your navigation skills, but also enhancing your overall understanding of Linux"
"tinyllama","linux_file_system","3","7","410","Next up is the ETC directory. This is the central location for system-wide configuration files, covering everything from network settings and user accounts to start-up scripts and service configurations. For example, ETC slash password holds basic user information, and ETC slash FS tab defines how drives are mounted at boot. Most of these are plaintext files designed to be readable and editable by system administrators. The name, ETC, originally stood for et cetera, but some like to think of it as editable text configuration. Either way, it's a vital part of system management. While it's worth exploring to understand how Linux works under the hood, changes here should always be made carefully since they can affect how the entire system behaves. Next is the home directory, the personal space for regular users. Each user has their own sub directory here, like home slash Alex or home slash Emma, where they store documents, downloads, projects, and personal settings. These folders keep user data separate from system files, making backups and account management much easier. User-specific configuration files often live here too. Many are hidden by default. Hidden files and Linux usually start with a dot, like .bash RC. You might also see a shared or public folder, depending on the system, used to exchange files between users. By default, users don't have access to each other's home folders unless permissions are changed, adding a layer of privacy. An unlike most system directories, home is meant to be customized. This is your space to create, modify, and save files freely. The root user, however, has a separate home directory located at root instead of inside home to keep it isolated and more secure. Next, we have media. This directory is where modern Linux systems automatically mount removable media like USB drives, CDs, and DVDs. Each device gets its own subfolder inside media, often named after the volume label. It's the place where users can access the actual contents, like photos, documents, or software. Unlike other mount points like M&T, which we'll look at in the next chapter, media is designed for removable devices and is often handled automatically by the system. Media is user-friendly and often doesn't require administrative privileges. Desktop environments like NOME or KDE handle this seamlessly, so your flash drive just appears ready to use. To clarify, Dev holds the device files that represent the hardware itself, while Media is where those devices are mounted and made usable by the system. So think of Dev as the raw connection and Media as the convenient entry point for users. Let's move on to M&T, another directory used for mounting file systems. Traditionally, this is where system administrators would manually mount external storage, like USB drives, petitions, backup disks, or remote file systems, especially during system maintenance or recovery. Unlike media, which automatically mounts removable devices for user access. M&T is reserved for manual, temporary mounts, and is typically used by the root user or advanced scripts. For example, if you need to access the contents of a failing hard drive or mounted network share during troubleshooting, MNT is the go-to location. It doesn't contain anything by default and only is content when something is actively mounted there. While you might not use it often as a regular user, understanding its role is helpful when working with Linux at a deeper level. Now let's take a look at PROC, one of the more unusual directories in Linux. Like Dev, PROC is a virtual file system. It doesn't contain real file stored on disk, but instead provides a dynamic, in memory view of the system. While Dev represents hardware devices, PROC acts as a live interface to the Linux kernel and running processes. Inside, you'll find folders named after process IDs, like proc-slash-1234, with details about each process, as well as system information files like proc-slash-cpu-info, and proc-slash-mem-info. Essentially, proc is a vital tool for monitoring, debugging, and interacting with the system's inner workings in real time. Next is SIS, a virtual directory like PROC, but with a different purpose. It's part of the SISFS pseudo-file system and acts as a dynamic interface between the Linux kernel and your hardware. Here, the kernel exposes information about devices, drivers, and system buses. For example, you'll find folders representing CPUs, memory blocks, USB ports, and even the system's power state. What sets CIS a part is that it's not just for reading information. Certain files here can actually be written to, allowing advanced users or system tools to tweak kernel settings on the fly. This makes Sysa Key back in for system utilities like UDEV, Power Managers, and Hardware Configuration Tools. It's structured hierarchically, so each hardware component and subsystem has its own path. But unless you're developing drivers or customizing hardware behavior, you typically won't need to interact with it directly. Next up is Run. This in Memory Directory holds temporary runtime data used by the system and applications right after boot. It's created very early in the startup process, before most of the file system is ready, and everything inside it disappears on reboot. You'll find sub-directories like Run Slash user for user sessions or Run Slash Lock for system locks. Unlike PROC or SIS, which exposed kernel and hardware information, Run is writable and is used by running processes to communicate, track state or store short live files like process IDs and sockets. It replaced older directories like VAR slash run and VAR slash lock, helping unify runtime data in one central, reliable location. Next up is the SRV directory, short for service. This is where data for services provided by the system, like web servers, FTP servers, or other hosted services is stored. Think of it as the content served to users connecting to your machine remotely. For example, if your system is running a web server, the actual website files might live under SRV slash WWW. Unlike configuration files in ETC, SRV holds the data that services share with others. It's worth noting that not all Linux systems use SRV by default, some may place service data elsewhere, like in VAR. But its purpose is to offer a clean, predictable location for service-related content, especially in server setups. If you're not running any services, this directory might be empty, but it becomes more important on multi-user or enterprise systems. Next, we have var, short for variable. The var directory is used for storing files that change frequently during system operation, like logs, caches, spool files, and more. For example, var slash log holds system logs that track activity and errors, and these logs are often rotated to prevent them from using too much space. Package managers also use this directory. Debbie and base systems, for instance, keep important metadata in var slash lib. because it stores data that reflects the system's behavior over time. VAR can contain sensitive information and should be properly protected, especially on multi-user or server setups. Since these files can expand significantly, this directory is often placed on its own partition and server setups to avoid filling up the root file system. Regular users rarely need to touch this directory directly, but understanding its role helps with troubleshooting and managing disk space. Let's now take a look at a directory design for short term use, TMP. This is where temporary files go, often created by applications or users while tasks are in progress. For example, when you open a file in a text editor or install a program. Temporary working files may be stored here. These files aren't meant to stick around. They're typically deleted automatically on reboot or after a certain period. TMP is writable by all users, but it includes a special permission called the sticky bit. This ensures users can only delete files they own, even though the directory is shared. This helps prevent accidental or malicious file deletions. It's also worth noting that because TMP resides in memory on some systems, using a TMPFS mount, writing large files here can consume RAM. For that reason, it's generally used for lightweight, temporary data only. Keeping it clean helps prevent clutter and maintain smooth system operation. And lastly, we have opt. Opt is where optional or third-party software is installed, often kept separate from the system's main directories. Each application usually has its own subfolder, like opt slash Google slash Chrome, which helps keep things organized and makes uninstalling easier. This directory is especially common in enterprise or commercial environments where large proprietary programs are installed outside the usual package manager paths. On many systems, Opt may even be empty unless manually used. Because software here doesn't always follow standard Linux file structure rules, Opt provides a safe space without interfering with core system files. Like most system directories, modifying it requires administrative privileges. In conclusion, the Linux file system structure is more than just a collection of folders. It's a well thought out hierarchy that separates critical system components from user files, temporary data, and application resources. Each directory has a specific purpose, helping keep the system stable, organized, and secure. By understanding what goes where, you're not only improving your navigation skills, but also protecting your system from potential security threats"
"tinyllama","linux_file_system","3","8","410","Next up is the ETC directory. This is the central location for system-wide configuration files, covering everything from network settings and user accounts to start-up scripts and service configurations. For example, ETC slash password holds basic user information, and ETC slash FS tab defines how drives are mounted at boot. Most of these are plaintext files designed to be readable and editable by system administrators. The name, ETC, originally stood for et cetera, but some like to think of it as editable text configuration. Either way, it's a vital part of system management. While it's worth exploring to understand how Linux works under the hood, changes here should always be made carefully since they can affect how the entire system behaves. Next is the home directory, the personal space for regular users. Each user has their own sub directory here, like home slash Alex or home slash Emma, where they store documents, downloads, projects, and personal settings. These folders keep user data separate from system files, making backups and account management much easier. User-specific configuration files often live here too. Many are hidden by default. Hidden files and Linux usually start with a dot, like .bash RC. You might also see a shared or public folder, depending on the system, used to exchange files between users. By default, users don't have access to each other's home folders unless permissions are changed, adding a layer of privacy. An unlike most system directories, home is meant to be customized. This is your space to create, modify, and save files freely. The root user, however, has a separate home directory located at root instead of inside home to keep it isolated and more secure. Next, we have media. This directory is where modern Linux systems automatically mount removable media like USB drives, CDs, and DVDs. Each device gets its own subfolder inside media, often named after the volume label. It's the place where users can access the actual contents, like photos, documents, or software. Unlike other mount points like M&T, which we'll look at in the next chapter, media is designed for removable devices and is often handled automatically by the system. Media is user-friendly and often doesn't require administrative privileges. Desktop environments like NOME or KDE handle this seamlessly, so your flash drive just appears ready to use. To clarify, Dev holds the device files that represent the hardware itself, while Media is where those devices are mounted and made usable by the system. So think of Dev as the raw connection and Media as the convenient entry point for users. Let's move on to M&T, another directory used for mounting file systems. Traditionally, this is where system administrators would manually mount external storage, like USB drives, petitions, backup disks, or remote file systems, especially during system maintenance or recovery. Unlike media, which automatically mounts removable devices for user access. M&T is reserved for manual, temporary mounts, and is typically used by the root user or advanced scripts. For example, if you need to access the contents of a failing hard drive or mounted network share during troubleshooting, MNT is the go-to location. It doesn't contain anything by default and only is content when something is actively mounted there. While you might not use it often as a regular user, understanding its role is helpful when working with Linux at a deeper level. Now let's take a look at PROC, one of the more unusual directories in Linux. Like Dev, PROC is a virtual file system. It doesn't contain real file stored on disk, but instead provides a dynamic, in memory view of the system. While Dev represents hardware devices, PROC acts as a live interface to the Linux kernel and running processes. Inside, you'll find folders named after process IDs, like proc-slash-1234, with details about each process, as well as system information files like proc-slash-cpu-info, and proc-slash-mem-info. Essentially, proc is a vital tool for monitoring, debugging, and interacting with the system's inner workings in real time. Next is SIS, a virtual directory like PROC, but with a different purpose. It's part of the SISFS pseudo-file system and acts as a dynamic interface between the Linux kernel and your hardware. Here, the kernel exposes information about devices, drivers, and system buses. For example, you'll find folders representing CPUs, memory blocks, USB ports, and even the system's power state. What sets CIS a part is that it's not just for reading information. Certain files here can actually be written to, allowing advanced users or system tools to tweak kernel settings on the fly. This makes Sysa Key back in for system utilities like UDEV, Power Managers, and Hardware Configuration Tools. It's structured hierarchically, so each hardware component and subsystem has its own path. But unless you're developing drivers or customizing hardware behavior, you typically won't need to interact with it directly. Next up is Run. This in Memory Directory holds temporary runtime data used by the system and applications right after boot. It's created very early in the startup process, before most of the file system is ready, and everything inside it disappears on reboot. You'll find sub-directories like Run Slash user for user sessions or Run Slash Lock for system locks. Unlike PROC or SIS, which exposed kernel and hardware information, Run is writable and is used by running processes to communicate, track state or store short live files like process IDs and sockets. It replaced older directories like VAR slash run and VAR slash lock, helping unify runtime data in one central, reliable location. Next up is the SRV directory, short for service. This is where data for services provided by the system, like web servers, FTP servers, or other hosted services is stored. Think of it as the content served to users connecting to your machine remotely. For example, if your system is running a web server, the actual website files might live under SRV slash WWW. Unlike configuration files in ETC, SRV holds the data that services share with others. It's worth noting that not all Linux systems use SRV by default, some may place service data elsewhere, like in VAR. But its purpose is to offer a clean, predictable location for service-related content, especially in server setups. If you're not running any services, this directory might be empty, but it becomes more important on multi-user or enterprise systems. Next, we have var, short for variable. The var directory is used for storing files that change frequently during system operation, like logs, caches, spool files, and more. For example, var slash log holds system logs that track activity and errors, and these logs are often rotated to prevent them from using too much space. Package managers also use this directory. Debbie and base systems, for instance, keep important metadata in var slash lib. because it stores data that reflects the system's behavior over time. VAR can contain sensitive information and should be properly protected, especially on multi-user or server setups. Since these files can expand significantly, this directory is often placed on its own partition and server setups to avoid filling up the root file system. Regular users rarely need to touch this directory directly, but understanding its role helps with troubleshooting and managing disk space. Let's now take a look at a directory design for short term use, TMP. This is where temporary files go, often created by applications or users while tasks are in progress. For example, when you open a file in a text editor or install a program. Temporary working files may be stored here. These files aren't meant to stick around. They're typically deleted automatically on reboot or after a certain period. TMP is writable by all users, but it includes a special permission called the sticky bit. This ensures users can only delete files they own, even though the directory is shared. This helps prevent accidental or malicious file deletions. It's also worth noting that because TMP resides in memory on some systems, using a TMPFS mount, writing large files here can consume RAM. For that reason, it's generally used for lightweight, temporary data only. Keeping it clean helps prevent clutter and maintain smooth system operation. And lastly, we have opt. Opt is where optional or third-party software is installed, often kept separate from the system's main directories. Each application usually has its own subfolder, like opt slash Google slash Chrome, which helps keep things organized and makes uninstalling easier. This directory is especially common in enterprise or commercial environments where large proprietary programs are installed outside the usual package manager paths. On many systems, Opt may even be empty unless manually used. Because software here doesn't always follow standard Linux file structure rules, Opt provides a safe space without interfering with core system files. Like most system directories, modifying it requires administrative privileges. In conclusion, the Linux file system structure is more than just a collection of folders. It's a well thought out hierarchy that separates critical system components from user files, temporary data, and application resources. Each directory has a specific purpose, helping keep the system stable, organized, and secure. By understanding what goes where, you're not only improving your navigation skills, but also gaining an appreciation for the intricate workings of Linux"
"tinyllama","linux_file_system","3","9","410","Next up is the ETC directory. This is the central location for system-wide configuration files, covering everything from network settings and user accounts to start-up scripts and service configurations. For example, ETC slash password holds basic user information, and ETC slash FS tab defines how drives are mounted at boot. Most of these are plaintext files designed to be readable and editable by system administrators. The name, ETC, originally stood for et cetera, but some like to think of it as editable text configuration. Either way, it's a vital part of system management. While it's worth exploring to understand how Linux works under the hood, changes here should always be made carefully since they can affect how the entire system behaves. Next is the home directory, the personal space for regular users. Each user has their own sub directory here, like home slash Alex or home slash Emma, where they store documents, downloads, projects, and personal settings. These folders keep user data separate from system files, making backups and account management much easier. User-specific configuration files often live here too. Many are hidden by default. Hidden files and Linux usually start with a dot, like .bash RC. You might also see a shared or public folder, depending on the system, used to exchange files between users. By default, users don't have access to each other's home folders unless permissions are changed, adding a layer of privacy. An unlike most system directories, home is meant to be customized. This is your space to create, modify, and save files freely. The root user, however, has a separate home directory located at root instead of inside home to keep it isolated and more secure. Next, we have media. This directory is where modern Linux systems automatically mount removable media like USB drives, CDs, and DVDs. Each device gets its own subfolder inside media, often named after the volume label. It's the place where users can access the actual contents, like photos, documents, or software. Unlike other mount points like M&T, which we'll look at in the next chapter, media is designed for removable devices and is often handled automatically by the system. Media is user-friendly and often doesn't require administrative privileges. Desktop environments like NOME or KDE handle this seamlessly, so your flash drive just appears ready to use. To clarify, Dev holds the device files that represent the hardware itself, while Media is where those devices are mounted and made usable by the system. So think of Dev as the raw connection and Media as the convenient entry point for users. Let's move on to M&T, another directory used for mounting file systems. Traditionally, this is where system administrators would manually mount external storage, like USB drives, petitions, backup disks, or remote file systems, especially during system maintenance or recovery. Unlike media, which automatically mounts removable devices for user access. M&T is reserved for manual, temporary mounts, and is typically used by the root user or advanced scripts. For example, if you need to access the contents of a failing hard drive or mounted network share during troubleshooting, MNT is the go-to location. It doesn't contain anything by default and only is content when something is actively mounted there. While you might not use it often as a regular user, understanding its role is helpful when working with Linux at a deeper level. Now let's take a look at PROC, one of the more unusual directories in Linux. Like Dev, PROC is a virtual file system. It doesn't contain real file stored on disk, but instead provides a dynamic, in memory view of the system. While Dev represents hardware devices, PROC acts as a live interface to the Linux kernel and running processes. Inside, you'll find folders named after process IDs, like proc-slash-1234, with details about each process, as well as system information files like proc-slash-cpu-info, and proc-slash-mem-info. Essentially, proc is a vital tool for monitoring, debugging, and interacting with the system's inner workings in real time. Next is SIS, a virtual directory like PROC, but with a different purpose. It's part of the SISFS pseudo-file system and acts as a dynamic interface between the Linux kernel and your hardware. Here, the kernel exposes information about devices, drivers, and system buses. For example, you'll find folders representing CPUs, memory blocks, USB ports, and even the system's power state. What sets CIS a part is that it's not just for reading information. Certain files here can actually be written to, allowing advanced users or system tools to tweak kernel settings on the fly. This makes Sysa Key back in for system utilities like UDEV, Power Managers, and Hardware Configuration Tools. It's structured hierarchically, so each hardware component and subsystem has its own path. But unless you're developing drivers or customizing hardware behavior, you typically won't need to interact with it directly. Next up is Run. This in Memory Directory holds temporary runtime data used by the system and applications right after boot. It's created very early in the startup process, before most of the file system is ready, and everything inside it disappears on reboot. You'll find sub-directories like Run Slash user for user sessions or Run Slash Lock for system locks. Unlike PROC or SIS, which exposed kernel and hardware information, Run is writable and is used by running processes to communicate, track state or store short live files like process IDs and sockets. It replaced older directories like VAR slash run and VAR slash lock, helping unify runtime data in one central, reliable location. Next up is the SRV directory, short for service. This is where data for services provided by the system, like web servers, FTP servers, or other hosted services is stored. Think of it as the content served to users connecting to your machine remotely. For example, if your system is running a web server, the actual website files might live under SRV slash WWW. Unlike configuration files in ETC, SRV holds the data that services share with others. It's worth noting that not all Linux systems use SRV by default, some may place service data elsewhere, like in VAR. But its purpose is to offer a clean, predictable location for service-related content, especially in server setups. If you're not running any services, this directory might be empty, but it becomes more important on multi-user or enterprise systems. Next, we have var, short for variable. The var directory is used for storing files that change frequently during system operation, like logs, caches, spool files, and more. For example, var slash log holds system logs that track activity and errors, and these logs are often rotated to prevent them from using too much space. Package managers also use this directory. Debbie and base systems, for instance, keep important metadata in var slash lib. because it stores data that reflects the system's behavior over time. VAR can contain sensitive information and should be properly protected, especially on multi-user or server setups. Since these files can expand significantly, this directory is often placed on its own partition and server setups to avoid filling up the root file system. Regular users rarely need to touch this directory directly, but understanding its role helps with troubleshooting and managing disk space. Let's now take a look at a directory design for short term use, TMP. This is where temporary files go, often created by applications or users while tasks are in progress. For example, when you open a file in a text editor or install a program. Temporary working files may be stored here. These files aren't meant to stick around. They're typically deleted automatically on reboot or after a certain period. TMP is writable by all users, but it includes a special permission called the sticky bit. This ensures users can only delete files they own, even though the directory is shared. This helps prevent accidental or malicious file deletions. It's also worth noting that because TMP resides in memory on some systems, using a TMPFS mount, writing large files here can consume RAM. For that reason, it's generally used for lightweight, temporary data only. Keeping it clean helps prevent clutter and maintain smooth system operation. And lastly, we have opt. Opt is where optional or third-party software is installed, often kept separate from the system's main directories. Each application usually has its own subfolder, like opt slash Google slash Chrome, which helps keep things organized and makes uninstalling easier. This directory is especially common in enterprise or commercial environments where large proprietary programs are installed outside the usual package manager paths. On many systems, Opt may even be empty unless manually used. Because software here doesn't always follow standard Linux file structure rules, Opt provides a safe space without interfering with core system files. Like most system directories, modifying it requires administrative privileges. In conclusion, the Linux file system structure is more than just a collection of folders. It's a well thought out hierarchy that separates critical system components from user files, temporary data, and application resources. Each directory has a specific purpose, helping keep the system stable, organized, and secure. By understanding what goes where, you're not only improving your navigation skills, but also enhancing your overall system knowledge"
"tinyllama","linux_file_system","3","10","410","Next up is the ETC directory. This is the central location for system-wide configuration files, covering everything from network settings and user accounts to start-up scripts and service configurations. For example, ETC slash password holds basic user information, and ETC slash FS tab defines how drives are mounted at boot. Most of these are plaintext files designed to be readable and editable by system administrators. The name, ETC, originally stood for et cetera, but some like to think of it as editable text configuration. Either way, it's a vital part of system management. While it's worth exploring to understand how Linux works under the hood, changes here should always be made carefully since they can affect how the entire system behaves. Next is the home directory, the personal space for regular users. Each user has their own sub directory here, like home slash Alex or home slash Emma, where they store documents, downloads, projects, and personal settings. These folders keep user data separate from system files, making backups and account management much easier. User-specific configuration files often live here too. Many are hidden by default. Hidden files and Linux usually start with a dot, like .bash RC. You might also see a shared or public folder, depending on the system, used to exchange files between users. By default, users don't have access to each other's home folders unless permissions are changed, adding a layer of privacy. An unlike most system directories, home is meant to be customized. This is your space to create, modify, and save files freely. The root user, however, has a separate home directory located at root instead of inside home to keep it isolated and more secure. Next, we have media. This directory is where modern Linux systems automatically mount removable media like USB drives, CDs, and DVDs. Each device gets its own subfolder inside media, often named after the volume label. It's the place where users can access the actual contents, like photos, documents, or software. Unlike other mount points like M&T, which we'll look at in the next chapter, media is designed for removable devices and is often handled automatically by the system. Media is user-friendly and often doesn't require administrative privileges. Desktop environments like NOME or KDE handle this seamlessly, so your flash drive just appears ready to use. To clarify, Dev holds the device files that represent the hardware itself, while Media is where those devices are mounted and made usable by the system. So think of Dev as the raw connection and Media as the convenient entry point for users. Let's move on to M&T, another directory used for mounting file systems. Traditionally, this is where system administrators would manually mount external storage, like USB drives, petitions, backup disks, or remote file systems, especially during system maintenance or recovery. Unlike media, which automatically mounts removable devices for user access. M&T is reserved for manual, temporary mounts, and is typically used by the root user or advanced scripts. For example, if you need to access the contents of a failing hard drive or mounted network share during troubleshooting, MNT is the go-to location. It doesn't contain anything by default and only is content when something is actively mounted there. While you might not use it often as a regular user, understanding its role is helpful when working with Linux at a deeper level. Now let's take a look at PROC, one of the more unusual directories in Linux. Like Dev, PROC is a virtual file system. It doesn't contain real file stored on disk, but instead provides a dynamic, in memory view of the system. While Dev represents hardware devices, PROC acts as a live interface to the Linux kernel and running processes. Inside, you'll find folders named after process IDs, like proc-slash-1234, with details about each process, as well as system information files like proc-slash-cpu-info, and proc-slash-mem-info. Essentially, proc is a vital tool for monitoring, debugging, and interacting with the system's inner workings in real time. Next is SIS, a virtual directory like PROC, but with a different purpose. It's part of the SISFS pseudo-file system and acts as a dynamic interface between the Linux kernel and your hardware. Here, the kernel exposes information about devices, drivers, and system buses. For example, you'll find folders representing CPUs, memory blocks, USB ports, and even the system's power state. What sets CIS a part is that it's not just for reading information. Certain files here can actually be written to, allowing advanced users or system tools to tweak kernel settings on the fly. This makes Sysa Key back in for system utilities like UDEV, Power Managers, and Hardware Configuration Tools. It's structured hierarchically, so each hardware component and subsystem has its own path. But unless you're developing drivers or customizing hardware behavior, you typically won't need to interact with it directly. Next up is Run. This in Memory Directory holds temporary runtime data used by the system and applications right after boot. It's created very early in the startup process, before most of the file system is ready, and everything inside it disappears on reboot. You'll find sub-directories like Run Slash user for user sessions or Run Slash Lock for system locks. Unlike PROC or SIS, which exposed kernel and hardware information, Run is writable and is used by running processes to communicate, track state or store short live files like process IDs and sockets. It replaced older directories like VAR slash run and VAR slash lock, helping unify runtime data in one central, reliable location. Next up is the SRV directory, short for service. This is where data for services provided by the system, like web servers, FTP servers, or other hosted services is stored. Think of it as the content served to users connecting to your machine remotely. For example, if your system is running a web server, the actual website files might live under SRV slash WWW. Unlike configuration files in ETC, SRV holds the data that services share with others. It's worth noting that not all Linux systems use SRV by default, some may place service data elsewhere, like in VAR. But its purpose is to offer a clean, predictable location for service-related content, especially in server setups. If you're not running any services, this directory might be empty, but it becomes more important on multi-user or enterprise systems. Next, we have var, short for variable. The var directory is used for storing files that change frequently during system operation, like logs, caches, spool files, and more. For example, var slash log holds system logs that track activity and errors, and these logs are often rotated to prevent them from using too much space. Package managers also use this directory. Debbie and base systems, for instance, keep important metadata in var slash lib. because it stores data that reflects the system's behavior over time. VAR can contain sensitive information and should be properly protected, especially on multi-user or server setups. Since these files can expand significantly, this directory is often placed on its own partition and server setups to avoid filling up the root file system. Regular users rarely need to touch this directory directly, but understanding its role helps with troubleshooting and managing disk space. Let's now take a look at a directory design for short term use, TMP. This is where temporary files go, often created by applications or users while tasks are in progress. For example, when you open a file in a text editor or install a program. Temporary working files may be stored here. These files aren't meant to stick around. They're typically deleted automatically on reboot or after a certain period. TMP is writable by all users, but it includes a special permission called the sticky bit. This ensures users can only delete files they own, even though the directory is shared. This helps prevent accidental or malicious file deletions. It's also worth noting that because TMP resides in memory on some systems, using a TMPFS mount, writing large files here can consume RAM. For that reason, it's generally used for lightweight, temporary data only. Keeping it clean helps prevent clutter and maintain smooth system operation. And lastly, we have opt. Opt is where optional or third-party software is installed, often kept separate from the system's main directories. Each application usually has its own subfolder, like opt slash Google slash Chrome, which helps keep things organized and makes uninstalling easier. This directory is especially common in enterprise or commercial environments where large proprietary programs are installed outside the usual package manager paths. On many systems, Opt may even be empty unless manually used. Because software here doesn't always follow standard Linux file structure rules, Opt provides a safe space without interfering with core system files. Like most system directories, modifying it requires administrative privileges. In conclusion, the Linux file system structure is more than just a collection of folders. It's a well thought out hierarchy that separates critical system components from user files, temporary data, and application resources. Each directory has a specific purpose, helping keep the system stable, organized, and secure. By understanding what goes where, you're not only improving your navigation skills, but also enhancing your ability to manage and troubleshoot Linux systems"
"llama3.1-8b","linux_file_system","1","1","0","Decoding the Linux File System Structure"
"llama3.1-8b","linux_file_system","1","2","0","Decoding the Linux File System Hierarchy"
"llama3.1-8b","linux_file_system","1","3","0","Unpacking Linux File System Structure"
"llama3.1-8b","linux_file_system","1","4","0","Exploring Linux File System Structure"
"llama3.1-8b","linux_file_system","1","5","0","Uncovering the Secrets of the Linux Root Directory"
"llama3.1-8b","linux_file_system","1","6","0","Exploring Linux File Hierarchy Essentials"
"llama3.1-8b","linux_file_system","1","7","0","Understanding Linux's Top-Level Folders"
"llama3.1-8b","linux_file_system","1","8","0","Unpacking the Linux File System Hierarchy"
"llama3.1-8b","linux_file_system","1","9","0","Exploring Linux's Root Directory Structure"
"llama3.1-8b","linux_file_system","1","10","0","Unraveling Linux File System Structure"
"llama3.1-8b","linux_file_system","2","1","317","Exploring Essential System Directories # Alternative Title"
"llama3.1-8b","linux_file_system","2","2","317","Exploring Core System File Hierarchy"
"llama3.1-8b","linux_file_system","2","3","317","Navigating Critical System Directories"
"llama3.1-8b","linux_file_system","2","4","317","Exploring Key System Directories # Alternative Title"
"llama3.1-8b","linux_file_system","2","5","317","Navigating System Folders: Boot and Device Directories"
"llama3.1-8b","linux_file_system","2","6","317","The Heart of Linux System Configuration"
"llama3.1-8b","linux_file_system","2","7","317","Navigating System Folders: Boot and Device Directories"
"llama3.1-8b","linux_file_system","2","8","317","Navigating Boot and Device Directories"
"llama3.1-8b","linux_file_system","2","9","317","A Tour of Essential System Files"
"llama3.1-8b","linux_file_system","2","10","317","Navigating System Folders: Boot & Device Directories"
"llama3.1-8b","linux_file_system","3","1","410","Navigating Linux File System Structure"
"llama3.1-8b","linux_file_system","3","2","410","Navigating Linux File System Structure Essentials"
"llama3.1-8b","linux_file_system","3","3","410","Exploring Linux File System Structure"
"llama3.1-8b","linux_file_system","3","4","410","Navigating Linux File System Structure Essentials"
"llama3.1-8b","linux_file_system","3","5","410","Navigating the Linux File System Hierarchy"
"llama3.1-8b","linux_file_system","3","6","410","Navigating the Linux File System Hierarchy"
"llama3.1-8b","linux_file_system","3","7","410","Navigating the Linux File System Hierarchy"
"llama3.1-8b","linux_file_system","3","8","410","Exploring Linux File System Structure"
"llama3.1-8b","linux_file_system","3","9","410","Exploring Linux File System Structure"
"llama3.1-8b","linux_file_system","3","10","410","Linux File System Structure Unveiled"
"gemma2-9b","linux_file_system","1","1","0","Unveiling Linux's File System Structure"
"gemma2-9b","linux_file_system","1","2","0","Unveiling Linux's File System Structure"
"gemma2-9b","linux_file_system","1","3","0","Unlocking Linux's File System Secrets"
"gemma2-9b","linux_file_system","1","4","0","Unveiling Linux's File System Structure"
"gemma2-9b","linux_file_system","1","5","0","Unveiling the Linux File System Structure"
"gemma2-9b","linux_file_system","1","6","0","Unlocking Linux: The File System Explained"
"gemma2-9b","linux_file_system","1","7","0","Unveiling Linux's File System Structure"
"gemma2-9b","linux_file_system","1","8","0","Unlocking Linux File System Secrets"
"gemma2-9b","linux_file_system","1","9","0","Unlocking Linux: The File System Explained"
"gemma2-9b","linux_file_system","1","10","0","Unlocking Linux: The File System Explained"
"gemma2-9b","linux_file_system","2","1","317","Navigating Essential System Directories"
"gemma2-9b","linux_file_system","2","2","317","Exploring Essential System Directories"
"gemma2-9b","linux_file_system","2","3","317","Navigating Essential System Directories"
"gemma2-9b","linux_file_system","2","4","317","Exploring Essential System Directories"
"gemma2-9b","linux_file_system","2","5","317","Navigating Essential System Directories"
"gemma2-9b","linux_file_system","2","6","317","Navigating Essential System Directories"
"gemma2-9b","linux_file_system","2","7","317","Exploring Essential System Directories"
"gemma2-9b","linux_file_system","2","8","317","Exploring Essential System Directories"
"gemma2-9b","linux_file_system","2","9","317","Exploring Crucial System Directories"
"gemma2-9b","linux_file_system","2","10","317","Navigating Essential System Directories"
"gemma2-9b","linux_file_system","3","1","410","G the Secrets of Linux Directories** (Intriguing and hints at depth)"
"gemma2-9b","linux_file_system","3","2","410","X File System Essentials:** A Beginner's Guide"
"gemma2-9b","linux_file_system","3","3","410","Linux Directory Structure** (Intriguing & slightly mysterious)"
"gemma2-9b","linux_file_system","3","4","410","This emphasizes learning the function of each directory"
"gemma2-9b","linux_file_system","3","5","410","**Mastering Linux Filesystems: A Beginner's Guide**"
"gemma2-9b","linux_file_system","3","6","410","Tories Decoded: A Guide to Essential Locations** (more intriguing and detailed)"
"gemma2-9b","linux_file_system","3","7","410","Of /:** A Guide to Linux Directories (Intriguing & Informative)"
"gemma2-9b","linux_file_system","3","8","410","S of Linux**"
"gemma2-9b","linux_file_system","3","9","410","The Essential Guide to Linux File Structure**"
"gemma2-9b","linux_file_system","3","10","410","Intriguing & Direct)"
"qwen2-7b","linux_file_system","1","1","0","Decoding Linux's Top-Level Directories: From Root to Recovery"
"qwen2-7b","linux_file_system","1","2","0","Decoding Linux File System Structure: From Root to User"
"qwen2-7b","linux_file_system","1","3","0","Decoding Linux File System: From Root to User"
"qwen2-7b","linux_file_system","1","4","0","Decoding Linux File Structure: From Root to User Directories"
"qwen2-7b","linux_file_system","1","5","0","Decoding Linux's File System Structure: From Root to User"
"qwen2-7b","linux_file_system","1","6","0","Decoding Linux File Structure: From Root to User"
"qwen2-7b","linux_file_system","1","7","0","Decoding Linux's File System Hierarchy: From Root to User"
"qwen2-7b","linux_file_system","1","8","0","Decoding Linux's Top-Level Directories: From Root to Recovery"
"qwen2-7b","linux_file_system","1","9","0","Decoding Linux's Top-Level Directories: From Root to Recovery"
"qwen2-7b","linux_file_system","1","10","0","Decoding Linux File Structure: From Root to User Directories"
"qwen2-7b","linux_file_system","2","1","317","Mastering Essential System Directories: Boot, Dev, & Beyond"
"qwen2-7b","linux_file_system","2","2","317","Mastering Essential System Directories: Boot, Dev, and Beyond"
"qwen2-7b","linux_file_system","2","3","317","Mastering Essential System Directories: Boot, Dev, and Beyond"
"qwen2-7b","linux_file_system","2","4","317","Navigating Essential System Directories: Boot, Dev, and Beyond"
"qwen2-7b","linux_file_system","2","5","317","Navigating Essential System Directories: Boot, Dev, and Beyond"
"qwen2-7b","linux_file_system","2","6","317","Mastering Essential System Directories: Boot, Dev, & Beyond"
"qwen2-7b","linux_file_system","2","7","317","Navigating Essential System Directories: Boot, Dev, and Beyond"
"qwen2-7b","linux_file_system","2","8","317","Mastering Essential System Directories: Boot, Dev, & Beyond"
"qwen2-7b","linux_file_system","2","9","317","Navigating Essential System Directories: Boot, Dev, & Beyond"
"qwen2-7b","linux_file_system","2","10","317","Navigating Essential System Directories: Boot, Dev, & Beyond"
"qwen2-7b","linux_file_system","3","1","410","Mastering Linux File System Structure: A Comprehensive Guide"
"qwen2-7b","linux_file_system","3","2","410","Mastering Linux File System Structure: A Comprehensive Guide"
"qwen2-7b","linux_file_system","3","3","410","Mastering Linux File System Structure: A Comprehensive Guide"
"qwen2-7b","linux_file_system","3","4","410","Mastering Linux File System Structure: A Comprehensive Guide"
"qwen2-7b","linux_file_system","3","5","410","Mastering Linux File System Structure: A Comprehensive Guide"
"qwen2-7b","linux_file_system","3","6","410","Mastering Linux File System Structure: A Comprehensive Guide"
"qwen2-7b","linux_file_system","3","7","410","Mastering Linux File System Structure: A Comprehensive Guide"
"qwen2-7b","linux_file_system","3","8","410","Mastering Linux File System Structure: A Comprehensive Guide"
"qwen2-7b","linux_file_system","3","9","410","Linux File System Structure: A Comprehensive Guide"
"qwen2-7b","linux_file_system","3","10","410","Linux File System Structure: A Comprehensive Guide"
