"model","video","segment","title_number","start","generated_title"
"mistral-7b-v0.3","rl_math_details","1","1","354","Deriving Bias Term Using Chain Rule in Cross Entropy Loss"
"mistral-7b-v0.3","rl_math_details","1","2","354","Deriving Cross Entropy Gradient for Bias Using Chain Rule"
"mistral-7b-v0.3","rl_math_details","1","3","354","Solving Derivative of Cross Entropy for Bias in Visiting Squash Neural Network"
"mistral-7b-v0.3","rl_math_details","1","4","354","Deriving Bias Term Using Chain Rule in Cross Entropy Loss"
"mistral-7b-v0.3","rl_math_details","1","5","354","Deriving Cross Entropy Gradient for Bias Using Chain Rule"
"mistral-7b-v0.3","rl_math_details","1","6","354","Deriving Bias Term in Cross Entropy Loss for Visiting Squash Neural Network"
"mistral-7b-v0.3","rl_math_details","1","7","354","Deriving Bias Term Using Chain Rule in Cross Entropy Loss"
"mistral-7b-v0.3","rl_math_details","1","8","354","Solving Cross Entropy Derivative for Bias Using Chain Rule"
"mistral-7b-v0.3","rl_math_details","1","9","354","Deriving Bias Term Using Chain Rule in Cross Entropy Loss"
"mistral-7b-v0.3","rl_math_details","1","10","354","Deriving Bias Term Using Chain Rule in Cross Entropy Loss"
"mistral-7b-v0.3","rl_math_details","2","1","415","And the output from the sigmoid activation function depends on its input, the x-axis coordinate x. And x comes from multiplying the input value, hunger, by the weight, and then adding the bias. Now, to solve for this derivative, we have to use the chain rule. Because p norm, the thing we want to take the derivative with respect to, is inside the log function. So, to apply the chain rule, we create a new variable called stuff, and let stuff equal the stuff inside the log function, one minus p norm. And that means we are solving for the derivative of the negative log of stuff with respect to p norm. The chain rule tells us that the derivative of the negative log of stuff with respect to p norm is the derivative of the negative log of stuff with respect to stuff times the derivative of stuff with respect to P norm. Now, because the derivative of the log of x with respect to x is 1 divided by x, the derivative of the negative log of stuff with respect to stuff is negative 1 divided by stuff. The next term, the derivative of stuff with respect to P norm is negative 1. So we multiply the first term by negative 1. Multiplying negative 1 by negative 1 gives us 1 divided by stuff. Lastly, we plug in 1 minus P norm for stuff And that means the derivative of the cross entropy for visiting squash with respect to the output from the neural network, P-norm, is equal to 1 divided by 1 minus P-norm. So we plug that into the equation. Bam. Now we need to figure out the derivative of P-norm with respect to x, the x-axis coordinate that is used as input to the sigmoid activation function. So, the first thing we do is plug in the equation for the sigmoid activation function. Then we rewrite the fraction as the denominator to the negative one power. Now, because x, the thing we want to take the derivative with respect to is inside parentheses, we can use the chain rule to solve for the derivative. So, just like before, we define stuff to be the stuff inside the parentheses. Then we rewrite the equation with stuff. The chain rule then converts this relatively hard to solve derivative into the product of these two easier to solve derivatives. For the first term, we use the power rule to get negative 1 times stuff raised to the negative 2 power. and the derivative of the second term is negative e raised to the negative x power. Now we just multiply both terms together and plug in one plus e raised to the negative x power for stuff. Now, technically, this is the derivative of the output of the sigmoid activation function, p-norm, with respect to its input, x. However, you never see it like that. Ever. Instead, we split the square in the denominator into two terms multiplied together. Then we put plus one and minus one, which add up to zero, in the numerator of the second term. We then rewrite the second term as the difference of two fractions. Lastly, the first term is the same as the equation for the sigmoid activation function. So we swap the fraction with the function. And the first part of the second term is equal to one. And the second part is the same as the sigmoid activation function. And this is the derivative of the sigmoid activation function that you'll see pretty much everywhere. So we plug that into the equation. Now we need to figure out the derivative of x, the input to the sigmoid activation function with respect to the bias. So the first thing we do is plug in the equation for x. And the derivative with respect to the bias is 1. So we plug that into the equation. Lastly, because p-norm is the output from the sigmoid activation function, we can replace sigmoid x in the derivative with p-norm. Hooray, we finally calculated the derivative of the cross entropy for visiting squash with respect to the bias. Bam! Now let's calculate the value of the derivative. So we plug in P-norm, the output from the neural network is 0.5. And when we do the math, we get 0.5. And thus, the slope of the tangent line for the current bias value is 0.5. Note, if we plugged this derivative directly into gradient descent, it would shift the value of the bias to the left. However, if you remember, this derivative was based on the guess that going to squatches for fries was a good idea. And our guess might not be correct. And if our guess is not correct, then instead of shifting the value for the bias to the left, we actually need to shift the value for the bias to the right. In other words, depending on whether our guess is correct or not, we either need to shift the value for the bias to the left or the right. The good news is that all we need to do to determine how to update the bias is order some fries from squash. In this example, when we order some fries, we get this relatively small serving. However, this is okay because our hunger level is 0.0, meaning we're not hungry at all. So, it was actually a good thing that squash ate some of our fries. In other words, getting a small order of fries when we are not hungry means we made the correct guess. And since we made the correct guess, we set the reward to 1.0. In contrast, if squash had given us a large order of fries, then we wouldn't be hungry enough to eat all of the fries, and that means we made the wrong guess. So, in that case, we would set the reward to negative one. Note, we can use different values for the reward, and we talked about that in the stat quest, reinforcement learning with neural networks, essential concepts. Anyway, going back to when we made the correct guess, and the reward was 1.0, Now we multiply the derivative by the reward. To get an updated derivative that will point us in the correct direction. In this example, we were not hungry and Squatch gave us a small order of fries, so we made the correct guess and the reward equals 1.0. And multiplying the derivative 0.5 by the reward 1.0 means the updated derivative is the same as the original derivative. and the updated derivative tells us to do the same thing as before and shift the value for the bias to the left. In other words, when we make the correct guess to begin with, then the derivative that is based on that guess points us in the correct direction. Note, if we guessed wrong and Squatch gave us a ton of fries even though we were not hungry, Then multiplying the derivative by a negative reward makes it so that the updated derivative, negative 0.5, points in the opposite direction of the original derivative. And instead of shifting the value for the bias to the left, we will shift it to the right. In other words, when we make an incorrect guess to begin with, then the derivative that is based on that guess points us in the wrong direction, and multiplying it by a negative reward corrects that error. Now, going back to the original correct guess, we then plug the updated derivative into gradient descent to calculate the step size. Now, in this example, the learning rate is set to 1.0. So the equation ends up being 1.0 times the updated derivative 0.5. And so the step size is equal to 0.5. Then we calculate the new value for the bias by subtracting the step size 0.5 from the old bias value 0.0. To get the new bias value, negative 0.5. Now we plug the new bias term into our neural network. Now that we have updated the neural network, we have to get some more fries so we can keep training the bias. So we plug in our hunger level, 0.0. And when we do the math, the probability that we will go to norms is now 0.4. That means that the probability we go to squaches, 1 minus p norm, has increased to 0.6. and the probability that we go to norms has decreased to 0.4. Remember, the last time our hunger was 0.0, we went to squaches. And we got what we wanted. So it makes sense that, given the same hunger as before, we now have a higher probability of going to squaches. Now we pick a random number between 0 and 1, and we get 0.9. And because 0.9 is in the region that represents norm's fry hut, that's where we'll go. Now we make the guess that going to norms when we are not hungry is the best thing to do. And if going to norms is the right thing to do, then ideally, the probability of visiting norms should be 1.0. And that means we can quantify the difference between the output and our guess with cross entropy. Thus, the first part of updating the bias is to calculate the derivative of the cross entropy with respect to the bias. Note, before we get started, I want to be clear that we are calculating the cross entropy for going to Norm's fry hut. So, to help us remember what we are doing, we write down the name of the restaurant above the derivative symbol. So here goes nothing. First, we start off with the equation we derived earlier for the cross-entropy for visiting Norm' s fry Hut. Next, we substitute the output for the neural Network, P norm, for sigmoids x. Then, we simplify the equation using algebraic manipulation. After that, we find the derivative using the chain Rule. Finally, we evaluate the derivative"
"mistral-7b-v0.3","rl_math_details","2","2","415","And the output from the sigmoid activation function depends on its input, the x-axis coordinate x. And x comes from multiplying the input value, hunger, by the weight, and then adding the bias. Now, to solve for this derivative, we have to use the chain rule. Because p norm, the thing we want to take the derivative with respect to, is inside the log function. So, to apply the chain rule, we create a new variable called stuff, and let stuff equal the stuff inside the log function, one minus p norm. And that means we are solving for the derivative of the negative log of stuff with respect to p norm. The chain rule tells us that the derivative of the negative log of stuff with respect to p norm is the derivative of the negative log of stuff with respect to stuff times the derivative of stuff with respect to P norm. Now, because the derivative of the log of x with respect to x is 1 divided by x, the derivative of the negative log of stuff with respect to stuff is negative 1 divided by stuff. The next term, the derivative of stuff with respect to P norm is negative 1. So we multiply the first term by negative 1. Multiplying negative 1 by negative 1 gives us 1 divided by stuff. Lastly, we plug in 1 minus P norm for stuff And that means the derivative of the cross entropy for visiting squash with respect to the output from the neural network, P-norm, is equal to 1 divided by 1 minus P-norm. So we plug that into the equation. Bam. Now we need to figure out the derivative of P-norm with respect to x, the x-axis coordinate that is used as input to the sigmoid activation function. So, the first thing we do is plug in the equation for the sigmoid activation function. Then we rewrite the fraction as the denominator to the negative one power. Now, because x, the thing we want to take the derivative with respect to is inside parentheses, we can use the chain rule to solve for the derivative. So, just like before, we define stuff to be the stuff inside the parentheses. Then we rewrite the equation with stuff. The chain rule then converts this relatively hard to solve derivative into the product of these two easier to solve derivatives. For the first term, we use the power rule to get negative 1 times stuff raised to the negative 2 power. and the derivative of the second term is negative e raised to the negative x power. Now we just multiply both terms together and plug in one plus e raised to the negative x power for stuff. Now, technically, this is the derivative of the output of the sigmoid activation function, p-norm, with respect to its input, x. However, you never see it like that. Ever. Instead, we split the square in the denominator into two terms multiplied together. Then we put plus one and minus one, which add up to zero, in the numerator of the second term. We then rewrite the second term as the difference of two fractions. Lastly, the first term is the same as the equation for the sigmoid activation function. So we swap the fraction with the function. And the first part of the second term is equal to one. And the second part is the same as the sigmoid activation function. And this is the derivative of the sigmoid activation function that you'll see pretty much everywhere. So we plug that into the equation. Now we need to figure out the derivative of x, the input to the sigmoid activation function with respect to the bias. So the first thing we do is plug in the equation for x. And the derivative with respect to the bias is 1. So we plug that into the equation. Lastly, because p-norm is the output from the sigmoid activation function, we can replace sigmoid x in the derivative with p-norm. Hooray, we finally calculated the derivative of the cross entropy for visiting squash with respect to the bias. Bam! Now let's calculate the value of the derivative. So we plug in P-norm, the output from the neural network is 0.5. And when we do the math, we get 0.5. And thus, the slope of the tangent line for the current bias value is 0.5. Note, if we plugged this derivative directly into gradient descent, it would shift the value of the bias to the left. However, if you remember, this derivative was based on the guess that going to squatches for fries was a good idea. And our guess might not be correct. And if our guess is not correct, then instead of shifting the value for the bias to the left, we actually need to shift the value for the bias to the right. In other words, depending on whether our guess is correct or not, we either need to shift the value for the bias to the left or the right. The good news is that all we need to do to determine how to update the bias is order some fries from squash. In this example, when we order some fries, we get this relatively small serving. However, this is okay because our hunger level is 0.0, meaning we're not hungry at all. So, it was actually a good thing that squash ate some of our fries. In other words, getting a small order of fries when we are not hungry means we made the correct guess. And since we made the correct guess, we set the reward to 1.0. In contrast, if squash had given us a large order of fries, then we wouldn't be hungry enough to eat all of the fries, and that means we made the wrong guess. So, in that case, we would set the reward to negative one. Note, we can use different values for the reward, and we talked about that in the stat quest, reinforcement learning with neural networks, essential concepts. Anyway, going back to when we made the correct guess, and the reward was 1.0, Now we multiply the derivative by the reward. To get an updated derivative that will point us in the correct direction. In this example, we were not hungry and Squatch gave us a small order of fries, so we made the correct guess and the reward equals 1.0. And multiplying the derivative 0.5 by the reward 1.0 means the updated derivative is the same as the original derivative. and the updated derivative tells us to do the same thing as before and shift the value for the bias to the left. In other words, when we make the correct guess to begin with, then the derivative that is based on that guess points us in the correct direction. Note, if we guessed wrong and Squatch gave us a ton of fries even though we were not hungry, Then multiplying the derivative by a negative reward makes it so that the updated derivative, negative 0.5, points in the opposite direction of the original derivative. And instead of shifting the value for the bias to the left, we will shift it to the right. In other words, when we make an incorrect guess to begin with, then the derivative that is based on that guess points us in the wrong direction, and multiplying it by a negative reward corrects that error. Now, going back to the original correct guess, we then plug the updated derivative into gradient descent to calculate the step size. Now, in this example, the learning rate is set to 1.0. So the equation ends up being 1.0 times the updated derivative 0.5. And so the step size is equal to 0.5. Then we calculate the new value for the bias by subtracting the step size 0.5 from the old bias value 0.0. To get the new bias value, negative 0.5. Now we plug the new bias term into our neural network. Now that we have updated the neural network, we have to get some more fries so we can keep training the bias. So we plug in our hunger level, 0.0. And when we do the math, the probability that we will go to norms is now 0.4. That means that the probability we go to squaches, 1 minus p norm, has increased to 0.6. and the probability that we go to norms has decreased to 0.4. Remember, the last time our hunger was 0.0, we went to squaches. And we got what we wanted. So it makes sense that, given the same hunger as before, we now have a higher probability of going to squaches. Now we pick a random number between 0 and 1, and we get 0.9. And because 0.9 is in the region that represents norm's fry hut, that's where we'll go. Now we make the guess that going to norms when we are not hungry is the best thing to do. And if going to norms is the right thing to do, then ideally, the probability of visiting norms should be 1.0. And that means we can quantify the difference between the output and our guess with cross entropy. Thus, the first part of updating the bias is to calculate the derivative of the cross entropy with respect to the bias. Note, before we get started, I want to be clear that we are calculating the cross entropy for going to Norm's fry hut. So, to help us remember what we are doing, we've written ""Norm"" on top of the equation instead of ""Squash"". Also, I've changed the name of the neural net to ""Norm Net"" to remind us that we'd like to predict the probability p-Norm of going Norm' s fry Hut. Okay, now let' s get started. The first thing to notice is that the cross-entropy for going Norm s fries is the negative sum of the rewards times"
"mistral-7b-v0.3","rl_math_details","2","3","415","And the output from the sigmoid activation function depends on its input, the x-axis coordinate x. And x comes from multiplying the input value, hunger, by the weight, and then adding the bias. Now, to solve for this derivative, we have to use the chain rule. Because p norm, the thing we want to take the derivative with respect to, is inside the log function. So, to apply the chain rule, we create a new variable called stuff, and let stuff equal the stuff inside the log function, one minus p norm. And that means we are solving for the derivative of the negative log of stuff with respect to p norm. The chain rule tells us that the derivative of the negative log of stuff with respect to p norm is the derivative of the negative log of stuff with respect to stuff times the derivative of stuff with respect to P norm. Now, because the derivative of the log of x with respect to x is 1 divided by x, the derivative of the negative log of stuff with respect to stuff is negative 1 divided by stuff. The next term, the derivative of stuff with respect to P norm is negative 1. So we multiply the first term by negative 1. Multiplying negative 1 by negative 1 gives us 1 divided by stuff. Lastly, we plug in 1 minus P norm for stuff And that means the derivative of the cross entropy for visiting squash with respect to the output from the neural network, P-norm, is equal to 1 divided by 1 minus P-norm. So we plug that into the equation. Bam. Now we need to figure out the derivative of P-norm with respect to x, the x-axis coordinate that is used as input to the sigmoid activation function. So, the first thing we do is plug in the equation for the sigmoid activation function. Then we rewrite the fraction as the denominator to the negative one power. Now, because x, the thing we want to take the derivative with respect to is inside parentheses, we can use the chain rule to solve for the derivative. So, just like before, we define stuff to be the stuff inside the parentheses. Then we rewrite the equation with stuff. The chain rule then converts this relatively hard to solve derivative into the product of these two easier to solve derivatives. For the first term, we use the power rule to get negative 1 times stuff raised to the negative 2 power. and the derivative of the second term is negative e raised to the negative x power. Now we just multiply both terms together and plug in one plus e raised to the negative x power for stuff. Now, technically, this is the derivative of the output of the sigmoid activation function, p-norm, with respect to its input, x. However, you never see it like that. Ever. Instead, we split the square in the denominator into two terms multiplied together. Then we put plus one and minus one, which add up to zero, in the numerator of the second term. We then rewrite the second term as the difference of two fractions. Lastly, the first term is the same as the equation for the sigmoid activation function. So we swap the fraction with the function. And the first part of the second term is equal to one. And the second part is the same as the sigmoid activation function. And this is the derivative of the sigmoid activation function that you'll see pretty much everywhere. So we plug that into the equation. Now we need to figure out the derivative of x, the input to the sigmoid activation function with respect to the bias. So the first thing we do is plug in the equation for x. And the derivative with respect to the bias is 1. So we plug that into the equation. Lastly, because p-norm is the output from the sigmoid activation function, we can replace sigmoid x in the derivative with p-norm. Hooray, we finally calculated the derivative of the cross entropy for visiting squash with respect to the bias. Bam! Now let's calculate the value of the derivative. So we plug in P-norm, the output from the neural network is 0.5. And when we do the math, we get 0.5. And thus, the slope of the tangent line for the current bias value is 0.5. Note, if we plugged this derivative directly into gradient descent, it would shift the value of the bias to the left. However, if you remember, this derivative was based on the guess that going to squatches for fries was a good idea. And our guess might not be correct. And if our guess is not correct, then instead of shifting the value for the bias to the left, we actually need to shift the value for the bias to the right. In other words, depending on whether our guess is correct or not, we either need to shift the value for the bias to the left or the right. The good news is that all we need to do to determine how to update the bias is order some fries from squash. In this example, when we order some fries, we get this relatively small serving. However, this is okay because our hunger level is 0.0, meaning we're not hungry at all. So, it was actually a good thing that squash ate some of our fries. In other words, getting a small order of fries when we are not hungry means we made the correct guess. And since we made the correct guess, we set the reward to 1.0. In contrast, if squash had given us a large order of fries, then we wouldn't be hungry enough to eat all of the fries, and that means we made the wrong guess. So, in that case, we would set the reward to negative one. Note, we can use different values for the reward, and we talked about that in the stat quest, reinforcement learning with neural networks, essential concepts. Anyway, going back to when we made the correct guess, and the reward was 1.0, Now we multiply the derivative by the reward. To get an updated derivative that will point us in the correct direction. In this example, we were not hungry and Squatch gave us a small order of fries, so we made the correct guess and the reward equals 1.0. And multiplying the derivative 0.5 by the reward 1.0 means the updated derivative is the same as the original derivative. and the updated derivative tells us to do the same thing as before and shift the value for the bias to the left. In other words, when we make the correct guess to begin with, then the derivative that is based on that guess points us in the correct direction. Note, if we guessed wrong and Squatch gave us a ton of fries even though we were not hungry, Then multiplying the derivative by a negative reward makes it so that the updated derivative, negative 0.5, points in the opposite direction of the original derivative. And instead of shifting the value for the bias to the left, we will shift it to the right. In other words, when we make an incorrect guess to begin with, then the derivative that is based on that guess points us in the wrong direction, and multiplying it by a negative reward corrects that error. Now, going back to the original correct guess, we then plug the updated derivative into gradient descent to calculate the step size. Now, in this example, the learning rate is set to 1.0. So the equation ends up being 1.0 times the updated derivative 0.5. And so the step size is equal to 0.5. Then we calculate the new value for the bias by subtracting the step size 0.5 from the old bias value 0.0. To get the new bias value, negative 0.5. Now we plug the new bias term into our neural network. Now that we have updated the neural network, we have to get some more fries so we can keep training the bias. So we plug in our hunger level, 0.0. And when we do the math, the probability that we will go to norms is now 0.4. That means that the probability we go to squaches, 1 minus p norm, has increased to 0.6. and the probability that we go to norms has decreased to 0.4. Remember, the last time our hunger was 0.0, we went to squaches. And we got what we wanted. So it makes sense that, given the same hunger as before, we now have a higher probability of going to squaches. Now we pick a random number between 0 and 1, and we get 0.9. And because 0.9 is in the region that represents norm's fry hut, that's where we'll go. Now we make the guess that going to norms when we are not hungry is the best thing to do. And if going to norms is the right thing to do, then ideally, the probability of visiting norms should be 1.0. And that means we can quantify the difference between the output and our guess with cross entropy. Thus, the first part of updating the bias is to calculate the derivative of the cross entropy with respect to the bias. Note, before we get started, I want to be clear that we are calculating the cross entropy for going to Norm's fry hut. So, to help us remember what we are doing, we've written the word ""Norm"" in big letters. And to help you understand why we are using the cross-entropy loss function, I've also added a picture of a delicious looking plate of french fries to the slide. So let' s start by defining our variables. First, we need a variable to represent the output, p norm from the neuron. Next, we also need a guess, which is the probability, p guess, that"
"mistral-7b-v0.3","rl_math_details","2","4","415","And the output from the sigmoid activation function depends on its input, the x-axis coordinate x. And x comes from multiplying the input value, hunger, by the weight, and then adding the bias. Now, to solve for this derivative, we have to use the chain rule. Because p norm, the thing we want to take the derivative with respect to, is inside the log function. So, to apply the chain rule, we create a new variable called stuff, and let stuff equal the stuff inside the log function, one minus p norm. And that means we are solving for the derivative of the negative log of stuff with respect to p norm. The chain rule tells us that the derivative of the negative log of stuff with respect to p norm is the derivative of the negative log of stuff with respect to stuff times the derivative of stuff with respect to P norm. Now, because the derivative of the log of x with respect to x is 1 divided by x, the derivative of the negative log of stuff with respect to stuff is negative 1 divided by stuff. The next term, the derivative of stuff with respect to P norm is negative 1. So we multiply the first term by negative 1. Multiplying negative 1 by negative 1 gives us 1 divided by stuff. Lastly, we plug in 1 minus P norm for stuff And that means the derivative of the cross entropy for visiting squash with respect to the output from the neural network, P-norm, is equal to 1 divided by 1 minus P-norm. So we plug that into the equation. Bam. Now we need to figure out the derivative of P-norm with respect to x, the x-axis coordinate that is used as input to the sigmoid activation function. So, the first thing we do is plug in the equation for the sigmoid activation function. Then we rewrite the fraction as the denominator to the negative one power. Now, because x, the thing we want to take the derivative with respect to is inside parentheses, we can use the chain rule to solve for the derivative. So, just like before, we define stuff to be the stuff inside the parentheses. Then we rewrite the equation with stuff. The chain rule then converts this relatively hard to solve derivative into the product of these two easier to solve derivatives. For the first term, we use the power rule to get negative 1 times stuff raised to the negative 2 power. and the derivative of the second term is negative e raised to the negative x power. Now we just multiply both terms together and plug in one plus e raised to the negative x power for stuff. Now, technically, this is the derivative of the output of the sigmoid activation function, p-norm, with respect to its input, x. However, you never see it like that. Ever. Instead, we split the square in the denominator into two terms multiplied together. Then we put plus one and minus one, which add up to zero, in the numerator of the second term. We then rewrite the second term as the difference of two fractions. Lastly, the first term is the same as the equation for the sigmoid activation function. So we swap the fraction with the function. And the first part of the second term is equal to one. And the second part is the same as the sigmoid activation function. And this is the derivative of the sigmoid activation function that you'll see pretty much everywhere. So we plug that into the equation. Now we need to figure out the derivative of x, the input to the sigmoid activation function with respect to the bias. So the first thing we do is plug in the equation for x. And the derivative with respect to the bias is 1. So we plug that into the equation. Lastly, because p-norm is the output from the sigmoid activation function, we can replace sigmoid x in the derivative with p-norm. Hooray, we finally calculated the derivative of the cross entropy for visiting squash with respect to the bias. Bam! Now let's calculate the value of the derivative. So we plug in P-norm, the output from the neural network is 0.5. And when we do the math, we get 0.5. And thus, the slope of the tangent line for the current bias value is 0.5. Note, if we plugged this derivative directly into gradient descent, it would shift the value of the bias to the left. However, if you remember, this derivative was based on the guess that going to squatches for fries was a good idea. And our guess might not be correct. And if our guess is not correct, then instead of shifting the value for the bias to the left, we actually need to shift the value for the bias to the right. In other words, depending on whether our guess is correct or not, we either need to shift the value for the bias to the left or the right. The good news is that all we need to do to determine how to update the bias is order some fries from squash. In this example, when we order some fries, we get this relatively small serving. However, this is okay because our hunger level is 0.0, meaning we're not hungry at all. So, it was actually a good thing that squash ate some of our fries. In other words, getting a small order of fries when we are not hungry means we made the correct guess. And since we made the correct guess, we set the reward to 1.0. In contrast, if squash had given us a large order of fries, then we wouldn't be hungry enough to eat all of the fries, and that means we made the wrong guess. So, in that case, we would set the reward to negative one. Note, we can use different values for the reward, and we talked about that in the stat quest, reinforcement learning with neural networks, essential concepts. Anyway, going back to when we made the correct guess, and the reward was 1.0, Now we multiply the derivative by the reward. To get an updated derivative that will point us in the correct direction. In this example, we were not hungry and Squatch gave us a small order of fries, so we made the correct guess and the reward equals 1.0. And multiplying the derivative 0.5 by the reward 1.0 means the updated derivative is the same as the original derivative. and the updated derivative tells us to do the same thing as before and shift the value for the bias to the left. In other words, when we make the correct guess to begin with, then the derivative that is based on that guess points us in the correct direction. Note, if we guessed wrong and Squatch gave us a ton of fries even though we were not hungry, Then multiplying the derivative by a negative reward makes it so that the updated derivative, negative 0.5, points in the opposite direction of the original derivative. And instead of shifting the value for the bias to the left, we will shift it to the right. In other words, when we make an incorrect guess to begin with, then the derivative that is based on that guess points us in the wrong direction, and multiplying it by a negative reward corrects that error. Now, going back to the original correct guess, we then plug the updated derivative into gradient descent to calculate the step size. Now, in this example, the learning rate is set to 1.0. So the equation ends up being 1.0 times the updated derivative 0.5. And so the step size is equal to 0.5. Then we calculate the new value for the bias by subtracting the step size 0.5 from the old bias value 0.0. To get the new bias value, negative 0.5. Now we plug the new bias term into our neural network. Now that we have updated the neural network, we have to get some more fries so we can keep training the bias. So we plug in our hunger level, 0.0. And when we do the math, the probability that we will go to norms is now 0.4. That means that the probability we go to squaches, 1 minus p norm, has increased to 0.6. and the probability that we go to norms has decreased to 0.4. Remember, the last time our hunger was 0.0, we went to squaches. And we got what we wanted. So it makes sense that, given the same hunger as before, we now have a higher probability of going to squaches. Now we pick a random number between 0 and 1, and we get 0.9. And because 0.9 is in the region that represents norm's fry hut, that's where we'll go. Now we make the guess that going to norms when we are not hungry is the best thing to do. And if going to norms is the right thing to do, then ideally, the probability of visiting norms should be 1.0. And that means we can quantify the difference between the output and our guess with cross entropy. Thus, the first part of updating the bias is to calculate the derivative of the cross entropy with respect to the bias. Note, before we get started, I want to be clear that we are calculating the cross entropy for going to Norm's fry hut. So, to help us remember what we are doing, I am going to write the word NORM above the equations. And I am also going to highlight the parts of the equations that correspond to Norms. So here's the equation again. The cross entropy is defined as the negative sum over all examples of the rewards times the logarithm of the outputs. And each reward is either 1 or -1 depending on the outcome of the guess. Now let me walk through the steps of calculating this derivative. First"
"mistral-7b-v0.3","rl_math_details","2","5","415","And the output from the sigmoid activation function depends on its input, the x-axis coordinate x. And x comes from multiplying the input value, hunger, by the weight, and then adding the bias. Now, to solve for this derivative, we have to use the chain rule. Because p norm, the thing we want to take the derivative with respect to, is inside the log function. So, to apply the chain rule, we create a new variable called stuff, and let stuff equal the stuff inside the log function, one minus p norm. And that means we are solving for the derivative of the negative log of stuff with respect to p norm. The chain rule tells us that the derivative of the negative log of stuff with respect to p norm is the derivative of the negative log of stuff with respect to stuff times the derivative of stuff with respect to P norm. Now, because the derivative of the log of x with respect to x is 1 divided by x, the derivative of the negative log of stuff with respect to stuff is negative 1 divided by stuff. The next term, the derivative of stuff with respect to P norm is negative 1. So we multiply the first term by negative 1. Multiplying negative 1 by negative 1 gives us 1 divided by stuff. Lastly, we plug in 1 minus P norm for stuff And that means the derivative of the cross entropy for visiting squash with respect to the output from the neural network, P-norm, is equal to 1 divided by 1 minus P-norm. So we plug that into the equation. Bam. Now we need to figure out the derivative of P-norm with respect to x, the x-axis coordinate that is used as input to the sigmoid activation function. So, the first thing we do is plug in the equation for the sigmoid activation function. Then we rewrite the fraction as the denominator to the negative one power. Now, because x, the thing we want to take the derivative with respect to is inside parentheses, we can use the chain rule to solve for the derivative. So, just like before, we define stuff to be the stuff inside the parentheses. Then we rewrite the equation with stuff. The chain rule then converts this relatively hard to solve derivative into the product of these two easier to solve derivatives. For the first term, we use the power rule to get negative 1 times stuff raised to the negative 2 power. and the derivative of the second term is negative e raised to the negative x power. Now we just multiply both terms together and plug in one plus e raised to the negative x power for stuff. Now, technically, this is the derivative of the output of the sigmoid activation function, p-norm, with respect to its input, x. However, you never see it like that. Ever. Instead, we split the square in the denominator into two terms multiplied together. Then we put plus one and minus one, which add up to zero, in the numerator of the second term. We then rewrite the second term as the difference of two fractions. Lastly, the first term is the same as the equation for the sigmoid activation function. So we swap the fraction with the function. And the first part of the second term is equal to one. And the second part is the same as the sigmoid activation function. And this is the derivative of the sigmoid activation function that you'll see pretty much everywhere. So we plug that into the equation. Now we need to figure out the derivative of x, the input to the sigmoid activation function with respect to the bias. So the first thing we do is plug in the equation for x. And the derivative with respect to the bias is 1. So we plug that into the equation. Lastly, because p-norm is the output from the sigmoid activation function, we can replace sigmoid x in the derivative with p-norm. Hooray, we finally calculated the derivative of the cross entropy for visiting squash with respect to the bias. Bam! Now let's calculate the value of the derivative. So we plug in P-norm, the output from the neural network is 0.5. And when we do the math, we get 0.5. And thus, the slope of the tangent line for the current bias value is 0.5. Note, if we plugged this derivative directly into gradient descent, it would shift the value of the bias to the left. However, if you remember, this derivative was based on the guess that going to squatches for fries was a good idea. And our guess might not be correct. And if our guess is not correct, then instead of shifting the value for the bias to the left, we actually need to shift the value for the bias to the right. In other words, depending on whether our guess is correct or not, we either need to shift the value for the bias to the left or the right. The good news is that all we need to do to determine how to update the bias is order some fries from squash. In this example, when we order some fries, we get this relatively small serving. However, this is okay because our hunger level is 0.0, meaning we're not hungry at all. So, it was actually a good thing that squash ate some of our fries. In other words, getting a small order of fries when we are not hungry means we made the correct guess. And since we made the correct guess, we set the reward to 1.0. In contrast, if squash had given us a large order of fries, then we wouldn't be hungry enough to eat all of the fries, and that means we made the wrong guess. So, in that case, we would set the reward to negative one. Note, we can use different values for the reward, and we talked about that in the stat quest, reinforcement learning with neural networks, essential concepts. Anyway, going back to when we made the correct guess, and the reward was 1.0, Now we multiply the derivative by the reward. To get an updated derivative that will point us in the correct direction. In this example, we were not hungry and Squatch gave us a small order of fries, so we made the correct guess and the reward equals 1.0. And multiplying the derivative 0.5 by the reward 1.0 means the updated derivative is the same as the original derivative. and the updated derivative tells us to do the same thing as before and shift the value for the bias to the left. In other words, when we make the correct guess to begin with, then the derivative that is based on that guess points us in the correct direction. Note, if we guessed wrong and Squatch gave us a ton of fries even though we were not hungry, Then multiplying the derivative by a negative reward makes it so that the updated derivative, negative 0.5, points in the opposite direction of the original derivative. And instead of shifting the value for the bias to the left, we will shift it to the right. In other words, when we make an incorrect guess to begin with, then the derivative that is based on that guess points us in the wrong direction, and multiplying it by a negative reward corrects that error. Now, going back to the original correct guess, we then plug the updated derivative into gradient descent to calculate the step size. Now, in this example, the learning rate is set to 1.0. So the equation ends up being 1.0 times the updated derivative 0.5. And so the step size is equal to 0.5. Then we calculate the new value for the bias by subtracting the step size 0.5 from the old bias value 0.0. To get the new bias value, negative 0.5. Now we plug the new bias term into our neural network. Now that we have updated the neural network, we have to get some more fries so we can keep training the bias. So we plug in our hunger level, 0.0. And when we do the math, the probability that we will go to norms is now 0.4. That means that the probability we go to squaches, 1 minus p norm, has increased to 0.6. and the probability that we go to norms has decreased to 0.4. Remember, the last time our hunger was 0.0, we went to squaches. And we got what we wanted. So it makes sense that, given the same hunger as before, we now have a higher probability of going to squaches. Now we pick a random number between 0 and 1, and we get 0.9. And because 0.9 is in the region that represents norm's fry hut, that's where we'll go. Now we make the guess that going to norms when we are not hungry is the best thing to do. And if going to norms is the right thing to do, then ideally, the probability of visiting norms should be 1.0. And that means we can quantify the difference between the output and our guess with cross entropy. Thus, the first part of updating the bias is to calculate the derivative of the cross entropy with respect to the bias. Note, before we get started, I want to be clear that we are calculating the cross entropy for going to Norm's fry hut. So, to help us remember what we are doing, we call this the cross-entropy for visiting norm' s fry shack. And, as usual, we start off by defining the cross entity function. This time, however, we don't have any data to work with. So instead, we make a guess. Specifically, we assume that going squashes for french fries is the optimal choice. And then we calculate cross entropy using that guess. This is similar to what we did in the previous"
"mistral-7b-v0.3","rl_math_details","2","6","415","And the output from the sigmoid activation function depends on its input, the x-axis coordinate x. And x comes from multiplying the input value, hunger, by the weight, and then adding the bias. Now, to solve for this derivative, we have to use the chain rule. Because p norm, the thing we want to take the derivative with respect to, is inside the log function. So, to apply the chain rule, we create a new variable called stuff, and let stuff equal the stuff inside the log function, one minus p norm. And that means we are solving for the derivative of the negative log of stuff with respect to p norm. The chain rule tells us that the derivative of the negative log of stuff with respect to p norm is the derivative of the negative log of stuff with respect to stuff times the derivative of stuff with respect to P norm. Now, because the derivative of the log of x with respect to x is 1 divided by x, the derivative of the negative log of stuff with respect to stuff is negative 1 divided by stuff. The next term, the derivative of stuff with respect to P norm is negative 1. So we multiply the first term by negative 1. Multiplying negative 1 by negative 1 gives us 1 divided by stuff. Lastly, we plug in 1 minus P norm for stuff And that means the derivative of the cross entropy for visiting squash with respect to the output from the neural network, P-norm, is equal to 1 divided by 1 minus P-norm. So we plug that into the equation. Bam. Now we need to figure out the derivative of P-norm with respect to x, the x-axis coordinate that is used as input to the sigmoid activation function. So, the first thing we do is plug in the equation for the sigmoid activation function. Then we rewrite the fraction as the denominator to the negative one power. Now, because x, the thing we want to take the derivative with respect to is inside parentheses, we can use the chain rule to solve for the derivative. So, just like before, we define stuff to be the stuff inside the parentheses. Then we rewrite the equation with stuff. The chain rule then converts this relatively hard to solve derivative into the product of these two easier to solve derivatives. For the first term, we use the power rule to get negative 1 times stuff raised to the negative 2 power. and the derivative of the second term is negative e raised to the negative x power. Now we just multiply both terms together and plug in one plus e raised to the negative x power for stuff. Now, technically, this is the derivative of the output of the sigmoid activation function, p-norm, with respect to its input, x. However, you never see it like that. Ever. Instead, we split the square in the denominator into two terms multiplied together. Then we put plus one and minus one, which add up to zero, in the numerator of the second term. We then rewrite the second term as the difference of two fractions. Lastly, the first term is the same as the equation for the sigmoid activation function. So we swap the fraction with the function. And the first part of the second term is equal to one. And the second part is the same as the sigmoid activation function. And this is the derivative of the sigmoid activation function that you'll see pretty much everywhere. So we plug that into the equation. Now we need to figure out the derivative of x, the input to the sigmoid activation function with respect to the bias. So the first thing we do is plug in the equation for x. And the derivative with respect to the bias is 1. So we plug that into the equation. Lastly, because p-norm is the output from the sigmoid activation function, we can replace sigmoid x in the derivative with p-norm. Hooray, we finally calculated the derivative of the cross entropy for visiting squash with respect to the bias. Bam! Now let's calculate the value of the derivative. So we plug in P-norm, the output from the neural network is 0.5. And when we do the math, we get 0.5. And thus, the slope of the tangent line for the current bias value is 0.5. Note, if we plugged this derivative directly into gradient descent, it would shift the value of the bias to the left. However, if you remember, this derivative was based on the guess that going to squatches for fries was a good idea. And our guess might not be correct. And if our guess is not correct, then instead of shifting the value for the bias to the left, we actually need to shift the value for the bias to the right. In other words, depending on whether our guess is correct or not, we either need to shift the value for the bias to the left or the right. The good news is that all we need to do to determine how to update the bias is order some fries from squash. In this example, when we order some fries, we get this relatively small serving. However, this is okay because our hunger level is 0.0, meaning we're not hungry at all. So, it was actually a good thing that squash ate some of our fries. In other words, getting a small order of fries when we are not hungry means we made the correct guess. And since we made the correct guess, we set the reward to 1.0. In contrast, if squash had given us a large order of fries, then we wouldn't be hungry enough to eat all of the fries, and that means we made the wrong guess. So, in that case, we would set the reward to negative one. Note, we can use different values for the reward, and we talked about that in the stat quest, reinforcement learning with neural networks, essential concepts. Anyway, going back to when we made the correct guess, and the reward was 1.0, Now we multiply the derivative by the reward. To get an updated derivative that will point us in the correct direction. In this example, we were not hungry and Squatch gave us a small order of fries, so we made the correct guess and the reward equals 1.0. And multiplying the derivative 0.5 by the reward 1.0 means the updated derivative is the same as the original derivative. and the updated derivative tells us to do the same thing as before and shift the value for the bias to the left. In other words, when we make the correct guess to begin with, then the derivative that is based on that guess points us in the correct direction. Note, if we guessed wrong and Squatch gave us a ton of fries even though we were not hungry, Then multiplying the derivative by a negative reward makes it so that the updated derivative, negative 0.5, points in the opposite direction of the original derivative. And instead of shifting the value for the bias to the left, we will shift it to the right. In other words, when we make an incorrect guess to begin with, then the derivative that is based on that guess points us in the wrong direction, and multiplying it by a negative reward corrects that error. Now, going back to the original correct guess, we then plug the updated derivative into gradient descent to calculate the step size. Now, in this example, the learning rate is set to 1.0. So the equation ends up being 1.0 times the updated derivative 0.5. And so the step size is equal to 0.5. Then we calculate the new value for the bias by subtracting the step size 0.5 from the old bias value 0.0. To get the new bias value, negative 0.5. Now we plug the new bias term into our neural network. Now that we have updated the neural network, we have to get some more fries so we can keep training the bias. So we plug in our hunger level, 0.0. And when we do the math, the probability that we will go to norms is now 0.4. That means that the probability we go to squaches, 1 minus p norm, has increased to 0.6. and the probability that we go to norms has decreased to 0.4. Remember, the last time our hunger was 0.0, we went to squaches. And we got what we wanted. So it makes sense that, given the same hunger as before, we now have a higher probability of going to squaches. Now we pick a random number between 0 and 1, and we get 0.9. And because 0.9 is in the region that represents norm's fry hut, that's where we'll go. Now we make the guess that going to norms when we are not hungry is the best thing to do. And if going to norms is the right thing to do, then ideally, the probability of visiting norms should be 1.0. And that means we can quantify the difference between the output and our guess with cross entropy. Thus, the first part of updating the bias is to calculate the derivative of the cross entropy with respect to the bias. Note, before we get started, I want to be clear that we are calculating the cross entropy for going to Norm's fry hut. So, to help us remember what we are doing, I'm going to write ""Norm"" above the cross-entropy symbol. Next, we need the derivative for the output with respect the bias, which we already calculated. And then we need a reward. So let' s assume that going there is a good choice, and so we' ll set the value to 3.0 for the sake of argument. Then, we multipy the derivative and the rewards to get the updated gradient. And finally, we sub"
"mistral-7b-v0.3","rl_math_details","2","7","415","And the output from the sigmoid activation function depends on its input, the x-axis coordinate x. And x comes from multiplying the input value, hunger, by the weight, and then adding the bias. Now, to solve for this derivative, we have to use the chain rule. Because p norm, the thing we want to take the derivative with respect to, is inside the log function. So, to apply the chain rule, we create a new variable called stuff, and let stuff equal the stuff inside the log function, one minus p norm. And that means we are solving for the derivative of the negative log of stuff with respect to p norm. The chain rule tells us that the derivative of the negative log of stuff with respect to p norm is the derivative of the negative log of stuff with respect to stuff times the derivative of stuff with respect to P norm. Now, because the derivative of the log of x with respect to x is 1 divided by x, the derivative of the negative log of stuff with respect to stuff is negative 1 divided by stuff. The next term, the derivative of stuff with respect to P norm is negative 1. So we multiply the first term by negative 1. Multiplying negative 1 by negative 1 gives us 1 divided by stuff. Lastly, we plug in 1 minus P norm for stuff And that means the derivative of the cross entropy for visiting squash with respect to the output from the neural network, P-norm, is equal to 1 divided by 1 minus P-norm. So we plug that into the equation. Bam. Now we need to figure out the derivative of P-norm with respect to x, the x-axis coordinate that is used as input to the sigmoid activation function. So, the first thing we do is plug in the equation for the sigmoid activation function. Then we rewrite the fraction as the denominator to the negative one power. Now, because x, the thing we want to take the derivative with respect to is inside parentheses, we can use the chain rule to solve for the derivative. So, just like before, we define stuff to be the stuff inside the parentheses. Then we rewrite the equation with stuff. The chain rule then converts this relatively hard to solve derivative into the product of these two easier to solve derivatives. For the first term, we use the power rule to get negative 1 times stuff raised to the negative 2 power. and the derivative of the second term is negative e raised to the negative x power. Now we just multiply both terms together and plug in one plus e raised to the negative x power for stuff. Now, technically, this is the derivative of the output of the sigmoid activation function, p-norm, with respect to its input, x. However, you never see it like that. Ever. Instead, we split the square in the denominator into two terms multiplied together. Then we put plus one and minus one, which add up to zero, in the numerator of the second term. We then rewrite the second term as the difference of two fractions. Lastly, the first term is the same as the equation for the sigmoid activation function. So we swap the fraction with the function. And the first part of the second term is equal to one. And the second part is the same as the sigmoid activation function. And this is the derivative of the sigmoid activation function that you'll see pretty much everywhere. So we plug that into the equation. Now we need to figure out the derivative of x, the input to the sigmoid activation function with respect to the bias. So the first thing we do is plug in the equation for x. And the derivative with respect to the bias is 1. So we plug that into the equation. Lastly, because p-norm is the output from the sigmoid activation function, we can replace sigmoid x in the derivative with p-norm. Hooray, we finally calculated the derivative of the cross entropy for visiting squash with respect to the bias. Bam! Now let's calculate the value of the derivative. So we plug in P-norm, the output from the neural network is 0.5. And when we do the math, we get 0.5. And thus, the slope of the tangent line for the current bias value is 0.5. Note, if we plugged this derivative directly into gradient descent, it would shift the value of the bias to the left. However, if you remember, this derivative was based on the guess that going to squatches for fries was a good idea. And our guess might not be correct. And if our guess is not correct, then instead of shifting the value for the bias to the left, we actually need to shift the value for the bias to the right. In other words, depending on whether our guess is correct or not, we either need to shift the value for the bias to the left or the right. The good news is that all we need to do to determine how to update the bias is order some fries from squash. In this example, when we order some fries, we get this relatively small serving. However, this is okay because our hunger level is 0.0, meaning we're not hungry at all. So, it was actually a good thing that squash ate some of our fries. In other words, getting a small order of fries when we are not hungry means we made the correct guess. And since we made the correct guess, we set the reward to 1.0. In contrast, if squash had given us a large order of fries, then we wouldn't be hungry enough to eat all of the fries, and that means we made the wrong guess. So, in that case, we would set the reward to negative one. Note, we can use different values for the reward, and we talked about that in the stat quest, reinforcement learning with neural networks, essential concepts. Anyway, going back to when we made the correct guess, and the reward was 1.0, Now we multiply the derivative by the reward. To get an updated derivative that will point us in the correct direction. In this example, we were not hungry and Squatch gave us a small order of fries, so we made the correct guess and the reward equals 1.0. And multiplying the derivative 0.5 by the reward 1.0 means the updated derivative is the same as the original derivative. and the updated derivative tells us to do the same thing as before and shift the value for the bias to the left. In other words, when we make the correct guess to begin with, then the derivative that is based on that guess points us in the correct direction. Note, if we guessed wrong and Squatch gave us a ton of fries even though we were not hungry, Then multiplying the derivative by a negative reward makes it so that the updated derivative, negative 0.5, points in the opposite direction of the original derivative. And instead of shifting the value for the bias to the left, we will shift it to the right. In other words, when we make an incorrect guess to begin with, then the derivative that is based on that guess points us in the wrong direction, and multiplying it by a negative reward corrects that error. Now, going back to the original correct guess, we then plug the updated derivative into gradient descent to calculate the step size. Now, in this example, the learning rate is set to 1.0. So the equation ends up being 1.0 times the updated derivative 0.5. And so the step size is equal to 0.5. Then we calculate the new value for the bias by subtracting the step size 0.5 from the old bias value 0.0. To get the new bias value, negative 0.5. Now we plug the new bias term into our neural network. Now that we have updated the neural network, we have to get some more fries so we can keep training the bias. So we plug in our hunger level, 0.0. And when we do the math, the probability that we will go to norms is now 0.4. That means that the probability we go to squaches, 1 minus p norm, has increased to 0.6. and the probability that we go to norms has decreased to 0.4. Remember, the last time our hunger was 0.0, we went to squaches. And we got what we wanted. So it makes sense that, given the same hunger as before, we now have a higher probability of going to squaches. Now we pick a random number between 0 and 1, and we get 0.9. And because 0.9 is in the region that represents norm's fry hut, that's where we'll go. Now we make the guess that going to norms when we are not hungry is the best thing to do. And if going to norms is the right thing to do, then ideally, the probability of visiting norms should be 1.0. And that means we can quantify the difference between the output and our guess with cross entropy. Thus, the first part of updating the bias is to calculate the derivative of the cross entropy with respect to the bias. Note, before we get started, I want to be clear that we are calculating the cross entropy for going to Norm's fry hut. So, to help us remember what we are doing, we've written the name of the place we are trying to visit, Norm' s, above the cross-entropy function. Also, we are using the sigmod activation function to compute the probability. So to help remind ourselves of that, we wrote sigmoids above the sig mod activation function and below the cross entropy function as well. Now let me walk you through the steps to calculate this derivative. First, we need the derivative for the cross entity for visiting"
"mistral-7b-v0.3","rl_math_details","2","8","415","And the output from the sigmoid activation function depends on its input, the x-axis coordinate x. And x comes from multiplying the input value, hunger, by the weight, and then adding the bias. Now, to solve for this derivative, we have to use the chain rule. Because p norm, the thing we want to take the derivative with respect to, is inside the log function. So, to apply the chain rule, we create a new variable called stuff, and let stuff equal the stuff inside the log function, one minus p norm. And that means we are solving for the derivative of the negative log of stuff with respect to p norm. The chain rule tells us that the derivative of the negative log of stuff with respect to p norm is the derivative of the negative log of stuff with respect to stuff times the derivative of stuff with respect to P norm. Now, because the derivative of the log of x with respect to x is 1 divided by x, the derivative of the negative log of stuff with respect to stuff is negative 1 divided by stuff. The next term, the derivative of stuff with respect to P norm is negative 1. So we multiply the first term by negative 1. Multiplying negative 1 by negative 1 gives us 1 divided by stuff. Lastly, we plug in 1 minus P norm for stuff And that means the derivative of the cross entropy for visiting squash with respect to the output from the neural network, P-norm, is equal to 1 divided by 1 minus P-norm. So we plug that into the equation. Bam. Now we need to figure out the derivative of P-norm with respect to x, the x-axis coordinate that is used as input to the sigmoid activation function. So, the first thing we do is plug in the equation for the sigmoid activation function. Then we rewrite the fraction as the denominator to the negative one power. Now, because x, the thing we want to take the derivative with respect to is inside parentheses, we can use the chain rule to solve for the derivative. So, just like before, we define stuff to be the stuff inside the parentheses. Then we rewrite the equation with stuff. The chain rule then converts this relatively hard to solve derivative into the product of these two easier to solve derivatives. For the first term, we use the power rule to get negative 1 times stuff raised to the negative 2 power. and the derivative of the second term is negative e raised to the negative x power. Now we just multiply both terms together and plug in one plus e raised to the negative x power for stuff. Now, technically, this is the derivative of the output of the sigmoid activation function, p-norm, with respect to its input, x. However, you never see it like that. Ever. Instead, we split the square in the denominator into two terms multiplied together. Then we put plus one and minus one, which add up to zero, in the numerator of the second term. We then rewrite the second term as the difference of two fractions. Lastly, the first term is the same as the equation for the sigmoid activation function. So we swap the fraction with the function. And the first part of the second term is equal to one. And the second part is the same as the sigmoid activation function. And this is the derivative of the sigmoid activation function that you'll see pretty much everywhere. So we plug that into the equation. Now we need to figure out the derivative of x, the input to the sigmoid activation function with respect to the bias. So the first thing we do is plug in the equation for x. And the derivative with respect to the bias is 1. So we plug that into the equation. Lastly, because p-norm is the output from the sigmoid activation function, we can replace sigmoid x in the derivative with p-norm. Hooray, we finally calculated the derivative of the cross entropy for visiting squash with respect to the bias. Bam! Now let's calculate the value of the derivative. So we plug in P-norm, the output from the neural network is 0.5. And when we do the math, we get 0.5. And thus, the slope of the tangent line for the current bias value is 0.5. Note, if we plugged this derivative directly into gradient descent, it would shift the value of the bias to the left. However, if you remember, this derivative was based on the guess that going to squatches for fries was a good idea. And our guess might not be correct. And if our guess is not correct, then instead of shifting the value for the bias to the left, we actually need to shift the value for the bias to the right. In other words, depending on whether our guess is correct or not, we either need to shift the value for the bias to the left or the right. The good news is that all we need to do to determine how to update the bias is order some fries from squash. In this example, when we order some fries, we get this relatively small serving. However, this is okay because our hunger level is 0.0, meaning we're not hungry at all. So, it was actually a good thing that squash ate some of our fries. In other words, getting a small order of fries when we are not hungry means we made the correct guess. And since we made the correct guess, we set the reward to 1.0. In contrast, if squash had given us a large order of fries, then we wouldn't be hungry enough to eat all of the fries, and that means we made the wrong guess. So, in that case, we would set the reward to negative one. Note, we can use different values for the reward, and we talked about that in the stat quest, reinforcement learning with neural networks, essential concepts. Anyway, going back to when we made the correct guess, and the reward was 1.0, Now we multiply the derivative by the reward. To get an updated derivative that will point us in the correct direction. In this example, we were not hungry and Squatch gave us a small order of fries, so we made the correct guess and the reward equals 1.0. And multiplying the derivative 0.5 by the reward 1.0 means the updated derivative is the same as the original derivative. and the updated derivative tells us to do the same thing as before and shift the value for the bias to the left. In other words, when we make the correct guess to begin with, then the derivative that is based on that guess points us in the correct direction. Note, if we guessed wrong and Squatch gave us a ton of fries even though we were not hungry, Then multiplying the derivative by a negative reward makes it so that the updated derivative, negative 0.5, points in the opposite direction of the original derivative. And instead of shifting the value for the bias to the left, we will shift it to the right. In other words, when we make an incorrect guess to begin with, then the derivative that is based on that guess points us in the wrong direction, and multiplying it by a negative reward corrects that error. Now, going back to the original correct guess, we then plug the updated derivative into gradient descent to calculate the step size. Now, in this example, the learning rate is set to 1.0. So the equation ends up being 1.0 times the updated derivative 0.5. And so the step size is equal to 0.5. Then we calculate the new value for the bias by subtracting the step size 0.5 from the old bias value 0.0. To get the new bias value, negative 0.5. Now we plug the new bias term into our neural network. Now that we have updated the neural network, we have to get some more fries so we can keep training the bias. So we plug in our hunger level, 0.0. And when we do the math, the probability that we will go to norms is now 0.4. That means that the probability we go to squaches, 1 minus p norm, has increased to 0.6. and the probability that we go to norms has decreased to 0.4. Remember, the last time our hunger was 0.0, we went to squaches. And we got what we wanted. So it makes sense that, given the same hunger as before, we now have a higher probability of going to squaches. Now we pick a random number between 0 and 1, and we get 0.9. And because 0.9 is in the region that represents norm's fry hut, that's where we'll go. Now we make the guess that going to norms when we are not hungry is the best thing to do. And if going to norms is the right thing to do, then ideally, the probability of visiting norms should be 1.0. And that means we can quantify the difference between the output and our guess with cross entropy. Thus, the first part of updating the bias is to calculate the derivative of the cross entropy with respect to the bias. Note, before we get started, I want to be clear that we are calculating the cross entropy for going to Norm's fry hut. So, to help us remember what we are doing, we've written the name of the restaurant above the sigmod function. Now let me show you how we calculate that derivative. First, we need the derivative for the output, P norm, with regards to the input, X. So first, we calculate P norm using the sig mod function. Next, we find the derivative using the formula that we derived earlier. And then we plug P norm into the derivative formula. Next we calculate X using the equation that relates"
"tinyllama","rl_math_details","1","1","354","How to Solve for Derivatives of Cross Entropy for Visiting Squash with Respect to the Bias"
"tinyllama","rl_math_details","1","2","354","How to Solve for the Derivative of Cross Entropy Using Chain Rule"
"tinyllama","rl_math_details","1","3","354","How to Solve for the Derivative of Cross Entropy for Visiting Squash with Respect to the Bias Using the Chain Rule"
"tinyllama","rl_math_details","1","4","354","Deriving the Dervials for Cross Entropies for Sqashed Data"
"tinyllama","rl_math_details","1","5","354","How to Calculate Cross Entropy for Visiting Squash with Respect to the Bias Using the Chain Rule"
"tinyllama","rl_math_details","1","6","354","How to Solve for Derivatives Using the Chain Rule"
"tinyllama","rl_math_details","1","7","354","How to Solve for the Derivative of Cross Entropy for Visiting Squash with Respect to the Bias Using the Chain Rule"
"tinyllama","rl_math_details","1","8","354","Deriving the Derivatives of Cross-Entropy for Squashed Neural Networks"
"tinyllama","rl_math_details","1","9","354","Deriving the Derivative of Cross-Entropy with respect To Output and Biases"
"tinyllama","rl_math_details","1","10","354","Derivatives of Cross Entropy for Visiting Squash with Respect to Output From Neural Network, P Norm, Times Derivative of P Norm with Resp. to Bias"
"tinyllama","rl_math_details","2","1","415","And the output from the sigmoid activation function depends on its input, the x-axis coordinate x. And x comes from multiplying the input value, hunger, by the weight, and then adding the bias. Now, to solve for this derivative, we have to use the chain rule. Because p norm, the thing we want to take the derivative with respect to, is inside the log function. So, to apply the chain rule, we create a new variable called stuff, and let stuff equal the stuff inside the log function, one minus p norm. And that means we are solving for the derivative of the negative log of stuff with respect to p norm. The chain rule tells us that the derivative of the negative log of stuff with respect to p norm is the derivative of the negative log of stuff with respect to stuff times the derivative of stuff with respect to P norm. Now, because the derivative of the log of x with respect to x is 1 divided by x, the derivative of the negative log of stuff with respect to stuff is negative 1 divided by stuff. The next term, the derivative of stuff with respect to P norm is negative 1. So we multiply the first term by negative 1. Multiplying negative 1 by negative 1 gives us 1 divided by stuff. Lastly, we plug in 1 minus P norm for stuff And that means the derivative of the cross entropy for visiting squash with respect to the output from the neural network, P-norm, is equal to 1 divided by 1 minus P-norm. So we plug that into the equation. Bam. Now we need to figure out the derivative of P-norm with respect to x, the x-axis coordinate that is used as input to the sigmoid activation function. So, the first thing we do is plug in the equation for the sigmoid activation function. Then we rewrite the fraction as the denominator to the negative one power. Now, because x, the thing we want to take the derivative with respect to is inside parentheses, we can use the chain rule to solve for the derivative. So, just like before, we define stuff to be the stuff inside the parentheses. Then we rewrite the equation with stuff. The chain rule then converts this relatively hard to solve derivative into the product of these two easier to solve derivatives. For the first term, we use the power rule to get negative 1 times stuff raised to the negative 2 power. and the derivative of the second term is negative e raised to the negative x power. Now we just multiply both terms together and plug in one plus e raised to the negative x power for stuff. Now, technically, this is the derivative of the output of the sigmoid activation function, p-norm, with respect to its input, x. However, you never see it like that. Ever. Instead, we split the square in the denominator into two terms multiplied together. Then we put plus one and minus one, which add up to zero, in the numerator of the second term. We then rewrite the second term as the difference of two fractions. Lastly, the first term is the same as the equation for the sigmoid activation function. So we swap the fraction with the function. And the first part of the second term is equal to one. And the second part is the same as the sigmoid activation function. And this is the derivative of the sigmoid activation function that you'll see pretty much everywhere. So we plug that into the equation. Now we need to figure out the derivative of x, the input to the sigmoid activation function with respect to the bias. So the first thing we do is plug in the equation for x. And the derivative with respect to the bias is 1. So we plug that into the equation. Lastly, because p-norm is the output from the sigmoid activation function, we can replace sigmoid x in the derivative with p-norm. Hooray, we finally calculated the derivative of the cross entropy for visiting squash with respect to the bias. Bam! Now let's calculate the value of the derivative. So we plug in P-norm, the output from the neural network is 0.5. And when we do the math, we get 0.5. And thus, the slope of the tangent line for the current bias value is 0.5. Note, if we plugged this derivative directly into gradient descent, it would shift the value of the bias to the left. However, if you remember, this derivative was based on the guess that going to squatches for fries was a good idea. And our guess might not be correct. And if our guess is not correct, then instead of shifting the value for the bias to the left, we actually need to shift the value for the bias to the right. In other words, depending on whether our guess is correct or not, we either need to shift the value for the bias to the left or the right. The good news is that all we need to do to determine how to update the bias is order some fries from squash. In this example, when we order some fries, we get this relatively small serving. However, this is okay because our hunger level is 0.0, meaning we're not hungry at all. So, it was actually a good thing that squash ate some of our fries. In other words, getting a small order of fries when we are not hungry means we made the correct guess. And since we made the correct guess, we set the reward to 1.0. In contrast, if squash had given us a large order of fries, then we wouldn't be hungry enough to eat all of the fries, and that means we made the wrong guess. So, in that case, we would set the reward to negative one. Note, we can use different values for the reward, and we talked about that in the stat quest, reinforcement learning with neural networks, essential concepts. Anyway, going back to when we made the correct guess, and the reward was 1.0, Now we multiply the derivative by the reward. To get an updated derivative that will point us in the correct direction. In this example, we were not hungry and Squatch gave us a small order of fries, so we made the correct guess and the reward equals 1.0. And multiplying the derivative 0.5 by the reward 1.0 means the updated derivative is the same as the original derivative. and the updated derivative tells us to do the same thing as before and shift the value for the bias to the left. In other words, when we make the correct guess to begin with, then the derivative that is based on that guess points us in the correct direction. Note, if we guessed wrong and Squatch gave us a ton of fries even though we were not hungry, Then multiplying the derivative by a negative reward makes it so that the updated derivative, negative 0.5, points in the opposite direction of the original derivative. And instead of shifting the value for the bias to the left, we will shift it to the right. In other words, when we make an incorrect guess to begin with, then the derivative that is based on that guess points us in the wrong direction, and multiplying it by a negative reward corrects that error. Now, going back to the original correct guess, we then plug the updated derivative into gradient descent to calculate the step size. Now, in this example, the learning rate is set to 1.0. So the equation ends up being 1.0 times the updated derivative 0.5. And so the step size is equal to 0.5. Then we calculate the new value for the bias by subtracting the step size 0.5 from the old bias value 0.0. To get the new bias value, negative 0.5. Now we plug the new bias term into our neural network. Now that we have updated the neural network, we have to get some more fries so we can keep training the bias. So we plug in our hunger level, 0.0. And when we do the math, the probability that we will go to norms is now 0.4. That means that the probability we go to squaches, 1 minus p norm, has increased to 0.6. and the probability that we go to norms has decreased to 0.4. Remember, the last time our hunger was 0.0, we went to squaches. And we got what we wanted. So it makes sense that, given the same hunger as before, we now have a higher probability of going to squaches. Now we pick a random number between 0 and 1, and we get 0.9. And because 0.9 is in the region that represents norm's fry hut, that's where we'll go. Now we make the guess that going to norms when we are not hungry is the best thing to do. And if going to norms is the right thing to do, then ideally, the probability of visiting norms should be 1.0. And that means we can quantify the difference between the output and our guess with cross entropy. Thus, the first part of updating the bias is to calculate the derivative of the cross entropy with respect to the bias. Note, before we get started, I want to be clear that we are calculating the cross entropy for going to Norm's fry hut. So, to help us understand this better, let' s look at the formula for the cross-entropy loss for visitng Norm' s fry Hut. Cross entropy = -log(p norm) * (1 - p norm) + log(1 - norm) This is the cross entropies for visitning Norm' hut and visiting the normal fry shop. We want to minimize the crossentropy for visitting Norm'hut. And in this case, the optimal solution"
"tinyllama","rl_math_details","2","2","415","And the output from the sigmoid activation function depends on its input, the x-axis coordinate x. And x comes from multiplying the input value, hunger, by the weight, and then adding the bias. Now, to solve for this derivative, we have to use the chain rule. Because p norm, the thing we want to take the derivative with respect to, is inside the log function. So, to apply the chain rule, we create a new variable called stuff, and let stuff equal the stuff inside the log function, one minus p norm. And that means we are solving for the derivative of the negative log of stuff with respect to p norm. The chain rule tells us that the derivative of the negative log of stuff with respect to p norm is the derivative of the negative log of stuff with respect to stuff times the derivative of stuff with respect to P norm. Now, because the derivative of the log of x with respect to x is 1 divided by x, the derivative of the negative log of stuff with respect to stuff is negative 1 divided by stuff. The next term, the derivative of stuff with respect to P norm is negative 1. So we multiply the first term by negative 1. Multiplying negative 1 by negative 1 gives us 1 divided by stuff. Lastly, we plug in 1 minus P norm for stuff And that means the derivative of the cross entropy for visiting squash with respect to the output from the neural network, P-norm, is equal to 1 divided by 1 minus P-norm. So we plug that into the equation. Bam. Now we need to figure out the derivative of P-norm with respect to x, the x-axis coordinate that is used as input to the sigmoid activation function. So, the first thing we do is plug in the equation for the sigmoid activation function. Then we rewrite the fraction as the denominator to the negative one power. Now, because x, the thing we want to take the derivative with respect to is inside parentheses, we can use the chain rule to solve for the derivative. So, just like before, we define stuff to be the stuff inside the parentheses. Then we rewrite the equation with stuff. The chain rule then converts this relatively hard to solve derivative into the product of these two easier to solve derivatives. For the first term, we use the power rule to get negative 1 times stuff raised to the negative 2 power. and the derivative of the second term is negative e raised to the negative x power. Now we just multiply both terms together and plug in one plus e raised to the negative x power for stuff. Now, technically, this is the derivative of the output of the sigmoid activation function, p-norm, with respect to its input, x. However, you never see it like that. Ever. Instead, we split the square in the denominator into two terms multiplied together. Then we put plus one and minus one, which add up to zero, in the numerator of the second term. We then rewrite the second term as the difference of two fractions. Lastly, the first term is the same as the equation for the sigmoid activation function. So we swap the fraction with the function. And the first part of the second term is equal to one. And the second part is the same as the sigmoid activation function. And this is the derivative of the sigmoid activation function that you'll see pretty much everywhere. So we plug that into the equation. Now we need to figure out the derivative of x, the input to the sigmoid activation function with respect to the bias. So the first thing we do is plug in the equation for x. And the derivative with respect to the bias is 1. So we plug that into the equation. Lastly, because p-norm is the output from the sigmoid activation function, we can replace sigmoid x in the derivative with p-norm. Hooray, we finally calculated the derivative of the cross entropy for visiting squash with respect to the bias. Bam! Now let's calculate the value of the derivative. So we plug in P-norm, the output from the neural network is 0.5. And when we do the math, we get 0.5. And thus, the slope of the tangent line for the current bias value is 0.5. Note, if we plugged this derivative directly into gradient descent, it would shift the value of the bias to the left. However, if you remember, this derivative was based on the guess that going to squatches for fries was a good idea. And our guess might not be correct. And if our guess is not correct, then instead of shifting the value for the bias to the left, we actually need to shift the value for the bias to the right. In other words, depending on whether our guess is correct or not, we either need to shift the value for the bias to the left or the right. The good news is that all we need to do to determine how to update the bias is order some fries from squash. In this example, when we order some fries, we get this relatively small serving. However, this is okay because our hunger level is 0.0, meaning we're not hungry at all. So, it was actually a good thing that squash ate some of our fries. In other words, getting a small order of fries when we are not hungry means we made the correct guess. And since we made the correct guess, we set the reward to 1.0. In contrast, if squash had given us a large order of fries, then we wouldn't be hungry enough to eat all of the fries, and that means we made the wrong guess. So, in that case, we would set the reward to negative one. Note, we can use different values for the reward, and we talked about that in the stat quest, reinforcement learning with neural networks, essential concepts. Anyway, going back to when we made the correct guess, and the reward was 1.0, Now we multiply the derivative by the reward. To get an updated derivative that will point us in the correct direction. In this example, we were not hungry and Squatch gave us a small order of fries, so we made the correct guess and the reward equals 1.0. And multiplying the derivative 0.5 by the reward 1.0 means the updated derivative is the same as the original derivative. and the updated derivative tells us to do the same thing as before and shift the value for the bias to the left. In other words, when we make the correct guess to begin with, then the derivative that is based on that guess points us in the correct direction. Note, if we guessed wrong and Squatch gave us a ton of fries even though we were not hungry, Then multiplying the derivative by a negative reward makes it so that the updated derivative, negative 0.5, points in the opposite direction of the original derivative. And instead of shifting the value for the bias to the left, we will shift it to the right. In other words, when we make an incorrect guess to begin with, then the derivative that is based on that guess points us in the wrong direction, and multiplying it by a negative reward corrects that error. Now, going back to the original correct guess, we then plug the updated derivative into gradient descent to calculate the step size. Now, in this example, the learning rate is set to 1.0. So the equation ends up being 1.0 times the updated derivative 0.5. And so the step size is equal to 0.5. Then we calculate the new value for the bias by subtracting the step size 0.5 from the old bias value 0.0. To get the new bias value, negative 0.5. Now we plug the new bias term into our neural network. Now that we have updated the neural network, we have to get some more fries so we can keep training the bias. So we plug in our hunger level, 0.0. And when we do the math, the probability that we will go to norms is now 0.4. That means that the probability we go to squaches, 1 minus p norm, has increased to 0.6. and the probability that we go to norms has decreased to 0.4. Remember, the last time our hunger was 0.0, we went to squaches. And we got what we wanted. So it makes sense that, given the same hunger as before, we now have a higher probability of going to squaches. Now we pick a random number between 0 and 1, and we get 0.9. And because 0.9 is in the region that represents norm's fry hut, that's where we'll go. Now we make the guess that going to norms when we are not hungry is the best thing to do. And if going to norms is the right thing to do, then ideally, the probability of visiting norms should be 1.0. And that means we can quantify the difference between the output and our guess with cross entropy. Thus, the first part of updating the bias is to calculate the derivative of the cross entropy with respect to the bias. Note, before we get started, I want to be clear that we are calculating the cross entropy for going to Norm's fry hut. So, to help us understand the derivation, we've added a minus sign to the denominators. This means that we'd like to find the derivative for the minus sign. And then we'm multiplying by the derivative, which is the cross-entropy for visitng norm'fry huts. And finally, we divide by the denominated, which gives us the derivative we want. And here's the code for calculating the derivative: def calc_cross_entropy(p_"
"tinyllama","rl_math_details","2","3","415","And the output from the sigmoid activation function depends on its input, the x-axis coordinate x. And x comes from multiplying the input value, hunger, by the weight, and then adding the bias. Now, to solve for this derivative, we have to use the chain rule. Because p norm, the thing we want to take the derivative with respect to, is inside the log function. So, to apply the chain rule, we create a new variable called stuff, and let stuff equal the stuff inside the log function, one minus p norm. And that means we are solving for the derivative of the negative log of stuff with respect to p norm. The chain rule tells us that the derivative of the negative log of stuff with respect to p norm is the derivative of the negative log of stuff with respect to stuff times the derivative of stuff with respect to P norm. Now, because the derivative of the log of x with respect to x is 1 divided by x, the derivative of the negative log of stuff with respect to stuff is negative 1 divided by stuff. The next term, the derivative of stuff with respect to P norm is negative 1. So we multiply the first term by negative 1. Multiplying negative 1 by negative 1 gives us 1 divided by stuff. Lastly, we plug in 1 minus P norm for stuff And that means the derivative of the cross entropy for visiting squash with respect to the output from the neural network, P-norm, is equal to 1 divided by 1 minus P-norm. So we plug that into the equation. Bam. Now we need to figure out the derivative of P-norm with respect to x, the x-axis coordinate that is used as input to the sigmoid activation function. So, the first thing we do is plug in the equation for the sigmoid activation function. Then we rewrite the fraction as the denominator to the negative one power. Now, because x, the thing we want to take the derivative with respect to is inside parentheses, we can use the chain rule to solve for the derivative. So, just like before, we define stuff to be the stuff inside the parentheses. Then we rewrite the equation with stuff. The chain rule then converts this relatively hard to solve derivative into the product of these two easier to solve derivatives. For the first term, we use the power rule to get negative 1 times stuff raised to the negative 2 power. and the derivative of the second term is negative e raised to the negative x power. Now we just multiply both terms together and plug in one plus e raised to the negative x power for stuff. Now, technically, this is the derivative of the output of the sigmoid activation function, p-norm, with respect to its input, x. However, you never see it like that. Ever. Instead, we split the square in the denominator into two terms multiplied together. Then we put plus one and minus one, which add up to zero, in the numerator of the second term. We then rewrite the second term as the difference of two fractions. Lastly, the first term is the same as the equation for the sigmoid activation function. So we swap the fraction with the function. And the first part of the second term is equal to one. And the second part is the same as the sigmoid activation function. And this is the derivative of the sigmoid activation function that you'll see pretty much everywhere. So we plug that into the equation. Now we need to figure out the derivative of x, the input to the sigmoid activation function with respect to the bias. So the first thing we do is plug in the equation for x. And the derivative with respect to the bias is 1. So we plug that into the equation. Lastly, because p-norm is the output from the sigmoid activation function, we can replace sigmoid x in the derivative with p-norm. Hooray, we finally calculated the derivative of the cross entropy for visiting squash with respect to the bias. Bam! Now let's calculate the value of the derivative. So we plug in P-norm, the output from the neural network is 0.5. And when we do the math, we get 0.5. And thus, the slope of the tangent line for the current bias value is 0.5. Note, if we plugged this derivative directly into gradient descent, it would shift the value of the bias to the left. However, if you remember, this derivative was based on the guess that going to squatches for fries was a good idea. And our guess might not be correct. And if our guess is not correct, then instead of shifting the value for the bias to the left, we actually need to shift the value for the bias to the right. In other words, depending on whether our guess is correct or not, we either need to shift the value for the bias to the left or the right. The good news is that all we need to do to determine how to update the bias is order some fries from squash. In this example, when we order some fries, we get this relatively small serving. However, this is okay because our hunger level is 0.0, meaning we're not hungry at all. So, it was actually a good thing that squash ate some of our fries. In other words, getting a small order of fries when we are not hungry means we made the correct guess. And since we made the correct guess, we set the reward to 1.0. In contrast, if squash had given us a large order of fries, then we wouldn't be hungry enough to eat all of the fries, and that means we made the wrong guess. So, in that case, we would set the reward to negative one. Note, we can use different values for the reward, and we talked about that in the stat quest, reinforcement learning with neural networks, essential concepts. Anyway, going back to when we made the correct guess, and the reward was 1.0, Now we multiply the derivative by the reward. To get an updated derivative that will point us in the correct direction. In this example, we were not hungry and Squatch gave us a small order of fries, so we made the correct guess and the reward equals 1.0. And multiplying the derivative 0.5 by the reward 1.0 means the updated derivative is the same as the original derivative. and the updated derivative tells us to do the same thing as before and shift the value for the bias to the left. In other words, when we make the correct guess to begin with, then the derivative that is based on that guess points us in the correct direction. Note, if we guessed wrong and Squatch gave us a ton of fries even though we were not hungry, Then multiplying the derivative by a negative reward makes it so that the updated derivative, negative 0.5, points in the opposite direction of the original derivative. And instead of shifting the value for the bias to the left, we will shift it to the right. In other words, when we make an incorrect guess to begin with, then the derivative that is based on that guess points us in the wrong direction, and multiplying it by a negative reward corrects that error. Now, going back to the original correct guess, we then plug the updated derivative into gradient descent to calculate the step size. Now, in this example, the learning rate is set to 1.0. So the equation ends up being 1.0 times the updated derivative 0.5. And so the step size is equal to 0.5. Then we calculate the new value for the bias by subtracting the step size 0.5 from the old bias value 0.0. To get the new bias value, negative 0.5. Now we plug the new bias term into our neural network. Now that we have updated the neural network, we have to get some more fries so we can keep training the bias. So we plug in our hunger level, 0.0. And when we do the math, the probability that we will go to norms is now 0.4. That means that the probability we go to squaches, 1 minus p norm, has increased to 0.6. and the probability that we go to norms has decreased to 0.4. Remember, the last time our hunger was 0.0, we went to squaches. And we got what we wanted. So it makes sense that, given the same hunger as before, we now have a higher probability of going to squaches. Now we pick a random number between 0 and 1, and we get 0.9. And because 0.9 is in the region that represents norm's fry hut, that's where we'll go. Now we make the guess that going to norms when we are not hungry is the best thing to do. And if going to norms is the right thing to do, then ideally, the probability of visiting norms should be 1.0. And that means we can quantify the difference between the output and our guess with cross entropy. Thus, the first part of updating the bias is to calculate the derivative of the cross entropy with respect to the bias. Note, before we get started, I want to be clear that we are calculating the cross entropy for going to Norm's fry hut. So, to help us understand what we've done, let me give you a visualization. So imagine there's a hill, and there are three options for going down the hill. You could choose to go straight down the middle, you could choose one side of the hill, or you could turn around and go back the way you came. If you choose to turn around, then you're going to end up at the top of the mountain. But if you decide to go down the center of the hills"
"tinyllama","rl_math_details","2","4","415","And the output from the sigmoid activation function depends on its input, the x-axis coordinate x. And x comes from multiplying the input value, hunger, by the weight, and then adding the bias. Now, to solve for this derivative, we have to use the chain rule. Because p norm, the thing we want to take the derivative with respect to, is inside the log function. So, to apply the chain rule, we create a new variable called stuff, and let stuff equal the stuff inside the log function, one minus p norm. And that means we are solving for the derivative of the negative log of stuff with respect to p norm. The chain rule tells us that the derivative of the negative log of stuff with respect to p norm is the derivative of the negative log of stuff with respect to stuff times the derivative of stuff with respect to P norm. Now, because the derivative of the log of x with respect to x is 1 divided by x, the derivative of the negative log of stuff with respect to stuff is negative 1 divided by stuff. The next term, the derivative of stuff with respect to P norm is negative 1. So we multiply the first term by negative 1. Multiplying negative 1 by negative 1 gives us 1 divided by stuff. Lastly, we plug in 1 minus P norm for stuff And that means the derivative of the cross entropy for visiting squash with respect to the output from the neural network, P-norm, is equal to 1 divided by 1 minus P-norm. So we plug that into the equation. Bam. Now we need to figure out the derivative of P-norm with respect to x, the x-axis coordinate that is used as input to the sigmoid activation function. So, the first thing we do is plug in the equation for the sigmoid activation function. Then we rewrite the fraction as the denominator to the negative one power. Now, because x, the thing we want to take the derivative with respect to is inside parentheses, we can use the chain rule to solve for the derivative. So, just like before, we define stuff to be the stuff inside the parentheses. Then we rewrite the equation with stuff. The chain rule then converts this relatively hard to solve derivative into the product of these two easier to solve derivatives. For the first term, we use the power rule to get negative 1 times stuff raised to the negative 2 power. and the derivative of the second term is negative e raised to the negative x power. Now we just multiply both terms together and plug in one plus e raised to the negative x power for stuff. Now, technically, this is the derivative of the output of the sigmoid activation function, p-norm, with respect to its input, x. However, you never see it like that. Ever. Instead, we split the square in the denominator into two terms multiplied together. Then we put plus one and minus one, which add up to zero, in the numerator of the second term. We then rewrite the second term as the difference of two fractions. Lastly, the first term is the same as the equation for the sigmoid activation function. So we swap the fraction with the function. And the first part of the second term is equal to one. And the second part is the same as the sigmoid activation function. And this is the derivative of the sigmoid activation function that you'll see pretty much everywhere. So we plug that into the equation. Now we need to figure out the derivative of x, the input to the sigmoid activation function with respect to the bias. So the first thing we do is plug in the equation for x. And the derivative with respect to the bias is 1. So we plug that into the equation. Lastly, because p-norm is the output from the sigmoid activation function, we can replace sigmoid x in the derivative with p-norm. Hooray, we finally calculated the derivative of the cross entropy for visiting squash with respect to the bias. Bam! Now let's calculate the value of the derivative. So we plug in P-norm, the output from the neural network is 0.5. And when we do the math, we get 0.5. And thus, the slope of the tangent line for the current bias value is 0.5. Note, if we plugged this derivative directly into gradient descent, it would shift the value of the bias to the left. However, if you remember, this derivative was based on the guess that going to squatches for fries was a good idea. And our guess might not be correct. And if our guess is not correct, then instead of shifting the value for the bias to the left, we actually need to shift the value for the bias to the right. In other words, depending on whether our guess is correct or not, we either need to shift the value for the bias to the left or the right. The good news is that all we need to do to determine how to update the bias is order some fries from squash. In this example, when we order some fries, we get this relatively small serving. However, this is okay because our hunger level is 0.0, meaning we're not hungry at all. So, it was actually a good thing that squash ate some of our fries. In other words, getting a small order of fries when we are not hungry means we made the correct guess. And since we made the correct guess, we set the reward to 1.0. In contrast, if squash had given us a large order of fries, then we wouldn't be hungry enough to eat all of the fries, and that means we made the wrong guess. So, in that case, we would set the reward to negative one. Note, we can use different values for the reward, and we talked about that in the stat quest, reinforcement learning with neural networks, essential concepts. Anyway, going back to when we made the correct guess, and the reward was 1.0, Now we multiply the derivative by the reward. To get an updated derivative that will point us in the correct direction. In this example, we were not hungry and Squatch gave us a small order of fries, so we made the correct guess and the reward equals 1.0. And multiplying the derivative 0.5 by the reward 1.0 means the updated derivative is the same as the original derivative. and the updated derivative tells us to do the same thing as before and shift the value for the bias to the left. In other words, when we make the correct guess to begin with, then the derivative that is based on that guess points us in the correct direction. Note, if we guessed wrong and Squatch gave us a ton of fries even though we were not hungry, Then multiplying the derivative by a negative reward makes it so that the updated derivative, negative 0.5, points in the opposite direction of the original derivative. And instead of shifting the value for the bias to the left, we will shift it to the right. In other words, when we make an incorrect guess to begin with, then the derivative that is based on that guess points us in the wrong direction, and multiplying it by a negative reward corrects that error. Now, going back to the original correct guess, we then plug the updated derivative into gradient descent to calculate the step size. Now, in this example, the learning rate is set to 1.0. So the equation ends up being 1.0 times the updated derivative 0.5. And so the step size is equal to 0.5. Then we calculate the new value for the bias by subtracting the step size 0.5 from the old bias value 0.0. To get the new bias value, negative 0.5. Now we plug the new bias term into our neural network. Now that we have updated the neural network, we have to get some more fries so we can keep training the bias. So we plug in our hunger level, 0.0. And when we do the math, the probability that we will go to norms is now 0.4. That means that the probability we go to squaches, 1 minus p norm, has increased to 0.6. and the probability that we go to norms has decreased to 0.4. Remember, the last time our hunger was 0.0, we went to squaches. And we got what we wanted. So it makes sense that, given the same hunger as before, we now have a higher probability of going to squaches. Now we pick a random number between 0 and 1, and we get 0.9. And because 0.9 is in the region that represents norm's fry hut, that's where we'll go. Now we make the guess that going to norms when we are not hungry is the best thing to do. And if going to norms is the right thing to do, then ideally, the probability of visiting norms should be 1.0. And that means we can quantify the difference between the output and our guess with cross entropy. Thus, the first part of updating the bias is to calculate the derivative of the cross entropy with respect to the bias. Note, before we get started, I want to be clear that we are calculating the cross entropy for going to Norm's fry hut. So, to help us understand the derivation, let' s break down the cross-entropy loss function into two parts. The first part is a negative logarithm of the probability density function. This is the likelihood of seeing a particular observation. The second part of this loss function is the sum of the absolute difference between this probability density and the true probability density. And here's the derivate of the liklihood function. The derivative of this likelihood function is just the derivative times the logarith"
"tinyllama","rl_math_details","2","5","415","And the output from the sigmoid activation function depends on its input, the x-axis coordinate x. And x comes from multiplying the input value, hunger, by the weight, and then adding the bias. Now, to solve for this derivative, we have to use the chain rule. Because p norm, the thing we want to take the derivative with respect to, is inside the log function. So, to apply the chain rule, we create a new variable called stuff, and let stuff equal the stuff inside the log function, one minus p norm. And that means we are solving for the derivative of the negative log of stuff with respect to p norm. The chain rule tells us that the derivative of the negative log of stuff with respect to p norm is the derivative of the negative log of stuff with respect to stuff times the derivative of stuff with respect to P norm. Now, because the derivative of the log of x with respect to x is 1 divided by x, the derivative of the negative log of stuff with respect to stuff is negative 1 divided by stuff. The next term, the derivative of stuff with respect to P norm is negative 1. So we multiply the first term by negative 1. Multiplying negative 1 by negative 1 gives us 1 divided by stuff. Lastly, we plug in 1 minus P norm for stuff And that means the derivative of the cross entropy for visiting squash with respect to the output from the neural network, P-norm, is equal to 1 divided by 1 minus P-norm. So we plug that into the equation. Bam. Now we need to figure out the derivative of P-norm with respect to x, the x-axis coordinate that is used as input to the sigmoid activation function. So, the first thing we do is plug in the equation for the sigmoid activation function. Then we rewrite the fraction as the denominator to the negative one power. Now, because x, the thing we want to take the derivative with respect to is inside parentheses, we can use the chain rule to solve for the derivative. So, just like before, we define stuff to be the stuff inside the parentheses. Then we rewrite the equation with stuff. The chain rule then converts this relatively hard to solve derivative into the product of these two easier to solve derivatives. For the first term, we use the power rule to get negative 1 times stuff raised to the negative 2 power. and the derivative of the second term is negative e raised to the negative x power. Now we just multiply both terms together and plug in one plus e raised to the negative x power for stuff. Now, technically, this is the derivative of the output of the sigmoid activation function, p-norm, with respect to its input, x. However, you never see it like that. Ever. Instead, we split the square in the denominator into two terms multiplied together. Then we put plus one and minus one, which add up to zero, in the numerator of the second term. We then rewrite the second term as the difference of two fractions. Lastly, the first term is the same as the equation for the sigmoid activation function. So we swap the fraction with the function. And the first part of the second term is equal to one. And the second part is the same as the sigmoid activation function. And this is the derivative of the sigmoid activation function that you'll see pretty much everywhere. So we plug that into the equation. Now we need to figure out the derivative of x, the input to the sigmoid activation function with respect to the bias. So the first thing we do is plug in the equation for x. And the derivative with respect to the bias is 1. So we plug that into the equation. Lastly, because p-norm is the output from the sigmoid activation function, we can replace sigmoid x in the derivative with p-norm. Hooray, we finally calculated the derivative of the cross entropy for visiting squash with respect to the bias. Bam! Now let's calculate the value of the derivative. So we plug in P-norm, the output from the neural network is 0.5. And when we do the math, we get 0.5. And thus, the slope of the tangent line for the current bias value is 0.5. Note, if we plugged this derivative directly into gradient descent, it would shift the value of the bias to the left. However, if you remember, this derivative was based on the guess that going to squatches for fries was a good idea. And our guess might not be correct. And if our guess is not correct, then instead of shifting the value for the bias to the left, we actually need to shift the value for the bias to the right. In other words, depending on whether our guess is correct or not, we either need to shift the value for the bias to the left or the right. The good news is that all we need to do to determine how to update the bias is order some fries from squash. In this example, when we order some fries, we get this relatively small serving. However, this is okay because our hunger level is 0.0, meaning we're not hungry at all. So, it was actually a good thing that squash ate some of our fries. In other words, getting a small order of fries when we are not hungry means we made the correct guess. And since we made the correct guess, we set the reward to 1.0. In contrast, if squash had given us a large order of fries, then we wouldn't be hungry enough to eat all of the fries, and that means we made the wrong guess. So, in that case, we would set the reward to negative one. Note, we can use different values for the reward, and we talked about that in the stat quest, reinforcement learning with neural networks, essential concepts. Anyway, going back to when we made the correct guess, and the reward was 1.0, Now we multiply the derivative by the reward. To get an updated derivative that will point us in the correct direction. In this example, we were not hungry and Squatch gave us a small order of fries, so we made the correct guess and the reward equals 1.0. And multiplying the derivative 0.5 by the reward 1.0 means the updated derivative is the same as the original derivative. and the updated derivative tells us to do the same thing as before and shift the value for the bias to the left. In other words, when we make the correct guess to begin with, then the derivative that is based on that guess points us in the correct direction. Note, if we guessed wrong and Squatch gave us a ton of fries even though we were not hungry, Then multiplying the derivative by a negative reward makes it so that the updated derivative, negative 0.5, points in the opposite direction of the original derivative. And instead of shifting the value for the bias to the left, we will shift it to the right. In other words, when we make an incorrect guess to begin with, then the derivative that is based on that guess points us in the wrong direction, and multiplying it by a negative reward corrects that error. Now, going back to the original correct guess, we then plug the updated derivative into gradient descent to calculate the step size. Now, in this example, the learning rate is set to 1.0. So the equation ends up being 1.0 times the updated derivative 0.5. And so the step size is equal to 0.5. Then we calculate the new value for the bias by subtracting the step size 0.5 from the old bias value 0.0. To get the new bias value, negative 0.5. Now we plug the new bias term into our neural network. Now that we have updated the neural network, we have to get some more fries so we can keep training the bias. So we plug in our hunger level, 0.0. And when we do the math, the probability that we will go to norms is now 0.4. That means that the probability we go to squaches, 1 minus p norm, has increased to 0.6. and the probability that we go to norms has decreased to 0.4. Remember, the last time our hunger was 0.0, we went to squaches. And we got what we wanted. So it makes sense that, given the same hunger as before, we now have a higher probability of going to squaches. Now we pick a random number between 0 and 1, and we get 0.9. And because 0.9 is in the region that represents norm's fry hut, that's where we'll go. Now we make the guess that going to norms when we are not hungry is the best thing to do. And if going to norms is the right thing to do, then ideally, the probability of visiting norms should be 1.0. And that means we can quantify the difference between the output and our guess with cross entropy. Thus, the first part of updating the bias is to calculate the derivative of the cross entropy with respect to the bias. Note, before we get started, I want to be clear that we are calculating the cross entropy for going to Norm's fry hut. So, to help us understand what we've done, let' s break down the derivative into its component parts. And then we' ll see that the gradient descent algorithm works by taking the derivative, multiplying by the step, and adding the step to the value. So let' t start with the derivative for visitning norm' s fryhut. And let' d be the derivative we want. So d = -0.3. And d is the negative of the gradient. So when we plug"
"tinyllama","rl_math_details","2","6","415","And the output from the sigmoid activation function depends on its input, the x-axis coordinate x. And x comes from multiplying the input value, hunger, by the weight, and then adding the bias. Now, to solve for this derivative, we have to use the chain rule. Because p norm, the thing we want to take the derivative with respect to, is inside the log function. So, to apply the chain rule, we create a new variable called stuff, and let stuff equal the stuff inside the log function, one minus p norm. And that means we are solving for the derivative of the negative log of stuff with respect to p norm. The chain rule tells us that the derivative of the negative log of stuff with respect to p norm is the derivative of the negative log of stuff with respect to stuff times the derivative of stuff with respect to P norm. Now, because the derivative of the log of x with respect to x is 1 divided by x, the derivative of the negative log of stuff with respect to stuff is negative 1 divided by stuff. The next term, the derivative of stuff with respect to P norm is negative 1. So we multiply the first term by negative 1. Multiplying negative 1 by negative 1 gives us 1 divided by stuff. Lastly, we plug in 1 minus P norm for stuff And that means the derivative of the cross entropy for visiting squash with respect to the output from the neural network, P-norm, is equal to 1 divided by 1 minus P-norm. So we plug that into the equation. Bam. Now we need to figure out the derivative of P-norm with respect to x, the x-axis coordinate that is used as input to the sigmoid activation function. So, the first thing we do is plug in the equation for the sigmoid activation function. Then we rewrite the fraction as the denominator to the negative one power. Now, because x, the thing we want to take the derivative with respect to is inside parentheses, we can use the chain rule to solve for the derivative. So, just like before, we define stuff to be the stuff inside the parentheses. Then we rewrite the equation with stuff. The chain rule then converts this relatively hard to solve derivative into the product of these two easier to solve derivatives. For the first term, we use the power rule to get negative 1 times stuff raised to the negative 2 power. and the derivative of the second term is negative e raised to the negative x power. Now we just multiply both terms together and plug in one plus e raised to the negative x power for stuff. Now, technically, this is the derivative of the output of the sigmoid activation function, p-norm, with respect to its input, x. However, you never see it like that. Ever. Instead, we split the square in the denominator into two terms multiplied together. Then we put plus one and minus one, which add up to zero, in the numerator of the second term. We then rewrite the second term as the difference of two fractions. Lastly, the first term is the same as the equation for the sigmoid activation function. So we swap the fraction with the function. And the first part of the second term is equal to one. And the second part is the same as the sigmoid activation function. And this is the derivative of the sigmoid activation function that you'll see pretty much everywhere. So we plug that into the equation. Now we need to figure out the derivative of x, the input to the sigmoid activation function with respect to the bias. So the first thing we do is plug in the equation for x. And the derivative with respect to the bias is 1. So we plug that into the equation. Lastly, because p-norm is the output from the sigmoid activation function, we can replace sigmoid x in the derivative with p-norm. Hooray, we finally calculated the derivative of the cross entropy for visiting squash with respect to the bias. Bam! Now let's calculate the value of the derivative. So we plug in P-norm, the output from the neural network is 0.5. And when we do the math, we get 0.5. And thus, the slope of the tangent line for the current bias value is 0.5. Note, if we plugged this derivative directly into gradient descent, it would shift the value of the bias to the left. However, if you remember, this derivative was based on the guess that going to squatches for fries was a good idea. And our guess might not be correct. And if our guess is not correct, then instead of shifting the value for the bias to the left, we actually need to shift the value for the bias to the right. In other words, depending on whether our guess is correct or not, we either need to shift the value for the bias to the left or the right. The good news is that all we need to do to determine how to update the bias is order some fries from squash. In this example, when we order some fries, we get this relatively small serving. However, this is okay because our hunger level is 0.0, meaning we're not hungry at all. So, it was actually a good thing that squash ate some of our fries. In other words, getting a small order of fries when we are not hungry means we made the correct guess. And since we made the correct guess, we set the reward to 1.0. In contrast, if squash had given us a large order of fries, then we wouldn't be hungry enough to eat all of the fries, and that means we made the wrong guess. So, in that case, we would set the reward to negative one. Note, we can use different values for the reward, and we talked about that in the stat quest, reinforcement learning with neural networks, essential concepts. Anyway, going back to when we made the correct guess, and the reward was 1.0, Now we multiply the derivative by the reward. To get an updated derivative that will point us in the correct direction. In this example, we were not hungry and Squatch gave us a small order of fries, so we made the correct guess and the reward equals 1.0. And multiplying the derivative 0.5 by the reward 1.0 means the updated derivative is the same as the original derivative. and the updated derivative tells us to do the same thing as before and shift the value for the bias to the left. In other words, when we make the correct guess to begin with, then the derivative that is based on that guess points us in the correct direction. Note, if we guessed wrong and Squatch gave us a ton of fries even though we were not hungry, Then multiplying the derivative by a negative reward makes it so that the updated derivative, negative 0.5, points in the opposite direction of the original derivative. And instead of shifting the value for the bias to the left, we will shift it to the right. In other words, when we make an incorrect guess to begin with, then the derivative that is based on that guess points us in the wrong direction, and multiplying it by a negative reward corrects that error. Now, going back to the original correct guess, we then plug the updated derivative into gradient descent to calculate the step size. Now, in this example, the learning rate is set to 1.0. So the equation ends up being 1.0 times the updated derivative 0.5. And so the step size is equal to 0.5. Then we calculate the new value for the bias by subtracting the step size 0.5 from the old bias value 0.0. To get the new bias value, negative 0.5. Now we plug the new bias term into our neural network. Now that we have updated the neural network, we have to get some more fries so we can keep training the bias. So we plug in our hunger level, 0.0. And when we do the math, the probability that we will go to norms is now 0.4. That means that the probability we go to squaches, 1 minus p norm, has increased to 0.6. and the probability that we go to norms has decreased to 0.4. Remember, the last time our hunger was 0.0, we went to squaches. And we got what we wanted. So it makes sense that, given the same hunger as before, we now have a higher probability of going to squaches. Now we pick a random number between 0 and 1, and we get 0.9. And because 0.9 is in the region that represents norm's fry hut, that's where we'll go. Now we make the guess that going to norms when we are not hungry is the best thing to do. And if going to norms is the right thing to do, then ideally, the probability of visiting norms should be 1.0. And that means we can quantify the difference between the output and our guess with cross entropy. Thus, the first part of updating the bias is to calculate the derivative of the cross entropy with respect to the bias. Note, before we get started, I want to be clear that we are calculating the cross entropy for going to Norm's fry hut. So, to help us understand the derivation, we've added a little bit of notation. So when we say that the output is the cross-entropy with respect the bias, we mean that the cross entropies are equal to each other. So if we have a binary classification problem, then our output is either 1 or 0, and our cross entropy is the sum of the probabilities of 1 and 0 respectively. And similarly, if our output has two classes, then again, our"
"tinyllama","rl_math_details","2","7","415","And the output from the sigmoid activation function depends on its input, the x-axis coordinate x. And x comes from multiplying the input value, hunger, by the weight, and then adding the bias. Now, to solve for this derivative, we have to use the chain rule. Because p norm, the thing we want to take the derivative with respect to, is inside the log function. So, to apply the chain rule, we create a new variable called stuff, and let stuff equal the stuff inside the log function, one minus p norm. And that means we are solving for the derivative of the negative log of stuff with respect to p norm. The chain rule tells us that the derivative of the negative log of stuff with respect to p norm is the derivative of the negative log of stuff with respect to stuff times the derivative of stuff with respect to P norm. Now, because the derivative of the log of x with respect to x is 1 divided by x, the derivative of the negative log of stuff with respect to stuff is negative 1 divided by stuff. The next term, the derivative of stuff with respect to P norm is negative 1. So we multiply the first term by negative 1. Multiplying negative 1 by negative 1 gives us 1 divided by stuff. Lastly, we plug in 1 minus P norm for stuff And that means the derivative of the cross entropy for visiting squash with respect to the output from the neural network, P-norm, is equal to 1 divided by 1 minus P-norm. So we plug that into the equation. Bam. Now we need to figure out the derivative of P-norm with respect to x, the x-axis coordinate that is used as input to the sigmoid activation function. So, the first thing we do is plug in the equation for the sigmoid activation function. Then we rewrite the fraction as the denominator to the negative one power. Now, because x, the thing we want to take the derivative with respect to is inside parentheses, we can use the chain rule to solve for the derivative. So, just like before, we define stuff to be the stuff inside the parentheses. Then we rewrite the equation with stuff. The chain rule then converts this relatively hard to solve derivative into the product of these two easier to solve derivatives. For the first term, we use the power rule to get negative 1 times stuff raised to the negative 2 power. and the derivative of the second term is negative e raised to the negative x power. Now we just multiply both terms together and plug in one plus e raised to the negative x power for stuff. Now, technically, this is the derivative of the output of the sigmoid activation function, p-norm, with respect to its input, x. However, you never see it like that. Ever. Instead, we split the square in the denominator into two terms multiplied together. Then we put plus one and minus one, which add up to zero, in the numerator of the second term. We then rewrite the second term as the difference of two fractions. Lastly, the first term is the same as the equation for the sigmoid activation function. So we swap the fraction with the function. And the first part of the second term is equal to one. And the second part is the same as the sigmoid activation function. And this is the derivative of the sigmoid activation function that you'll see pretty much everywhere. So we plug that into the equation. Now we need to figure out the derivative of x, the input to the sigmoid activation function with respect to the bias. So the first thing we do is plug in the equation for x. And the derivative with respect to the bias is 1. So we plug that into the equation. Lastly, because p-norm is the output from the sigmoid activation function, we can replace sigmoid x in the derivative with p-norm. Hooray, we finally calculated the derivative of the cross entropy for visiting squash with respect to the bias. Bam! Now let's calculate the value of the derivative. So we plug in P-norm, the output from the neural network is 0.5. And when we do the math, we get 0.5. And thus, the slope of the tangent line for the current bias value is 0.5. Note, if we plugged this derivative directly into gradient descent, it would shift the value of the bias to the left. However, if you remember, this derivative was based on the guess that going to squatches for fries was a good idea. And our guess might not be correct. And if our guess is not correct, then instead of shifting the value for the bias to the left, we actually need to shift the value for the bias to the right. In other words, depending on whether our guess is correct or not, we either need to shift the value for the bias to the left or the right. The good news is that all we need to do to determine how to update the bias is order some fries from squash. In this example, when we order some fries, we get this relatively small serving. However, this is okay because our hunger level is 0.0, meaning we're not hungry at all. So, it was actually a good thing that squash ate some of our fries. In other words, getting a small order of fries when we are not hungry means we made the correct guess. And since we made the correct guess, we set the reward to 1.0. In contrast, if squash had given us a large order of fries, then we wouldn't be hungry enough to eat all of the fries, and that means we made the wrong guess. So, in that case, we would set the reward to negative one. Note, we can use different values for the reward, and we talked about that in the stat quest, reinforcement learning with neural networks, essential concepts. Anyway, going back to when we made the correct guess, and the reward was 1.0, Now we multiply the derivative by the reward. To get an updated derivative that will point us in the correct direction. In this example, we were not hungry and Squatch gave us a small order of fries, so we made the correct guess and the reward equals 1.0. And multiplying the derivative 0.5 by the reward 1.0 means the updated derivative is the same as the original derivative. and the updated derivative tells us to do the same thing as before and shift the value for the bias to the left. In other words, when we make the correct guess to begin with, then the derivative that is based on that guess points us in the correct direction. Note, if we guessed wrong and Squatch gave us a ton of fries even though we were not hungry, Then multiplying the derivative by a negative reward makes it so that the updated derivative, negative 0.5, points in the opposite direction of the original derivative. And instead of shifting the value for the bias to the left, we will shift it to the right. In other words, when we make an incorrect guess to begin with, then the derivative that is based on that guess points us in the wrong direction, and multiplying it by a negative reward corrects that error. Now, going back to the original correct guess, we then plug the updated derivative into gradient descent to calculate the step size. Now, in this example, the learning rate is set to 1.0. So the equation ends up being 1.0 times the updated derivative 0.5. And so the step size is equal to 0.5. Then we calculate the new value for the bias by subtracting the step size 0.5 from the old bias value 0.0. To get the new bias value, negative 0.5. Now we plug the new bias term into our neural network. Now that we have updated the neural network, we have to get some more fries so we can keep training the bias. So we plug in our hunger level, 0.0. And when we do the math, the probability that we will go to norms is now 0.4. That means that the probability we go to squaches, 1 minus p norm, has increased to 0.6. and the probability that we go to norms has decreased to 0.4. Remember, the last time our hunger was 0.0, we went to squaches. And we got what we wanted. So it makes sense that, given the same hunger as before, we now have a higher probability of going to squaches. Now we pick a random number between 0 and 1, and we get 0.9. And because 0.9 is in the region that represents norm's fry hut, that's where we'll go. Now we make the guess that going to norms when we are not hungry is the best thing to do. And if going to norms is the right thing to do, then ideally, the probability of visiting norms should be 1.0. And that means we can quantify the difference between the output and our guess with cross entropy. Thus, the first part of updating the bias is to calculate the derivative of the cross entropy with respect to the bias. Note, before we get started, I want to be clear that we are calculating the cross entropy for going to Norm's fry hut. So, to help us understand what we've done, let' s look at the cross entropies for visitng squaches and going to the fryhut. When we go from squaches to norm' s fry Hut, the crossentropy is -log(p norm) + log(1 - p norm). When we visit norm' hut and go back to squaches, the new crossentroy is - log(p-norm) + 0 (since"
"tinyllama","rl_math_details","2","8","415","And the output from the sigmoid activation function depends on its input, the x-axis coordinate x. And x comes from multiplying the input value, hunger, by the weight, and then adding the bias. Now, to solve for this derivative, we have to use the chain rule. Because p norm, the thing we want to take the derivative with respect to, is inside the log function. So, to apply the chain rule, we create a new variable called stuff, and let stuff equal the stuff inside the log function, one minus p norm. And that means we are solving for the derivative of the negative log of stuff with respect to p norm. The chain rule tells us that the derivative of the negative log of stuff with respect to p norm is the derivative of the negative log of stuff with respect to stuff times the derivative of stuff with respect to P norm. Now, because the derivative of the log of x with respect to x is 1 divided by x, the derivative of the negative log of stuff with respect to stuff is negative 1 divided by stuff. The next term, the derivative of stuff with respect to P norm is negative 1. So we multiply the first term by negative 1. Multiplying negative 1 by negative 1 gives us 1 divided by stuff. Lastly, we plug in 1 minus P norm for stuff And that means the derivative of the cross entropy for visiting squash with respect to the output from the neural network, P-norm, is equal to 1 divided by 1 minus P-norm. So we plug that into the equation. Bam. Now we need to figure out the derivative of P-norm with respect to x, the x-axis coordinate that is used as input to the sigmoid activation function. So, the first thing we do is plug in the equation for the sigmoid activation function. Then we rewrite the fraction as the denominator to the negative one power. Now, because x, the thing we want to take the derivative with respect to is inside parentheses, we can use the chain rule to solve for the derivative. So, just like before, we define stuff to be the stuff inside the parentheses. Then we rewrite the equation with stuff. The chain rule then converts this relatively hard to solve derivative into the product of these two easier to solve derivatives. For the first term, we use the power rule to get negative 1 times stuff raised to the negative 2 power. and the derivative of the second term is negative e raised to the negative x power. Now we just multiply both terms together and plug in one plus e raised to the negative x power for stuff. Now, technically, this is the derivative of the output of the sigmoid activation function, p-norm, with respect to its input, x. However, you never see it like that. Ever. Instead, we split the square in the denominator into two terms multiplied together. Then we put plus one and minus one, which add up to zero, in the numerator of the second term. We then rewrite the second term as the difference of two fractions. Lastly, the first term is the same as the equation for the sigmoid activation function. So we swap the fraction with the function. And the first part of the second term is equal to one. And the second part is the same as the sigmoid activation function. And this is the derivative of the sigmoid activation function that you'll see pretty much everywhere. So we plug that into the equation. Now we need to figure out the derivative of x, the input to the sigmoid activation function with respect to the bias. So the first thing we do is plug in the equation for x. And the derivative with respect to the bias is 1. So we plug that into the equation. Lastly, because p-norm is the output from the sigmoid activation function, we can replace sigmoid x in the derivative with p-norm. Hooray, we finally calculated the derivative of the cross entropy for visiting squash with respect to the bias. Bam! Now let's calculate the value of the derivative. So we plug in P-norm, the output from the neural network is 0.5. And when we do the math, we get 0.5. And thus, the slope of the tangent line for the current bias value is 0.5. Note, if we plugged this derivative directly into gradient descent, it would shift the value of the bias to the left. However, if you remember, this derivative was based on the guess that going to squatches for fries was a good idea. And our guess might not be correct. And if our guess is not correct, then instead of shifting the value for the bias to the left, we actually need to shift the value for the bias to the right. In other words, depending on whether our guess is correct or not, we either need to shift the value for the bias to the left or the right. The good news is that all we need to do to determine how to update the bias is order some fries from squash. In this example, when we order some fries, we get this relatively small serving. However, this is okay because our hunger level is 0.0, meaning we're not hungry at all. So, it was actually a good thing that squash ate some of our fries. In other words, getting a small order of fries when we are not hungry means we made the correct guess. And since we made the correct guess, we set the reward to 1.0. In contrast, if squash had given us a large order of fries, then we wouldn't be hungry enough to eat all of the fries, and that means we made the wrong guess. So, in that case, we would set the reward to negative one. Note, we can use different values for the reward, and we talked about that in the stat quest, reinforcement learning with neural networks, essential concepts. Anyway, going back to when we made the correct guess, and the reward was 1.0, Now we multiply the derivative by the reward. To get an updated derivative that will point us in the correct direction. In this example, we were not hungry and Squatch gave us a small order of fries, so we made the correct guess and the reward equals 1.0. And multiplying the derivative 0.5 by the reward 1.0 means the updated derivative is the same as the original derivative. and the updated derivative tells us to do the same thing as before and shift the value for the bias to the left. In other words, when we make the correct guess to begin with, then the derivative that is based on that guess points us in the correct direction. Note, if we guessed wrong and Squatch gave us a ton of fries even though we were not hungry, Then multiplying the derivative by a negative reward makes it so that the updated derivative, negative 0.5, points in the opposite direction of the original derivative. And instead of shifting the value for the bias to the left, we will shift it to the right. In other words, when we make an incorrect guess to begin with, then the derivative that is based on that guess points us in the wrong direction, and multiplying it by a negative reward corrects that error. Now, going back to the original correct guess, we then plug the updated derivative into gradient descent to calculate the step size. Now, in this example, the learning rate is set to 1.0. So the equation ends up being 1.0 times the updated derivative 0.5. And so the step size is equal to 0.5. Then we calculate the new value for the bias by subtracting the step size 0.5 from the old bias value 0.0. To get the new bias value, negative 0.5. Now we plug the new bias term into our neural network. Now that we have updated the neural network, we have to get some more fries so we can keep training the bias. So we plug in our hunger level, 0.0. And when we do the math, the probability that we will go to norms is now 0.4. That means that the probability we go to squaches, 1 minus p norm, has increased to 0.6. and the probability that we go to norms has decreased to 0.4. Remember, the last time our hunger was 0.0, we went to squaches. And we got what we wanted. So it makes sense that, given the same hunger as before, we now have a higher probability of going to squaches. Now we pick a random number between 0 and 1, and we get 0.9. And because 0.9 is in the region that represents norm's fry hut, that's where we'll go. Now we make the guess that going to norms when we are not hungry is the best thing to do. And if going to norms is the right thing to do, then ideally, the probability of visiting norms should be 1.0. And that means we can quantify the difference between the output and our guess with cross entropy. Thus, the first part of updating the bias is to calculate the derivative of the cross entropy with respect to the bias. Note, before we get started, I want to be clear that we are calculating the cross entropy for going to Norm's fry hut. So, to help us understand what we've done, let' s break down the cross-entropy loss function. Cross entropy loss function is defined as follows. Cross-entroy = -log(p norm) * (1 - p norm). Where p norm represents the probability normalized to 255. So basically, we' re taking the logarithm of the probability, normalizing it to 8 bit values, and taking the difference with the probability for the output. And then we'"
"tinyllama","rl_math_details","2","9","415","And the output from the sigmoid activation function depends on its input, the x-axis coordinate x. And x comes from multiplying the input value, hunger, by the weight, and then adding the bias. Now, to solve for this derivative, we have to use the chain rule. Because p norm, the thing we want to take the derivative with respect to, is inside the log function. So, to apply the chain rule, we create a new variable called stuff, and let stuff equal the stuff inside the log function, one minus p norm. And that means we are solving for the derivative of the negative log of stuff with respect to p norm. The chain rule tells us that the derivative of the negative log of stuff with respect to p norm is the derivative of the negative log of stuff with respect to stuff times the derivative of stuff with respect to P norm. Now, because the derivative of the log of x with respect to x is 1 divided by x, the derivative of the negative log of stuff with respect to stuff is negative 1 divided by stuff. The next term, the derivative of stuff with respect to P norm is negative 1. So we multiply the first term by negative 1. Multiplying negative 1 by negative 1 gives us 1 divided by stuff. Lastly, we plug in 1 minus P norm for stuff And that means the derivative of the cross entropy for visiting squash with respect to the output from the neural network, P-norm, is equal to 1 divided by 1 minus P-norm. So we plug that into the equation. Bam. Now we need to figure out the derivative of P-norm with respect to x, the x-axis coordinate that is used as input to the sigmoid activation function. So, the first thing we do is plug in the equation for the sigmoid activation function. Then we rewrite the fraction as the denominator to the negative one power. Now, because x, the thing we want to take the derivative with respect to is inside parentheses, we can use the chain rule to solve for the derivative. So, just like before, we define stuff to be the stuff inside the parentheses. Then we rewrite the equation with stuff. The chain rule then converts this relatively hard to solve derivative into the product of these two easier to solve derivatives. For the first term, we use the power rule to get negative 1 times stuff raised to the negative 2 power. and the derivative of the second term is negative e raised to the negative x power. Now we just multiply both terms together and plug in one plus e raised to the negative x power for stuff. Now, technically, this is the derivative of the output of the sigmoid activation function, p-norm, with respect to its input, x. However, you never see it like that. Ever. Instead, we split the square in the denominator into two terms multiplied together. Then we put plus one and minus one, which add up to zero, in the numerator of the second term. We then rewrite the second term as the difference of two fractions. Lastly, the first term is the same as the equation for the sigmoid activation function. So we swap the fraction with the function. And the first part of the second term is equal to one. And the second part is the same as the sigmoid activation function. And this is the derivative of the sigmoid activation function that you'll see pretty much everywhere. So we plug that into the equation. Now we need to figure out the derivative of x, the input to the sigmoid activation function with respect to the bias. So the first thing we do is plug in the equation for x. And the derivative with respect to the bias is 1. So we plug that into the equation. Lastly, because p-norm is the output from the sigmoid activation function, we can replace sigmoid x in the derivative with p-norm. Hooray, we finally calculated the derivative of the cross entropy for visiting squash with respect to the bias. Bam! Now let's calculate the value of the derivative. So we plug in P-norm, the output from the neural network is 0.5. And when we do the math, we get 0.5. And thus, the slope of the tangent line for the current bias value is 0.5. Note, if we plugged this derivative directly into gradient descent, it would shift the value of the bias to the left. However, if you remember, this derivative was based on the guess that going to squatches for fries was a good idea. And our guess might not be correct. And if our guess is not correct, then instead of shifting the value for the bias to the left, we actually need to shift the value for the bias to the right. In other words, depending on whether our guess is correct or not, we either need to shift the value for the bias to the left or the right. The good news is that all we need to do to determine how to update the bias is order some fries from squash. In this example, when we order some fries, we get this relatively small serving. However, this is okay because our hunger level is 0.0, meaning we're not hungry at all. So, it was actually a good thing that squash ate some of our fries. In other words, getting a small order of fries when we are not hungry means we made the correct guess. And since we made the correct guess, we set the reward to 1.0. In contrast, if squash had given us a large order of fries, then we wouldn't be hungry enough to eat all of the fries, and that means we made the wrong guess. So, in that case, we would set the reward to negative one. Note, we can use different values for the reward, and we talked about that in the stat quest, reinforcement learning with neural networks, essential concepts. Anyway, going back to when we made the correct guess, and the reward was 1.0, Now we multiply the derivative by the reward. To get an updated derivative that will point us in the correct direction. In this example, we were not hungry and Squatch gave us a small order of fries, so we made the correct guess and the reward equals 1.0. And multiplying the derivative 0.5 by the reward 1.0 means the updated derivative is the same as the original derivative. and the updated derivative tells us to do the same thing as before and shift the value for the bias to the left. In other words, when we make the correct guess to begin with, then the derivative that is based on that guess points us in the correct direction. Note, if we guessed wrong and Squatch gave us a ton of fries even though we were not hungry, Then multiplying the derivative by a negative reward makes it so that the updated derivative, negative 0.5, points in the opposite direction of the original derivative. And instead of shifting the value for the bias to the left, we will shift it to the right. In other words, when we make an incorrect guess to begin with, then the derivative that is based on that guess points us in the wrong direction, and multiplying it by a negative reward corrects that error. Now, going back to the original correct guess, we then plug the updated derivative into gradient descent to calculate the step size. Now, in this example, the learning rate is set to 1.0. So the equation ends up being 1.0 times the updated derivative 0.5. And so the step size is equal to 0.5. Then we calculate the new value for the bias by subtracting the step size 0.5 from the old bias value 0.0. To get the new bias value, negative 0.5. Now we plug the new bias term into our neural network. Now that we have updated the neural network, we have to get some more fries so we can keep training the bias. So we plug in our hunger level, 0.0. And when we do the math, the probability that we will go to norms is now 0.4. That means that the probability we go to squaches, 1 minus p norm, has increased to 0.6. and the probability that we go to norms has decreased to 0.4. Remember, the last time our hunger was 0.0, we went to squaches. And we got what we wanted. So it makes sense that, given the same hunger as before, we now have a higher probability of going to squaches. Now we pick a random number between 0 and 1, and we get 0.9. And because 0.9 is in the region that represents norm's fry hut, that's where we'll go. Now we make the guess that going to norms when we are not hungry is the best thing to do. And if going to norms is the right thing to do, then ideally, the probability of visiting norms should be 1.0. And that means we can quantify the difference between the output and our guess with cross entropy. Thus, the first part of updating the bias is to calculate the derivative of the cross entropy with respect to the bias. Note, before we get started, I want to be clear that we are calculating the cross entropy for going to Norm's fry hut. So, to help us understand this better, let me show you an example. Let's say we've trained our neural net to predict whether we'd go to Norms or Hangrish's Fry Hut. And suppose we' re using cross entropy as our loss function. If we give the neural net an example that looks like this, we expect the neural nets to give us the expected output, 3.7. But if we give them an example looking like this instead"
"tinyllama","rl_math_details","2","10","415","And the output from the sigmoid activation function depends on its input, the x-axis coordinate x. And x comes from multiplying the input value, hunger, by the weight, and then adding the bias. Now, to solve for this derivative, we have to use the chain rule. Because p norm, the thing we want to take the derivative with respect to, is inside the log function. So, to apply the chain rule, we create a new variable called stuff, and let stuff equal the stuff inside the log function, one minus p norm. And that means we are solving for the derivative of the negative log of stuff with respect to p norm. The chain rule tells us that the derivative of the negative log of stuff with respect to p norm is the derivative of the negative log of stuff with respect to stuff times the derivative of stuff with respect to P norm. Now, because the derivative of the log of x with respect to x is 1 divided by x, the derivative of the negative log of stuff with respect to stuff is negative 1 divided by stuff. The next term, the derivative of stuff with respect to P norm is negative 1. So we multiply the first term by negative 1. Multiplying negative 1 by negative 1 gives us 1 divided by stuff. Lastly, we plug in 1 minus P norm for stuff And that means the derivative of the cross entropy for visiting squash with respect to the output from the neural network, P-norm, is equal to 1 divided by 1 minus P-norm. So we plug that into the equation. Bam. Now we need to figure out the derivative of P-norm with respect to x, the x-axis coordinate that is used as input to the sigmoid activation function. So, the first thing we do is plug in the equation for the sigmoid activation function. Then we rewrite the fraction as the denominator to the negative one power. Now, because x, the thing we want to take the derivative with respect to is inside parentheses, we can use the chain rule to solve for the derivative. So, just like before, we define stuff to be the stuff inside the parentheses. Then we rewrite the equation with stuff. The chain rule then converts this relatively hard to solve derivative into the product of these two easier to solve derivatives. For the first term, we use the power rule to get negative 1 times stuff raised to the negative 2 power. and the derivative of the second term is negative e raised to the negative x power. Now we just multiply both terms together and plug in one plus e raised to the negative x power for stuff. Now, technically, this is the derivative of the output of the sigmoid activation function, p-norm, with respect to its input, x. However, you never see it like that. Ever. Instead, we split the square in the denominator into two terms multiplied together. Then we put plus one and minus one, which add up to zero, in the numerator of the second term. We then rewrite the second term as the difference of two fractions. Lastly, the first term is the same as the equation for the sigmoid activation function. So we swap the fraction with the function. And the first part of the second term is equal to one. And the second part is the same as the sigmoid activation function. And this is the derivative of the sigmoid activation function that you'll see pretty much everywhere. So we plug that into the equation. Now we need to figure out the derivative of x, the input to the sigmoid activation function with respect to the bias. So the first thing we do is plug in the equation for x. And the derivative with respect to the bias is 1. So we plug that into the equation. Lastly, because p-norm is the output from the sigmoid activation function, we can replace sigmoid x in the derivative with p-norm. Hooray, we finally calculated the derivative of the cross entropy for visiting squash with respect to the bias. Bam! Now let's calculate the value of the derivative. So we plug in P-norm, the output from the neural network is 0.5. And when we do the math, we get 0.5. And thus, the slope of the tangent line for the current bias value is 0.5. Note, if we plugged this derivative directly into gradient descent, it would shift the value of the bias to the left. However, if you remember, this derivative was based on the guess that going to squatches for fries was a good idea. And our guess might not be correct. And if our guess is not correct, then instead of shifting the value for the bias to the left, we actually need to shift the value for the bias to the right. In other words, depending on whether our guess is correct or not, we either need to shift the value for the bias to the left or the right. The good news is that all we need to do to determine how to update the bias is order some fries from squash. In this example, when we order some fries, we get this relatively small serving. However, this is okay because our hunger level is 0.0, meaning we're not hungry at all. So, it was actually a good thing that squash ate some of our fries. In other words, getting a small order of fries when we are not hungry means we made the correct guess. And since we made the correct guess, we set the reward to 1.0. In contrast, if squash had given us a large order of fries, then we wouldn't be hungry enough to eat all of the fries, and that means we made the wrong guess. So, in that case, we would set the reward to negative one. Note, we can use different values for the reward, and we talked about that in the stat quest, reinforcement learning with neural networks, essential concepts. Anyway, going back to when we made the correct guess, and the reward was 1.0, Now we multiply the derivative by the reward. To get an updated derivative that will point us in the correct direction. In this example, we were not hungry and Squatch gave us a small order of fries, so we made the correct guess and the reward equals 1.0. And multiplying the derivative 0.5 by the reward 1.0 means the updated derivative is the same as the original derivative. and the updated derivative tells us to do the same thing as before and shift the value for the bias to the left. In other words, when we make the correct guess to begin with, then the derivative that is based on that guess points us in the correct direction. Note, if we guessed wrong and Squatch gave us a ton of fries even though we were not hungry, Then multiplying the derivative by a negative reward makes it so that the updated derivative, negative 0.5, points in the opposite direction of the original derivative. And instead of shifting the value for the bias to the left, we will shift it to the right. In other words, when we make an incorrect guess to begin with, then the derivative that is based on that guess points us in the wrong direction, and multiplying it by a negative reward corrects that error. Now, going back to the original correct guess, we then plug the updated derivative into gradient descent to calculate the step size. Now, in this example, the learning rate is set to 1.0. So the equation ends up being 1.0 times the updated derivative 0.5. And so the step size is equal to 0.5. Then we calculate the new value for the bias by subtracting the step size 0.5 from the old bias value 0.0. To get the new bias value, negative 0.5. Now we plug the new bias term into our neural network. Now that we have updated the neural network, we have to get some more fries so we can keep training the bias. So we plug in our hunger level, 0.0. And when we do the math, the probability that we will go to norms is now 0.4. That means that the probability we go to squaches, 1 minus p norm, has increased to 0.6. and the probability that we go to norms has decreased to 0.4. Remember, the last time our hunger was 0.0, we went to squaches. And we got what we wanted. So it makes sense that, given the same hunger as before, we now have a higher probability of going to squaches. Now we pick a random number between 0 and 1, and we get 0.9. And because 0.9 is in the region that represents norm's fry hut, that's where we'll go. Now we make the guess that going to norms when we are not hungry is the best thing to do. And if going to norms is the right thing to do, then ideally, the probability of visiting norms should be 1.0. And that means we can quantify the difference between the output and our guess with cross entropy. Thus, the first part of updating the bias is to calculate the derivative of the cross entropy with respect to the bias. Note, before we get started, I want to be clear that we are calculating the cross entropy for going to Norm's fry hut. So, to help us understand why we care about this, let me give you an analogy. Suppose you're trying to learn to play chess. You start playing chess, and you don't know anything about chess yet. But you think you've learned something. And then you realize that you donated your opponent's pawn. And you wonder how to undo that move. Well, that is exactly analogous to what happens when we try to learn the neural net"
